a2time01_lite	74364	[031]	2602676.144908	1	cpu/event=0xD0,umask=0x81/u	7f7cd32f4c30	_start	(/lib/x86_64-linux-gnu/ld-2.23.so)
a2time01_lite	74364	[031]	2602676.144923	1	cpu/event=0xD0,umask=0x81/u	7f7cd32f4c30	_start	(/lib/x86_64-linux-gnu/ld-2.23.so)
a2time01_lite	74364	[031]	2602676.144929	2	cpu/event=0xD0,umask=0x81/u	7f7cd32f4c30	_start	(/lib/x86_64-linux-gnu/ld-2.23.so)
a2time01_lite	74364	[031]	2602676.144935	6	cpu/event=0xD0,umask=0x81/u	7f7cd32f4c30	_start	(/lib/x86_64-linux-gnu/ld-2.23.so)
a2time01_lite	74364	[031]	2602676.144946	19	cpu/event=0xD0,umask=0x81/u	7f7cd32f4c30	_start	(/lib/x86_64-linux-gnu/ld-2.23.so)
a2time01_lite	74364	[031]	2602676.144994	38	cpu/event=0xD0,umask=0x81/u	7f7cd32f59c6	_dl_start	(/lib/x86_64-linux-gnu/ld-2.23.so)
a2time01_lite	74364	[031]	2602676.145036	44	cpu/event=0xD0,umask=0x81/u	7f7cd32f5a53	_dl_start	(/lib/x86_64-linux-gnu/ld-2.23.so)
a2time01_lite	74364	[031]	2602676.145050	52	cpu/event=0xD0,umask=0x81/u	7f7cd32f5cc8	_dl_start	(/lib/x86_64-linux-gnu/ld-2.23.so)
a2time01_lite	74364	[031]	2602676.145078	93	cpu/event=0xD0,umask=0x81/u	ffffffff8186d5d0	page_fault	([kernel.kallsyms])
a2time01_lite	74364	[031]	2602676.145101	123	cpu/event=0xD0,umask=0x81/u	7f7cd330d7e8	_dl_sysdep_start	(/lib/x86_64-linux-gnu/ld-2.23.so)
a2time01_lite	74364	[031]	2602676.145126	173	cpu/event=0xD0,umask=0x81/u	7f7cd330dccf	_dl_next_ld_env_entry	(/lib/x86_64-linux-gnu/ld-2.23.so)
a2time01_lite	74364	[031]	2602676.145162	240	cpu/event=0xD0,umask=0x81/u	7f7cd32ffaa2	_dl_setup_hash	(/lib/x86_64-linux-gnu/ld-2.23.so)
a2time01_lite	74364	[031]	2602676.145199	294	cpu/event=0xD0,umask=0x81/u	7f7cd3311cda	mempcpy	(/lib/x86_64-linux-gnu/ld-2.23.so)
a2time01_lite	74364	[031]	2602676.145249	356	cpu/event=0xD0,umask=0x81/u	7f7cd330f3d0	close	(/lib/x86_64-linux-gnu/ld-2.23.so)
a2time01_lite	74364	[031]	2602676.145293	401	cpu/event=0xD0,umask=0x81/u	7f7cd330ddb3	__libc_memalign	(/lib/x86_64-linux-gnu/ld-2.23.so)
a2time01_lite	74364	[031]	2602676.145377	465	cpu/event=0xD0,umask=0x81/u	7f7cd32fcabb	_dl_map_object	(/lib/x86_64-linux-gnu/ld-2.23.so)
a2time01_lite	74364	[031]	2602676.145402	476	cpu/event=0xD0,umask=0x81/u	7f7cd3311d20	mempcpy	(/lib/x86_64-linux-gnu/ld-2.23.so)
a2time01_lite	74364	[031]	2602676.145484	663	cpu/event=0xD0,umask=0x81/u	7f7cd330faec	strcmp	(/lib/x86_64-linux-gnu/ld-2.23.so)
a2time01_lite	74364	[031]	2602676.145514	681	cpu/event=0xD0,umask=0x81/u	7f7cd3305b13	match_symbol	(/lib/x86_64-linux-gnu/ld-2.23.so)
a2time01_lite	74364	[031]	2602676.145533	881	cpu/event=0xD0,umask=0x81/u	7f7cd3305ebf	_dl_check_map_versions	(/lib/x86_64-linux-gnu/ld-2.23.so)
a2time01_lite	74364	[031]	2602676.145595	1355	cpu/event=0xD0,umask=0x81/u	7f7cd3300630	_dl_relocate_object	(/lib/x86_64-linux-gnu/ld-2.23.so)
a2time01_lite	74364	[031]	2602676.145616	1460	cpu/event=0xD0,umask=0x81/u	7f7cd330063f	_dl_relocate_object	(/lib/x86_64-linux-gnu/ld-2.23.so)
a2time01_lite	74364	[031]	2602676.145643	2130	cpu/event=0xD0,umask=0x81/u	7f7cd3300654	_dl_relocate_object	(/lib/x86_64-linux-gnu/ld-2.23.so)
a2time01_lite	74364	[031]	2602676.145672	2861	cpu/event=0xD0,umask=0x81/u	7f7cd33007dc	_dl_relocate_object	(/lib/x86_64-linux-gnu/ld-2.23.so)
a2time01_lite	74364	[031]	2602676.145707	3746	cpu/event=0xD0,umask=0x81/u	7f7cd33105e0	strcmp	(/lib/x86_64-linux-gnu/ld-2.23.so)
a2time01_lite	74364	[031]	2602676.145738	4611	cpu/event=0xD0,umask=0x81/u	7f7cd32feafe	_dl_lookup_symbol_x	(/lib/x86_64-linux-gnu/ld-2.23.so)
a2time01_lite	74364	[031]	2602676.145771	5892	cpu/event=0xD0,umask=0x81/u	7f7cd32fea20	_dl_lookup_symbol_x	(/lib/x86_64-linux-gnu/ld-2.23.so)
a2time01_lite	74364	[031]	2602676.145962	7370	cpu/event=0xD0,umask=0x81/u	7f7cd32fe620	do_lookup_x	(/lib/x86_64-linux-gnu/ld-2.23.so)
a2time01_lite	74364	[031]	2602676.146032	6934	cpu/event=0xD0,umask=0x81/u	7f7cd2d64364	_dl_addr	(/lib/x86_64-linux-gnu/libc-2.23.so)
a2time01_lite	74364	[031]	2602676.146078	7302	cpu/event=0xD0,umask=0x81/u	7f7cd2ca65ce	ptmalloc_init.part.5	(/lib/x86_64-linux-gnu/libc-2.23.so)
a2time01_lite	74364	[031]	2602676.146180	8379	cpu/event=0xD0,umask=0x81/u	400b3c	t_run_test	(/home/koga/autobench_perf/src/autobench/a2time01_lite)
a2time01_lite	74364	[031]	2602676.146256	8359	cpu/event=0xD0,umask=0x81/u	4012f3	t_run_test	(/home/koga/autobench_perf/src/autobench/a2time01_lite)
a2time01_lite	74364	[031]	2602676.146319	8690	cpu/event=0xD0,umask=0x81/u	400c2b	t_run_test	(/home/koga/autobench_perf/src/autobench/a2time01_lite)
a2time01_lite	74364	[031]	2602676.146379	9334	cpu/event=0xD0,umask=0x81/u	4012f3	t_run_test	(/home/koga/autobench_perf/src/autobench/a2time01_lite)
a2time01_lite	74364	[031]	2602676.146443	10098	cpu/event=0xD0,umask=0x81/u	400f8f	t_run_test	(/home/koga/autobench_perf/src/autobench/a2time01_lite)
a2time01_lite	74364	[031]	2602676.146508	10820	cpu/event=0xD0,umask=0x81/u	400c2b	t_run_test	(/home/koga/autobench_perf/src/autobench/a2time01_lite)
a2time01_lite	74364	[031]	2602676.146580	11538	cpu/event=0xD0,umask=0x81/u	400f8f	t_run_test	(/home/koga/autobench_perf/src/autobench/a2time01_lite)
a2time01_lite	74364	[031]	2602676.146650	12092	cpu/event=0xD0,umask=0x81/u	400c1e	t_run_test	(/home/koga/autobench_perf/src/autobench/a2time01_lite)
a2time01_lite	74364	[031]	2602676.146722	12733	cpu/event=0xD0,umask=0x81/u	400c2b	t_run_test	(/home/koga/autobench_perf/src/autobench/a2time01_lite)
a2time01_lite	74364	[031]	2602676.146795	13365	cpu/event=0xD0,umask=0x81/u	400c2b	t_run_test	(/home/koga/autobench_perf/src/autobench/a2time01_lite)
a2time01_lite	74364	[031]	2602676.146871	13972	cpu/event=0xD0,umask=0x81/u	400c2b	t_run_test	(/home/koga/autobench_perf/src/autobench/a2time01_lite)
a2time01_lite	74364	[031]	2602676.146949	14524	cpu/event=0xD0,umask=0x81/u	400c1e	t_run_test	(/home/koga/autobench_perf/src/autobench/a2time01_lite)
a2time01_lite	74364	[031]	2602676.147034	15039	cpu/event=0xD0,umask=0x81/u	400f8f	t_run_test	(/home/koga/autobench_perf/src/autobench/a2time01_lite)
a2time01_lite	74364	[031]	2602676.147116	15371	cpu/event=0xD0,umask=0x81/u	400f8f	t_run_test	(/home/koga/autobench_perf/src/autobench/a2time01_lite)
a2time01_lite	74364	[031]	2602676.147199	15813	cpu/event=0xD0,umask=0x81/u	400f8f	t_run_test	(/home/koga/autobench_perf/src/autobench/a2time01_lite)
a2time01_lite	74364	[031]	2602676.147284	16200	cpu/event=0xD0,umask=0x81/u	4012f3	t_run_test	(/home/koga/autobench_perf/src/autobench/a2time01_lite)
a2time01_lite	74364	[031]	2602676.147366	16565	cpu/event=0xD0,umask=0x81/u	400f8f	t_run_test	(/home/koga/autobench_perf/src/autobench/a2time01_lite)
a2time01_lite	74364	[031]	2602676.147453	17035	cpu/event=0xD0,umask=0x81/u	400c2b	t_run_test	(/home/koga/autobench_perf/src/autobench/a2time01_lite)
a2time01_lite	74364	[031]	2602676.147548	17350	cpu/event=0xD0,umask=0x81/u	4012f3	t_run_test	(/home/koga/autobench_perf/src/autobench/a2time01_lite)
a2time01_lite	74364	[031]	2602676.147638	17458	cpu/event=0xD0,umask=0x81/u	400c2b	t_run_test	(/home/koga/autobench_perf/src/autobench/a2time01_lite)
a2time01_lite	74364	[031]	2602676.147730	17688	cpu/event=0xD0,umask=0x81/u	400f8f	t_run_test	(/home/koga/autobench_perf/src/autobench/a2time01_lite)
a2time01_lite	74364	[031]	2602676.147822	17896	cpu/event=0xD0,umask=0x81/u	400c2b	t_run_test	(/home/koga/autobench_perf/src/autobench/a2time01_lite)
a2time01_lite	74364	[031]	2602676.147914	18094	cpu/event=0xD0,umask=0x81/u	400c2b	t_run_test	(/home/koga/autobench_perf/src/autobench/a2time01_lite)
a2time01_lite	74364	[031]	2602676.148007	18290	cpu/event=0xD0,umask=0x81/u	400c2b	t_run_test	(/home/koga/autobench_perf/src/autobench/a2time01_lite)
a2time01_lite	74364	[031]	2602676.148107	18446	cpu/event=0xD0,umask=0x81/u	4012df	t_run_test	(/home/koga/autobench_perf/src/autobench/a2time01_lite)
a2time01_lite	74364	[031]	2602676.148201	18461	cpu/event=0xD0,umask=0x81/u	400c2b	t_run_test	(/home/koga/autobench_perf/src/autobench/a2time01_lite)
a2time01_lite	74364	[031]	2602676.148296	18601	cpu/event=0xD0,umask=0x81/u	4012f3	t_run_test	(/home/koga/autobench_perf/src/autobench/a2time01_lite)
a2time01_lite	74364	[031]	2602676.148391	18724	cpu/event=0xD0,umask=0x81/u	400c2b	t_run_test	(/home/koga/autobench_perf/src/autobench/a2time01_lite)
a2time01_lite	74364	[031]	2602676.148487	18842	cpu/event=0xD0,umask=0x81/u	4012f3	t_run_test	(/home/koga/autobench_perf/src/autobench/a2time01_lite)
a2time01_lite	74364	[031]	2602676.148582	18960	cpu/event=0xD0,umask=0x81/u	400f8f	t_run_test	(/home/koga/autobench_perf/src/autobench/a2time01_lite)
a2time01_lite	74364	[031]	2602676.148702	18176	cpu/event=0xD0,umask=0x81/u	400f8f	t_run_test	(/home/koga/autobench_perf/src/autobench/a2time01_lite)
a2time01_lite	74364	[031]	2602676.148795	17812	cpu/event=0xD0,umask=0x81/u	400f8f	t_run_test	(/home/koga/autobench_perf/src/autobench/a2time01_lite)
a2time01_lite	74364	[031]	2602676.148886	17972	cpu/event=0xD0,umask=0x81/u	400f8f	t_run_test	(/home/koga/autobench_perf/src/autobench/a2time01_lite)
a2time01_lite	74364	[031]	2602676.148979	18180	cpu/event=0xD0,umask=0x81/u	400c2b	t_run_test	(/home/koga/autobench_perf/src/autobench/a2time01_lite)
a2time01_lite	74364	[031]	2602676.149072	18363	cpu/event=0xD0,umask=0x81/u	400c2b	t_run_test	(/home/koga/autobench_perf/src/autobench/a2time01_lite)
a2time01_lite	74364	[031]	2602676.149170	18541	cpu/event=0xD0,umask=0x81/u	400f8f	t_run_test	(/home/koga/autobench_perf/src/autobench/a2time01_lite)
a2time01_lite	74364	[031]	2602676.149265	18575	cpu/event=0xD0,umask=0x81/u	400c2b	t_run_test	(/home/koga/autobench_perf/src/autobench/a2time01_lite)
a2time01_lite	74364	[031]	2602676.149360	18705	cpu/event=0xD0,umask=0x81/u	400f8f	t_run_test	(/home/koga/autobench_perf/src/autobench/a2time01_lite)
a2time01_lite	74364	[031]	2602676.149455	18836	cpu/event=0xD0,umask=0x81/u	4012f3	t_run_test	(/home/koga/autobench_perf/src/autobench/a2time01_lite)
a2time01_lite	74364	[031]	2602676.149551	18960	cpu/event=0xD0,umask=0x81/u	400c2b	t_run_test	(/home/koga/autobench_perf/src/autobench/a2time01_lite)
a2time01_lite	74364	[031]	2602676.149652	19060	cpu/event=0xD0,umask=0x81/u	400c2b	t_run_test	(/home/koga/autobench_perf/src/autobench/a2time01_lite)
a2time01_lite	74364	[031]	2602676.149748	19032	cpu/event=0xD0,umask=0x81/u	4012f3	t_run_test	(/home/koga/autobench_perf/src/autobench/a2time01_lite)
a2time01_lite	74364	[031]	2602676.149844	19122	cpu/event=0xD0,umask=0x81/u	400c2b	t_run_test	(/home/koga/autobench_perf/src/autobench/a2time01_lite)
a2time01_lite	74364	[031]	2602676.149942	19221	cpu/event=0xD0,umask=0x81/u	400b70	t_run_test	(/home/koga/autobench_perf/src/autobench/a2time01_lite)
a2time01_lite	74364	[031]	2602676.150044	19291	cpu/event=0xD0,umask=0x81/u	400b70	t_run_test	(/home/koga/autobench_perf/src/autobench/a2time01_lite)
a2time01_lite	74364	[031]	2602676.150141	19240	cpu/event=0xD0,umask=0x81/u	400c2b	t_run_test	(/home/koga/autobench_perf/src/autobench/a2time01_lite)
a2time01_lite	74364	[031]	2602676.150238	19302	cpu/event=0xD0,umask=0x81/u	4012dd	t_run_test	(/home/koga/autobench_perf/src/autobench/a2time01_lite)
a2time01_lite	74364	[031]	2602676.150341	19387	cpu/event=0xD0,umask=0x81/u	400f86	t_run_test	(/home/koga/autobench_perf/src/autobench/a2time01_lite)
a2time01_lite	74364	[031]	2602676.150439	19314	cpu/event=0xD0,umask=0x81/u	4012f3	t_run_test	(/home/koga/autobench_perf/src/autobench/a2time01_lite)
a2time01_lite	74364	[031]	2602676.150536	19373	cpu/event=0xD0,umask=0x81/u	401652	t_run_test	(/home/koga/autobench_perf/src/autobench/a2time01_lite)
a2time01_lite	74364	[031]	2602676.150634	19435	cpu/event=0xD0,umask=0x81/u	401295	t_run_test	(/home/koga/autobench_perf/src/autobench/a2time01_lite)
a2time01_lite	74364	[031]	2602676.150737	19480	cpu/event=0xD0,umask=0x81/u	400f8f	t_run_test	(/home/koga/autobench_perf/src/autobench/a2time01_lite)
a2time01_lite	74364	[031]	2602676.150836	19412	cpu/event=0xD0,umask=0x81/u	400f8f	t_run_test	(/home/koga/autobench_perf/src/autobench/a2time01_lite)
a2time01_lite	74364	[031]	2602676.150939	19448	cpu/event=0xD0,umask=0x81/u	400f8f	t_run_test	(/home/koga/autobench_perf/src/autobench/a2time01_lite)
a2time01_lite	74364	[031]	2602676.151037	19379	cpu/event=0xD0,umask=0x81/u	400c1e	t_run_test	(/home/koga/autobench_perf/src/autobench/a2time01_lite)
a2time01_lite	74364	[031]	2602676.151135	19426	cpu/event=0xD0,umask=0x81/u	4012aa	t_run_test	(/home/koga/autobench_perf/src/autobench/a2time01_lite)
a2time01_lite	74364	[031]	2602676.151238	19486	cpu/event=0xD0,umask=0x81/u	400c2b	t_run_test	(/home/koga/autobench_perf/src/autobench/a2time01_lite)
a2time01_lite	74364	[031]	2602676.151336	19414	cpu/event=0xD0,umask=0x81/u	400f65	t_run_test	(/home/koga/autobench_perf/src/autobench/a2time01_lite)
a2time01_lite	74364	[031]	2602676.151434	19459	cpu/event=0xD0,umask=0x81/u	400f65	t_run_test	(/home/koga/autobench_perf/src/autobench/a2time01_lite)
a2time01_lite	74364	[031]	2602676.151537	19509	cpu/event=0xD0,umask=0x81/u	401603	t_run_test	(/home/koga/autobench_perf/src/autobench/a2time01_lite)
a2time01_lite	74364	[031]	2602676.151635	19437	cpu/event=0xD0,umask=0x81/u	4012f3	t_run_test	(/home/koga/autobench_perf/src/autobench/a2time01_lite)
a2time01_lite	74364	[031]	2602676.151739	19479	cpu/event=0xD0,umask=0x81/u	400f8f	t_run_test	(/home/koga/autobench_perf/src/autobench/a2time01_lite)
a2time01_lite	74364	[031]	2602676.151837	19395	cpu/event=0xD0,umask=0x81/u	400f8f	t_run_test	(/home/koga/autobench_perf/src/autobench/a2time01_lite)
a2time01_lite	74364	[031]	2602676.151939	19451	cpu/event=0xD0,umask=0x81/u	400c1e	t_run_test	(/home/koga/autobench_perf/src/autobench/a2time01_lite)
a2time01_lite	74364	[031]	2602676.152037	19385	cpu/event=0xD0,umask=0x81/u	4012dd	t_run_test	(/home/koga/autobench_perf/src/autobench/a2time01_lite)
a2time01_lite	74364	[031]	2602676.152140	19442	cpu/event=0xD0,umask=0x81/u	400f8f	t_run_test	(/home/koga/autobench_perf/src/autobench/a2time01_lite)
a2time01_lite	74364	[031]	2602676.152238	19378	cpu/event=0xD0,umask=0x81/u	400c2b	t_run_test	(/home/koga/autobench_perf/src/autobench/a2time01_lite)
a2time01_lite	74364	[031]	2602676.152341	19419	cpu/event=0xD0,umask=0x81/u	400f8f	t_run_test	(/home/koga/autobench_perf/src/autobench/a2time01_lite)
a2time01_lite	74364	[031]	2602676.152439	19355	cpu/event=0xD0,umask=0x81/u	40168a	t_run_test	(/home/koga/autobench_perf/src/autobench/a2time01_lite)
a2time01_lite	74364	[031]	2602676.152541	19411	cpu/event=0xD0,umask=0x81/u	4012f3	t_run_test	(/home/koga/autobench_perf/src/autobench/a2time01_lite)
a2time01_lite	74364	[031]	2602676.152656	19345	cpu/event=0xD0,umask=0x81/u	400c2b	t_run_test	(/home/koga/autobench_perf/src/autobench/a2time01_lite)
a2time01_lite	74364	[031]	2602676.152760	19028	cpu/event=0xD0,umask=0x81/u	400c2b	t_run_test	(/home/koga/autobench_perf/src/autobench/a2time01_lite)
a2time01_lite	74364	[031]	2602676.152862	18947	cpu/event=0xD0,umask=0x81/u	400c2b	t_run_test	(/home/koga/autobench_perf/src/autobench/a2time01_lite)
a2time01_lite	74364	[031]	2602676.152963	18904	cpu/event=0xD0,umask=0x81/u	400c1e	t_run_test	(/home/koga/autobench_perf/src/autobench/a2time01_lite)
a2time01_lite	74364	[031]	2602676.153059	18884	cpu/event=0xD0,umask=0x81/u	4012f3	t_run_test	(/home/koga/autobench_perf/src/autobench/a2time01_lite)
a2time01_lite	74364	[031]	2602676.153160	18970	cpu/event=0xD0,umask=0x81/u	400f8f	t_run_test	(/home/koga/autobench_perf/src/autobench/a2time01_lite)
a2time01_lite	74364	[031]	2602676.153261	18950	cpu/event=0xD0,umask=0x81/u	400f8f	t_run_test	(/home/koga/autobench_perf/src/autobench/a2time01_lite)
a2time01_lite	74364	[031]	2602676.153357	18931	cpu/event=0xD0,umask=0x81/u	4012f3	t_run_test	(/home/koga/autobench_perf/src/autobench/a2time01_lite)
a2time01_lite	74364	[031]	2602676.153459	19036	cpu/event=0xD0,umask=0x81/u	400f8f	t_run_test	(/home/koga/autobench_perf/src/autobench/a2time01_lite)
a2time01_lite	74364	[031]	2602676.153560	18998	cpu/event=0xD0,umask=0x81/u	4012f3	t_run_test	(/home/koga/autobench_perf/src/autobench/a2time01_lite)
a2time01_lite	74364	[031]	2602676.153661	18970	cpu/event=0xD0,umask=0x81/u	400f65	t_run_test	(/home/koga/autobench_perf/src/autobench/a2time01_lite)
a2time01_lite	74364	[031]	2602676.153762	18938	cpu/event=0xD0,umask=0x81/u	4012f3	t_run_test	(/home/koga/autobench_perf/src/autobench/a2time01_lite)
a2time01_lite	74364	[031]	2602676.153859	18910	cpu/event=0xD0,umask=0x81/u	4012f3	t_run_test	(/home/koga/autobench_perf/src/autobench/a2time01_lite)
a2time01_lite	74364	[031]	2602676.153960	18995	cpu/event=0xD0,umask=0x81/u	400b70	t_run_test	(/home/koga/autobench_perf/src/autobench/a2time01_lite)
a2time01_lite	74364	[031]	2602676.154061	18976	cpu/event=0xD0,umask=0x81/u	400f8f	t_run_test	(/home/koga/autobench_perf/src/autobench/a2time01_lite)
a2time01_lite	74364	[031]	2602676.154162	18942	cpu/event=0xD0,umask=0x81/u	400c2b	t_run_test	(/home/koga/autobench_perf/src/autobench/a2time01_lite)
a2time01_lite	74364	[031]	2602676.154264	18918	cpu/event=0xD0,umask=0x81/u	400c1e	t_run_test	(/home/koga/autobench_perf/src/autobench/a2time01_lite)
a2time01_lite	74364	[031]	2602676.154359	18890	cpu/event=0xD0,umask=0x81/u	400f8f	t_run_test	(/home/koga/autobench_perf/src/autobench/a2time01_lite)
a2time01_lite	74364	[031]	2602676.154460	19004	cpu/event=0xD0,umask=0x81/u	400c2b	t_run_test	(/home/koga/autobench_perf/src/autobench/a2time01_lite)
a2time01_lite	74364	[031]	2602676.154561	18990	cpu/event=0xD0,umask=0x81/u	400f8f	t_run_test	(/home/koga/autobench_perf/src/autobench/a2time01_lite)
a2time01_lite	74364	[031]	2602676.154662	18967	cpu/event=0xD0,umask=0x81/u	400bdb	t_run_test	(/home/koga/autobench_perf/src/autobench/a2time01_lite)
a2time01_lite	74364	[031]	2602676.154763	18936	cpu/event=0xD0,umask=0x81/u	400c2b	t_run_test	(/home/koga/autobench_perf/src/autobench/a2time01_lite)
a2time01_lite	74364	[031]	2602676.154865	18908	cpu/event=0xD0,umask=0x81/u	4012f3	t_run_test	(/home/koga/autobench_perf/src/autobench/a2time01_lite)
a2time01_lite	74364	[031]	2602676.154965	18882	cpu/event=0xD0,umask=0x81/u	400f86	t_run_test	(/home/koga/autobench_perf/src/autobench/a2time01_lite)
a2time01_lite	74364	[031]	2602676.155061	18868	cpu/event=0xD0,umask=0x81/u	400c2b	t_run_test	(/home/koga/autobench_perf/src/autobench/a2time01_lite)
a2time01_lite	74364	[031]	2602676.155161	18981	cpu/event=0xD0,umask=0x81/u	4012f3	t_run_test	(/home/koga/autobench_perf/src/autobench/a2time01_lite)
a2time01_lite	74364	[031]	2602676.155262	18968	cpu/event=0xD0,umask=0x81/u	400c2b	t_run_test	(/home/koga/autobench_perf/src/autobench/a2time01_lite)
a2time01_lite	74364	[031]	2602676.155364	18952	cpu/event=0xD0,umask=0x81/u	4012f3	t_run_test	(/home/koga/autobench_perf/src/autobench/a2time01_lite)
a2time01_lite	74364	[031]	2602676.155465	18910	cpu/event=0xD0,umask=0x81/u	4012f3	t_run_test	(/home/koga/autobench_perf/src/autobench/a2time01_lite)
a2time01_lite	74364	[031]	2602676.155566	18881	cpu/event=0xD0,umask=0x81/u	4012f3	t_run_test	(/home/koga/autobench_perf/src/autobench/a2time01_lite)
a2time01_lite	74364	[031]	2602676.155666	18862	cpu/event=0xD0,umask=0x81/u	4012f3	t_run_test	(/home/koga/autobench_perf/src/autobench/a2time01_lite)
a2time01_lite	74364	[031]	2602676.155768	18859	cpu/event=0xD0,umask=0x81/u	4012f3	t_run_test	(/home/koga/autobench_perf/src/autobench/a2time01_lite)
a2time01_lite	74364	[031]	2602676.155869	18818	cpu/event=0xD0,umask=0x81/u	400c2b	t_run_test	(/home/koga/autobench_perf/src/autobench/a2time01_lite)
a2time01_lite	74364	[031]	2602676.155969	18806	cpu/event=0xD0,umask=0x81/u	401603	t_run_test	(/home/koga/autobench_perf/src/autobench/a2time01_lite)
a2time01_lite	74364	[031]	2602676.156069	18804	cpu/event=0xD0,umask=0x81/u	400c0e	t_run_test	(/home/koga/autobench_perf/src/autobench/a2time01_lite)
a2time01_lite	74364	[031]	2602676.156170	18797	cpu/event=0xD0,umask=0x81/u	4012f3	t_run_test	(/home/koga/autobench_perf/src/autobench/a2time01_lite)
a2time01_lite	74364	[031]	2602676.156270	18776	cpu/event=0xD0,umask=0x81/u	400c07	t_run_test	(/home/koga/autobench_perf/src/autobench/a2time01_lite)
a2time01_lite	74364	[031]	2602676.156365	18776	cpu/event=0xD0,umask=0x81/u	400f8f	t_run_test	(/home/koga/autobench_perf/src/autobench/a2time01_lite)
a2time01_lite	74364	[031]	2602676.156466	18899	cpu/event=0xD0,umask=0x81/u	400c2b	t_run_test	(/home/koga/autobench_perf/src/autobench/a2time01_lite)
a2time01_lite	74364	[031]	2602676.156567	18890	cpu/event=0xD0,umask=0x81/u	400c2b	t_run_test	(/home/koga/autobench_perf/src/autobench/a2time01_lite)
a2time01_lite	74364	[031]	2602676.156685	18868	cpu/event=0xD0,umask=0x81/u	400c2b	t_run_test	(/home/koga/autobench_perf/src/autobench/a2time01_lite)
a2time01_lite	74364	[031]	2602676.156785	18502	cpu/event=0xD0,umask=0x81/u	4012f3	t_run_test	(/home/koga/autobench_perf/src/autobench/a2time01_lite)
a2time01_lite	74364	[031]	2602676.156885	18498	cpu/event=0xD0,umask=0x81/u	400c2b	t_run_test	(/home/koga/autobench_perf/src/autobench/a2time01_lite)
a2time01_lite	74364	[031]	2602676.156984	18502	cpu/event=0xD0,umask=0x81/u	400c2b	t_run_test	(/home/koga/autobench_perf/src/autobench/a2time01_lite)
a2time01_lite	74364	[031]	2602676.157083	18529	cpu/event=0xD0,umask=0x81/u	400c1e	t_run_test	(/home/koga/autobench_perf/src/autobench/a2time01_lite)
a2time01_lite	74364	[031]	2602676.157188	18552	cpu/event=0xD0,umask=0x81/u	400c0e	t_run_test	(/home/koga/autobench_perf/src/autobench/a2time01_lite)
a2time01_lite	74364	[031]	2602676.157280	18444	cpu/event=0xD0,umask=0x81/u	4012f3	t_run_test	(/home/koga/autobench_perf/src/autobench/a2time01_lite)
a2time01_lite	74364	[031]	2602676.157371	18649	cpu/event=0xD0,umask=0x81/u	4012f3	t_run_test	(/home/koga/autobench_perf/src/autobench/a2time01_lite)
a2time01_lite	74364	[031]	2602676.157463	18874	cpu/event=0xD0,umask=0x81/u	400c2b	t_run_test	(/home/koga/autobench_perf/src/autobench/a2time01_lite)
a2time01_lite	74364	[031]	2602676.157556	19076	cpu/event=0xD0,umask=0x81/u	400c2b	t_run_test	(/home/koga/autobench_perf/src/autobench/a2time01_lite)
a2time01_lite	74364	[031]	2602676.157645	19251	cpu/event=0xD0,umask=0x81/u	400c1e	t_run_test	(/home/koga/autobench_perf/src/autobench/a2time01_lite)
a2time01_lite	74364	[031]	2602676.157739	19555	cpu/event=0xD0,umask=0x81/u	400f8f	t_run_test	(/home/koga/autobench_perf/src/autobench/a2time01_lite)
a2time01_lite	74364	[031]	2602676.157835	19710	cpu/event=0xD0,umask=0x81/u	4012f3	t_run_test	(/home/koga/autobench_perf/src/autobench/a2time01_lite)
a2time01_lite	74364	[031]	2602676.157931	19832	cpu/event=0xD0,umask=0x81/u	4012f3	t_run_test	(/home/koga/autobench_perf/src/autobench/a2time01_lite)
a2time01_lite	74364	[031]	2602676.158028	19923	cpu/event=0xD0,umask=0x81/u	400c2b	t_run_test	(/home/koga/autobench_perf/src/autobench/a2time01_lite)
a2time01_lite	74364	[031]	2602676.158125	20009	cpu/event=0xD0,umask=0x81/u	4012f3	t_run_test	(/home/koga/autobench_perf/src/autobench/a2time01_lite)
a2time01_lite	74364	[031]	2602676.158221	20091	cpu/event=0xD0,umask=0x81/u	401603	t_run_test	(/home/koga/autobench_perf/src/autobench/a2time01_lite)
a2time01_lite	74364	[031]	2602676.158319	20173	cpu/event=0xD0,umask=0x81/u	400f65	t_run_test	(/home/koga/autobench_perf/src/autobench/a2time01_lite)
a2time01_lite	74364	[031]	2602676.158416	20242	cpu/event=0xD0,umask=0x81/u	400c2b	t_run_test	(/home/koga/autobench_perf/src/autobench/a2time01_lite)
a2time01_lite	74364	[031]	2602676.158514	20304	cpu/event=0xD0,umask=0x81/u	400c2b	t_run_test	(/home/koga/autobench_perf/src/autobench/a2time01_lite)
a2time01_lite	74364	[031]	2602676.158613	20362	cpu/event=0xD0,umask=0x81/u	4012f3	t_run_test	(/home/koga/autobench_perf/src/autobench/a2time01_lite)
a2time01_lite	74364	[031]	2602676.158711	20403	cpu/event=0xD0,umask=0x81/u	400f8f	t_run_test	(/home/koga/autobench_perf/src/autobench/a2time01_lite)
a2time01_lite	74364	[031]	2602676.158809	20452	cpu/event=0xD0,umask=0x81/u	400f8f	t_run_test	(/home/koga/autobench_perf/src/autobench/a2time01_lite)
a2time01_lite	74364	[031]	2602676.158908	20493	cpu/event=0xD0,umask=0x81/u	400f8f	t_run_test	(/home/koga/autobench_perf/src/autobench/a2time01_lite)
a2time01_lite	74364	[031]	2602676.159007	20523	cpu/event=0xD0,umask=0x81/u	400bf6	t_run_test	(/home/koga/autobench_perf/src/autobench/a2time01_lite)
a2time01_lite	74364	[031]	2602676.159106	20558	cpu/event=0xD0,umask=0x81/u	4015e0	t_run_test	(/home/koga/autobench_perf/src/autobench/a2time01_lite)
a2time01_lite	74364	[031]	2602676.159205	20586	cpu/event=0xD0,umask=0x81/u	4012f3	t_run_test	(/home/koga/autobench_perf/src/autobench/a2time01_lite)
a2time01_lite	74364	[031]	2602676.159304	20608	cpu/event=0xD0,umask=0x81/u	400c07	t_run_test	(/home/koga/autobench_perf/src/autobench/a2time01_lite)
a2time01_lite	74364	[031]	2602676.159404	20630	cpu/event=0xD0,umask=0x81/u	400f19	t_run_test	(/home/koga/autobench_perf/src/autobench/a2time01_lite)
a2time01_lite	74364	[031]	2602676.159503	20642	cpu/event=0xD0,umask=0x81/u	400c2b	t_run_test	(/home/koga/autobench_perf/src/autobench/a2time01_lite)
a2time01_lite	74364	[031]	2602676.159602	20667	cpu/event=0xD0,umask=0x81/u	4012f3	t_run_test	(/home/koga/autobench_perf/src/autobench/a2time01_lite)
a2time01_lite	74364	[031]	2602676.159701	20685	cpu/event=0xD0,umask=0x81/u	400c2b	t_run_test	(/home/koga/autobench_perf/src/autobench/a2time01_lite)
a2time01_lite	74364	[031]	2602676.159801	20699	cpu/event=0xD0,umask=0x81/u	400f8f	t_run_test	(/home/koga/autobench_perf/src/autobench/a2time01_lite)
a2time01_lite	74364	[031]	2602676.159901	20709	cpu/event=0xD0,umask=0x81/u	401652	t_run_test	(/home/koga/autobench_perf/src/autobench/a2time01_lite)
a2time01_lite	74364	[031]	2602676.160000	20717	cpu/event=0xD0,umask=0x81/u	400c2b	t_run_test	(/home/koga/autobench_perf/src/autobench/a2time01_lite)
a2time01_lite	74364	[031]	2602676.160100	20725	cpu/event=0xD0,umask=0x81/u	400c2b	t_run_test	(/home/koga/autobench_perf/src/autobench/a2time01_lite)
a2time01_lite	74364	[031]	2602676.160200	20735	cpu/event=0xD0,umask=0x81/u	400f8f	t_run_test	(/home/koga/autobench_perf/src/autobench/a2time01_lite)
a2time01_lite	74364	[031]	2602676.160300	20737	cpu/event=0xD0,umask=0x81/u	400c2b	t_run_test	(/home/koga/autobench_perf/src/autobench/a2time01_lite)
a2time01_lite	74364	[031]	2602676.160395	20744	cpu/event=0xD0,umask=0x81/u	400f8f	t_run_test	(/home/koga/autobench_perf/src/autobench/a2time01_lite)
a2time01_lite	74364	[031]	2602676.160494	20874	cpu/event=0xD0,umask=0x81/u	4012f3	t_run_test	(/home/koga/autobench_perf/src/autobench/a2time01_lite)
a2time01_lite	74364	[031]	2602676.160607	20814	cpu/event=0xD0,umask=0x81/u	400c2b	t_run_test	(/home/koga/autobench_perf/src/autobench/a2time01_lite)
a2time01_lite	74364	[031]	2602676.160708	20519	cpu/event=0xD0,umask=0x81/u	4012f3	t_run_test	(/home/koga/autobench_perf/src/autobench/a2time01_lite)
a2time01_lite	74364	[031]	2602676.160806	20514	cpu/event=0xD0,umask=0x81/u	400f8f	t_run_test	(/home/koga/autobench_perf/src/autobench/a2time01_lite)
a2time01_lite	74364	[031]	2602676.160905	20543	cpu/event=0xD0,umask=0x81/u	400f8f	t_run_test	(/home/koga/autobench_perf/src/autobench/a2time01_lite)
a2time01_lite	74364	[031]	2602676.161004	20581	cpu/event=0xD0,umask=0x81/u	4012f3	t_run_test	(/home/koga/autobench_perf/src/autobench/a2time01_lite)
a2time01_lite	74364	[031]	2602676.161103	20598	cpu/event=0xD0,umask=0x81/u	4012f3	t_run_test	(/home/koga/autobench_perf/src/autobench/a2time01_lite)
a2time01_lite	74364	[031]	2602676.161203	20626	cpu/event=0xD0,umask=0x81/u	400c2b	t_run_test	(/home/koga/autobench_perf/src/autobench/a2time01_lite)
a2time01_lite	74364	[031]	2602676.161303	20637	cpu/event=0xD0,umask=0x81/u	400c1e	t_run_test	(/home/koga/autobench_perf/src/autobench/a2time01_lite)
a2time01_lite	74364	[031]	2602676.161402	20645	cpu/event=0xD0,umask=0x81/u	4012f3	t_run_test	(/home/koga/autobench_perf/src/autobench/a2time01_lite)
a2time01_lite	74364	[031]	2602676.161501	20666	cpu/event=0xD0,umask=0x81/u	4012dd	t_run_test	(/home/koga/autobench_perf/src/autobench/a2time01_lite)
a2time01_lite	74364	[031]	2602676.161601	20682	cpu/event=0xD0,umask=0x81/u	4012f3	t_run_test	(/home/koga/autobench_perf/src/autobench/a2time01_lite)
a2time01_lite	74364	[031]	2602676.161700	20700	cpu/event=0xD0,umask=0x81/u	400c2b	t_run_test	(/home/koga/autobench_perf/src/autobench/a2time01_lite)
a2time01_lite	74364	[031]	2602676.161800	20710	cpu/event=0xD0,umask=0x81/u	400c1e	t_run_test	(/home/koga/autobench_perf/src/autobench/a2time01_lite)
a2time01_lite	74364	[031]	2602676.161899	20717	cpu/event=0xD0,umask=0x81/u	4012f3	t_run_test	(/home/koga/autobench_perf/src/autobench/a2time01_lite)
a2time01_lite	74364	[031]	2602676.161999	20729	cpu/event=0xD0,umask=0x81/u	4012f3	t_run_test	(/home/koga/autobench_perf/src/autobench/a2time01_lite)
a2time01_lite	74364	[031]	2602676.162098	20744	cpu/event=0xD0,umask=0x81/u	400c2b	t_run_test	(/home/koga/autobench_perf/src/autobench/a2time01_lite)
a2time01_lite	74364	[031]	2602676.162198	20758	cpu/event=0xD0,umask=0x81/u	4012f3	t_run_test	(/home/koga/autobench_perf/src/autobench/a2time01_lite)
a2time01_lite	74364	[031]	2602676.162298	20766	cpu/event=0xD0,umask=0x81/u	400f8f	t_run_test	(/home/koga/autobench_perf/src/autobench/a2time01_lite)
a2time01_lite	74364	[031]	2602676.162398	20765	cpu/event=0xD0,umask=0x81/u	400f8f	t_run_test	(/home/koga/autobench_perf/src/autobench/a2time01_lite)
a2time01_lite	74364	[031]	2602676.162498	20757	cpu/event=0xD0,umask=0x81/u	400b3c	t_run_test	(/home/koga/autobench_perf/src/autobench/a2time01_lite)
a2time01_lite	74364	[031]	2602676.162593	20769	cpu/event=0xD0,umask=0x81/u	4012f3	t_run_test	(/home/koga/autobench_perf/src/autobench/a2time01_lite)
a2time01_lite	74364	[031]	2602676.162693	20903	cpu/event=0xD0,umask=0x81/u	400f8f	t_run_test	(/home/koga/autobench_perf/src/autobench/a2time01_lite)
a2time01_lite	74364	[031]	2602676.162793	20902	cpu/event=0xD0,umask=0x81/u	400f65	t_run_test	(/home/koga/autobench_perf/src/autobench/a2time01_lite)
a2time01_lite	74364	[031]	2602676.162894	20900	cpu/event=0xD0,umask=0x81/u	400c2b	t_run_test	(/home/koga/autobench_perf/src/autobench/a2time01_lite)
a2time01_lite	74364	[031]	2602676.163115	20890	cpu/event=0xD0,umask=0x81/u	7f7cd2c6b780	_itoa_word	(/lib/x86_64-linux-gnu/libc-2.23.so)
