a2time01_lite	74634	[021]	2602683.112446	1	cpu/event=0xC0,umask=0x00/u	7f501ea1dc30	_start	(/lib/x86_64-linux-gnu/ld-2.23.so)
a2time01_lite	74634	[021]	2602683.112456	1	cpu/event=0xC0,umask=0x00/u	7f501ea1dc30	_start	(/lib/x86_64-linux-gnu/ld-2.23.so)
a2time01_lite	74634	[021]	2602683.112465	2	cpu/event=0xC0,umask=0x00/u	7f501ea1dc30	_start	(/lib/x86_64-linux-gnu/ld-2.23.so)
a2time01_lite	74634	[021]	2602683.112476	5	cpu/event=0xC0,umask=0x00/u	ffffffff8186d5d0	page_fault	([kernel.kallsyms])
a2time01_lite	74634	[021]	2602683.112490	10	cpu/event=0xC0,umask=0x00/u	7f501ea1e9b0	_dl_start	(/lib/x86_64-linux-gnu/ld-2.23.so)
a2time01_lite	74634	[021]	2602683.112495	18	cpu/event=0xC0,umask=0x00/u	ffffffff8186d5d0	page_fault	([kernel.kallsyms])
a2time01_lite	74634	[021]	2602683.112503	57	cpu/event=0xC0,umask=0x00/u	7f501ea1ea33	_dl_start	(/lib/x86_64-linux-gnu/ld-2.23.so)
a2time01_lite	74634	[021]	2602683.112534	139	cpu/event=0xC0,umask=0x00/u	7f501ea1ea53	_dl_start	(/lib/x86_64-linux-gnu/ld-2.23.so)
a2time01_lite	74634	[021]	2602683.112543	179	cpu/event=0xC0,umask=0x00/u	7f501ea1ea9b	_dl_start	(/lib/x86_64-linux-gnu/ld-2.23.so)
a2time01_lite	74634	[021]	2602683.112562	389	cpu/event=0xC0,umask=0x00/u	7f501ea1ed5b	_dl_start	(/lib/x86_64-linux-gnu/ld-2.23.so)
a2time01_lite	74634	[021]	2602683.112616	523	cpu/event=0xC0,umask=0x00/u	7f501ea367e8	_dl_sysdep_start	(/lib/x86_64-linux-gnu/ld-2.23.so)
a2time01_lite	74634	[021]	2602683.112650	579	cpu/event=0xC0,umask=0x00/u	7f501ea36cd5	_dl_next_ld_env_entry	(/lib/x86_64-linux-gnu/ld-2.23.so)
a2time01_lite	74634	[021]	2602683.112678	721	cpu/event=0xC0,umask=0x00/u	7f501ea38b35	strcmp	(/lib/x86_64-linux-gnu/ld-2.23.so)
a2time01_lite	74634	[021]	2602683.112701	961	cpu/event=0xC0,umask=0x00/u	7f501ea1fc83	dl_main	(/lib/x86_64-linux-gnu/ld-2.23.so)
a2time01_lite	74634	[021]	2602683.112726	1351	cpu/event=0xC0,umask=0x00/u	7f501ea3ac8a	memset	(/lib/x86_64-linux-gnu/ld-2.23.so)
a2time01_lite	74634	[021]	2602683.112769	1853	cpu/event=0xC0,umask=0x00/u	7f501ea3a67c	memcmp	(/lib/x86_64-linux-gnu/ld-2.23.so)
a2time01_lite	74634	[021]	2602683.112801	2164	cpu/event=0xC0,umask=0x00/u	7f501ea39f79	strlen	(/lib/x86_64-linux-gnu/ld-2.23.so)
a2time01_lite	74634	[021]	2602683.112879	2736	cpu/event=0xC0,umask=0x00/u	7f501ea25dfb	_dl_map_object	(/lib/x86_64-linux-gnu/ld-2.23.so)
a2time01_lite	74634	[021]	2602683.112926	2835	cpu/event=0xC0,umask=0x00/u	7f501ea3ac53	memset	(/lib/x86_64-linux-gnu/ld-2.23.so)
a2time01_lite	74634	[021]	2602683.112970	3227	cpu/event=0xC0,umask=0x00/u	7f501ea2bc2a	_dl_map_object_deps	(/lib/x86_64-linux-gnu/ld-2.23.so)
a2time01_lite	74634	[021]	2602683.112996	3748	cpu/event=0xC0,umask=0x00/u	7f501ea38b13	strcmp	(/lib/x86_64-linux-gnu/ld-2.23.so)
a2time01_lite	74634	[021]	2602683.113055	5043	cpu/event=0xC0,umask=0x00/u	7f501ea29633	_dl_relocate_object	(/lib/x86_64-linux-gnu/ld-2.23.so)
a2time01_lite	74634	[021]	2602683.113074	5484	cpu/event=0xC0,umask=0x00/u	7f501ea29650	_dl_relocate_object	(/lib/x86_64-linux-gnu/ld-2.23.so)
a2time01_lite	74634	[021]	2602683.113105	8434	cpu/event=0xC0,umask=0x00/u	7f501ea2965a	_dl_relocate_object	(/lib/x86_64-linux-gnu/ld-2.23.so)
a2time01_lite	74634	[021]	2602683.113135	10811	cpu/event=0xC0,umask=0x00/u	7f501ea275b4	do_lookup_x	(/lib/x86_64-linux-gnu/ld-2.23.so)
a2time01_lite	74634	[021]	2602683.113169	14025	cpu/event=0xC0,umask=0x00/u	7f501ea26f20	do_lookup_x	(/lib/x86_64-linux-gnu/ld-2.23.so)
a2time01_lite	74634	[021]	2602683.113204	17313	cpu/event=0xC0,umask=0x00/u	7f501ea26db3	check_match	(/lib/x86_64-linux-gnu/ld-2.23.so)
a2time01_lite	74634	[021]	2602683.113238	21365	cpu/event=0xC0,umask=0x00/u	7f501ea29569	_dl_relocate_object	(/lib/x86_64-linux-gnu/ld-2.23.so)
a2time01_lite	74634	[021]	2602683.113425	26681	cpu/event=0xC0,umask=0x00/u	7f501ea34ed9	_dl_runtime_resolve_xsave	(/lib/x86_64-linux-gnu/ld-2.23.so)
a2time01_lite	74634	[021]	2602683.113482	25124	cpu/event=0xC0,umask=0x00/u	7f501e48d37f	_dl_addr	(/lib/x86_64-linux-gnu/libc-2.23.so)
a2time01_lite	74634	[021]	2602683.113531	27503	cpu/event=0xC0,umask=0x00/u	7f501e48d370	_dl_addr	(/lib/x86_64-linux-gnu/libc-2.23.so)
a2time01_lite	74634	[021]	2602683.113607	31188	cpu/event=0xC0,umask=0x00/u	401166	t_run_test	(/home/koga/autobench_perf/src/autobench/a2time01_lite)
a2time01_lite	74634	[021]	2602683.113654	32360	cpu/event=0xC0,umask=0x00/u	400880	GetInputValues	(/home/koga/autobench_perf/src/autobench/a2time01_lite)
a2time01_lite	74634	[021]	2602683.113719	36975	cpu/event=0xC0,umask=0x00/u	4012f3	t_run_test	(/home/koga/autobench_perf/src/autobench/a2time01_lite)
a2time01_lite	74634	[021]	2602683.113774	39452	cpu/event=0xC0,umask=0x00/u	4010e3	t_run_test	(/home/koga/autobench_perf/src/autobench/a2time01_lite)
a2time01_lite	74634	[021]	2602683.113830	43546	cpu/event=0xC0,umask=0x00/u	4008be	GetInputValues	(/home/koga/autobench_perf/src/autobench/a2time01_lite)
a2time01_lite	74634	[021]	2602683.113887	47801	cpu/event=0xC0,umask=0x00/u	400f31	t_run_test	(/home/koga/autobench_perf/src/autobench/a2time01_lite)
a2time01_lite	74634	[021]	2602683.113951	52356	cpu/event=0xC0,umask=0x00/u	4012f3	t_run_test	(/home/koga/autobench_perf/src/autobench/a2time01_lite)
a2time01_lite	74634	[021]	2602683.114022	56044	cpu/event=0xC0,umask=0x00/u	4012f3	t_run_test	(/home/koga/autobench_perf/src/autobench/a2time01_lite)
a2time01_lite	74634	[021]	2602683.114092	58809	cpu/event=0xC0,umask=0x00/u	400c2b	t_run_test	(/home/koga/autobench_perf/src/autobench/a2time01_lite)
a2time01_lite	74634	[021]	2602683.114162	62063	cpu/event=0xC0,umask=0x00/u	401593	t_run_test	(/home/koga/autobench_perf/src/autobench/a2time01_lite)
a2time01_lite	74634	[021]	2602683.114234	65356	cpu/event=0xC0,umask=0x00/u	4011b6	t_run_test	(/home/koga/autobench_perf/src/autobench/a2time01_lite)
a2time01_lite	74634	[021]	2602683.114310	68455	cpu/event=0xC0,umask=0x00/u	400eb6	t_run_test	(/home/koga/autobench_perf/src/autobench/a2time01_lite)
a2time01_lite	74634	[021]	2602683.114383	71208	cpu/event=0xC0,umask=0x00/u	400f8f	t_run_test	(/home/koga/autobench_perf/src/autobench/a2time01_lite)
a2time01_lite	74634	[021]	2602683.114468	74505	cpu/event=0xC0,umask=0x00/u	4012f3	t_run_test	(/home/koga/autobench_perf/src/autobench/a2time01_lite)
a2time01_lite	74634	[021]	2602683.114550	76190	cpu/event=0xC0,umask=0x00/u	400f8f	t_run_test	(/home/koga/autobench_perf/src/autobench/a2time01_lite)
a2time01_lite	74634	[021]	2602683.114634	78289	cpu/event=0xC0,umask=0x00/u	401603	t_run_test	(/home/koga/autobench_perf/src/autobench/a2time01_lite)
a2time01_lite	74634	[021]	2602683.114718	80168	cpu/event=0xC0,umask=0x00/u	400c2b	t_run_test	(/home/koga/autobench_perf/src/autobench/a2time01_lite)
a2time01_lite	74634	[021]	2602683.114805	82039	cpu/event=0xC0,umask=0x00/u	4012f3	t_run_test	(/home/koga/autobench_perf/src/autobench/a2time01_lite)
a2time01_lite	74634	[021]	2602683.114893	83507	cpu/event=0xC0,umask=0x00/u	401593	t_run_test	(/home/koga/autobench_perf/src/autobench/a2time01_lite)
a2time01_lite	74634	[021]	2602683.114987	85038	cpu/event=0xC0,umask=0x00/u	400897	GetInputValues	(/home/koga/autobench_perf/src/autobench/a2time01_lite)
a2time01_lite	74634	[021]	2602683.115077	85627	cpu/event=0xC0,umask=0x00/u	400c2b	t_run_test	(/home/koga/autobench_perf/src/autobench/a2time01_lite)
a2time01_lite	74634	[021]	2602683.115168	86811	cpu/event=0xC0,umask=0x00/u	4012f3	t_run_test	(/home/koga/autobench_perf/src/autobench/a2time01_lite)
a2time01_lite	74634	[021]	2602683.115260	87921	cpu/event=0xC0,umask=0x00/u	4012ea	t_run_test	(/home/koga/autobench_perf/src/autobench/a2time01_lite)
a2time01_lite	74634	[021]	2602683.115352	88887	cpu/event=0xC0,umask=0x00/u	400c2b	t_run_test	(/home/koga/autobench_perf/src/autobench/a2time01_lite)
a2time01_lite	74634	[021]	2602683.115446	89873	cpu/event=0xC0,umask=0x00/u	400c2b	t_run_test	(/home/koga/autobench_perf/src/autobench/a2time01_lite)
a2time01_lite	74634	[021]	2602683.115545	90629	cpu/event=0xC0,umask=0x00/u	400f8f	t_run_test	(/home/koga/autobench_perf/src/autobench/a2time01_lite)
a2time01_lite	74634	[021]	2602683.115639	90739	cpu/event=0xC0,umask=0x00/u	400f8f	t_run_test	(/home/koga/autobench_perf/src/autobench/a2time01_lite)
a2time01_lite	74634	[021]	2602683.115733	91460	cpu/event=0xC0,umask=0x00/u	4012f3	t_run_test	(/home/koga/autobench_perf/src/autobench/a2time01_lite)
a2time01_lite	74634	[021]	2602683.115828	92111	cpu/event=0xC0,umask=0x00/u	4012f3	t_run_test	(/home/koga/autobench_perf/src/autobench/a2time01_lite)
a2time01_lite	74634	[021]	2602683.115924	92704	cpu/event=0xC0,umask=0x00/u	40123c	t_run_test	(/home/koga/autobench_perf/src/autobench/a2time01_lite)
a2time01_lite	74634	[021]	2602683.116020	93275	cpu/event=0xC0,umask=0x00/u	400f8f	t_run_test	(/home/koga/autobench_perf/src/autobench/a2time01_lite)
a2time01_lite	74634	[021]	2602683.116121	93764	cpu/event=0xC0,umask=0x00/u	400c2b	t_run_test	(/home/koga/autobench_perf/src/autobench/a2time01_lite)
a2time01_lite	74634	[021]	2602683.116218	93556	cpu/event=0xC0,umask=0x00/u	400c2b	t_run_test	(/home/koga/autobench_perf/src/autobench/a2time01_lite)
a2time01_lite	74634	[021]	2602683.116315	93970	cpu/event=0xC0,umask=0x00/u	400f8f	t_run_test	(/home/koga/autobench_perf/src/autobench/a2time01_lite)
a2time01_lite	74634	[021]	2602683.116411	94399	cpu/event=0xC0,umask=0x00/u	400c2b	t_run_test	(/home/koga/autobench_perf/src/autobench/a2time01_lite)
a2time01_lite	74634	[021]	2602683.116509	94769	cpu/event=0xC0,umask=0x00/u	400c2b	t_run_test	(/home/koga/autobench_perf/src/autobench/a2time01_lite)
a2time01_lite	74634	[021]	2602683.116628	92022	cpu/event=0xC0,umask=0x00/u	400f46	t_run_test	(/home/koga/autobench_perf/src/autobench/a2time01_lite)
a2time01_lite	74634	[021]	2602683.116724	90150	cpu/event=0xC0,umask=0x00/u	401545	t_run_test	(/home/koga/autobench_perf/src/autobench/a2time01_lite)
a2time01_lite	74634	[021]	2602683.116818	90700	cpu/event=0xC0,umask=0x00/u	400c2b	t_run_test	(/home/koga/autobench_perf/src/autobench/a2time01_lite)
a2time01_lite	74634	[021]	2602683.116912	91439	cpu/event=0xC0,umask=0x00/u	4012f3	t_run_test	(/home/koga/autobench_perf/src/autobench/a2time01_lite)
a2time01_lite	74634	[021]	2602683.117012	92137	cpu/event=0xC0,umask=0x00/u	40155c	t_run_test	(/home/koga/autobench_perf/src/autobench/a2time01_lite)
a2time01_lite	74634	[021]	2602683.117107	92135	cpu/event=0xC0,umask=0x00/u	400eb6	t_run_test	(/home/koga/autobench_perf/src/autobench/a2time01_lite)
a2time01_lite	74634	[021]	2602683.117203	92784	cpu/event=0xC0,umask=0x00/u	400b70	t_run_test	(/home/koga/autobench_perf/src/autobench/a2time01_lite)
a2time01_lite	74634	[021]	2602683.117298	93287	cpu/event=0xC0,umask=0x00/u	400c2b	t_run_test	(/home/koga/autobench_perf/src/autobench/a2time01_lite)
a2time01_lite	74634	[021]	2602683.117394	93809	cpu/event=0xC0,umask=0x00/u	400f8f	t_run_test	(/home/koga/autobench_perf/src/autobench/a2time01_lite)
a2time01_lite	74634	[021]	2602683.117492	94283	cpu/event=0xC0,umask=0x00/u	400c2b	t_run_test	(/home/koga/autobench_perf/src/autobench/a2time01_lite)
a2time01_lite	74634	[021]	2602683.117589	94574	cpu/event=0xC0,umask=0x00/u	400f8f	t_run_test	(/home/koga/autobench_perf/src/autobench/a2time01_lite)
a2time01_lite	74634	[021]	2602683.117687	94890	cpu/event=0xC0,umask=0x00/u	400897	GetInputValues	(/home/koga/autobench_perf/src/autobench/a2time01_lite)
a2time01_lite	74634	[021]	2602683.117789	95210	cpu/event=0xC0,umask=0x00/u	400f8f	t_run_test	(/home/koga/autobench_perf/src/autobench/a2time01_lite)
a2time01_lite	74634	[021]	2602683.117887	94933	cpu/event=0xC0,umask=0x00/u	4012f3	t_run_test	(/home/koga/autobench_perf/src/autobench/a2time01_lite)
a2time01_lite	74634	[021]	2602683.117984	95205	cpu/event=0xC0,umask=0x00/u	400f8f	t_run_test	(/home/koga/autobench_perf/src/autobench/a2time01_lite)
a2time01_lite	74634	[021]	2602683.118087	95531	cpu/event=0xC0,umask=0x00/u	4012f3	t_run_test	(/home/koga/autobench_perf/src/autobench/a2time01_lite)
a2time01_lite	74634	[021]	2602683.118185	95174	cpu/event=0xC0,umask=0x00/u	401610	t_run_test	(/home/koga/autobench_perf/src/autobench/a2time01_lite)
a2time01_lite	74634	[021]	2602683.118282	95421	cpu/event=0xC0,umask=0x00/u	400c2b	t_run_test	(/home/koga/autobench_perf/src/autobench/a2time01_lite)
a2time01_lite	74634	[021]	2602683.118386	95774	cpu/event=0xC0,umask=0x00/u	4008b8	GetInputValues	(/home/koga/autobench_perf/src/autobench/a2time01_lite)
a2time01_lite	74634	[021]	2602683.118484	95413	cpu/event=0xC0,umask=0x00/u	4012f3	t_run_test	(/home/koga/autobench_perf/src/autobench/a2time01_lite)
a2time01_lite	74634	[021]	2602683.118582	95599	cpu/event=0xC0,umask=0x00/u	40131a	t_run_test	(/home/koga/autobench_perf/src/autobench/a2time01_lite)
a2time01_lite	74634	[021]	2602683.118685	95842	cpu/event=0xC0,umask=0x00/u	400f8f	t_run_test	(/home/koga/autobench_perf/src/autobench/a2time01_lite)
a2time01_lite	74634	[021]	2602683.118783	95475	cpu/event=0xC0,umask=0x00/u	4012f3	t_run_test	(/home/koga/autobench_perf/src/autobench/a2time01_lite)
a2time01_lite	74634	[021]	2602683.118881	95760	cpu/event=0xC0,umask=0x00/u	4015a2	t_run_test	(/home/koga/autobench_perf/src/autobench/a2time01_lite)
a2time01_lite	74634	[021]	2602683.118985	95971	cpu/event=0xC0,umask=0x00/u	400c2b	t_run_test	(/home/koga/autobench_perf/src/autobench/a2time01_lite)
a2time01_lite	74634	[021]	2602683.119083	95578	cpu/event=0xC0,umask=0x00/u	400b4d	t_run_test	(/home/koga/autobench_perf/src/autobench/a2time01_lite)
a2time01_lite	74634	[021]	2602683.119186	95742	cpu/event=0xC0,umask=0x00/u	400f8f	t_run_test	(/home/koga/autobench_perf/src/autobench/a2time01_lite)
a2time01_lite	74634	[021]	2602683.119285	95369	cpu/event=0xC0,umask=0x00/u	400f8f	t_run_test	(/home/koga/autobench_perf/src/autobench/a2time01_lite)
a2time01_lite	74634	[021]	2602683.119388	95592	cpu/event=0xC0,umask=0x00/u	400f8f	t_run_test	(/home/koga/autobench_perf/src/autobench/a2time01_lite)
a2time01_lite	74634	[021]	2602683.119486	95206	cpu/event=0xC0,umask=0x00/u	400bf6	t_run_test	(/home/koga/autobench_perf/src/autobench/a2time01_lite)
a2time01_lite	74634	[021]	2602683.119589	95451	cpu/event=0xC0,umask=0x00/u	400f8f	t_run_test	(/home/koga/autobench_perf/src/autobench/a2time01_lite)
a2time01_lite	74634	[021]	2602683.119686	95117	cpu/event=0xC0,umask=0x00/u	4008b8	GetInputValues	(/home/koga/autobench_perf/src/autobench/a2time01_lite)
a2time01_lite	74634	[021]	2602683.119789	95414	cpu/event=0xC0,umask=0x00/u	4012f3	t_run_test	(/home/koga/autobench_perf/src/autobench/a2time01_lite)
a2time01_lite	74634	[021]	2602683.119893	95062	cpu/event=0xC0,umask=0x00/u	4012f3	t_run_test	(/home/koga/autobench_perf/src/autobench/a2time01_lite)
a2time01_lite	74634	[021]	2602683.119990	94663	cpu/event=0xC0,umask=0x00/u	4012f3	t_run_test	(/home/koga/autobench_perf/src/autobench/a2time01_lite)
a2time01_lite	74634	[021]	2602683.120093	94994	cpu/event=0xC0,umask=0x00/u	4012dd	t_run_test	(/home/koga/autobench_perf/src/autobench/a2time01_lite)
a2time01_lite	74634	[021]	2602683.120190	94711	cpu/event=0xC0,umask=0x00/u	400f8f	t_run_test	(/home/koga/autobench_perf/src/autobench/a2time01_lite)
a2time01_lite	74634	[021]	2602683.120292	95066	cpu/event=0xC0,umask=0x00/u	4008b8	GetInputValues	(/home/koga/autobench_perf/src/autobench/a2time01_lite)
a2time01_lite	74634	[021]	2602683.120395	94780	cpu/event=0xC0,umask=0x00/u	400eb6	t_run_test	(/home/koga/autobench_perf/src/autobench/a2time01_lite)
a2time01_lite	74634	[021]	2602683.120492	94447	cpu/event=0xC0,umask=0x00/u	400f8f	t_run_test	(/home/koga/autobench_perf/src/autobench/a2time01_lite)
a2time01_lite	74634	[021]	2602683.120609	94787	cpu/event=0xC0,umask=0x00/u	4012f3	t_run_test	(/home/koga/autobench_perf/src/autobench/a2time01_lite)
a2time01_lite	74634	[021]	2602683.120712	93050	cpu/event=0xC0,umask=0x00/u	40168a	t_run_test	(/home/koga/autobench_perf/src/autobench/a2time01_lite)
a2time01_lite	74634	[021]	2602683.120809	92719	cpu/event=0xC0,umask=0x00/u	400fb6	t_run_test	(/home/koga/autobench_perf/src/autobench/a2time01_lite)
a2time01_lite	74634	[021]	2602683.120910	93140	cpu/event=0xC0,umask=0x00/u	400f8f	t_run_test	(/home/koga/autobench_perf/src/autobench/a2time01_lite)
a2time01_lite	74634	[021]	2602683.121011	93008	cpu/event=0xC0,umask=0x00/u	40168a	t_run_test	(/home/koga/autobench_perf/src/autobench/a2time01_lite)
a2time01_lite	74634	[021]	2602683.121112	92895	cpu/event=0xC0,umask=0x00/u	400e66	t_run_test	(/home/koga/autobench_perf/src/autobench/a2time01_lite)
a2time01_lite	74634	[021]	2602683.121208	92766	cpu/event=0xC0,umask=0x00/u	4012f3	t_run_test	(/home/koga/autobench_perf/src/autobench/a2time01_lite)
a2time01_lite	74634	[021]	2602683.121309	93261	cpu/event=0xC0,umask=0x00/u	4012f3	t_run_test	(/home/koga/autobench_perf/src/autobench/a2time01_lite)
a2time01_lite	74634	[021]	2602683.121410	93165	cpu/event=0xC0,umask=0x00/u	4012f3	t_run_test	(/home/koga/autobench_perf/src/autobench/a2time01_lite)
a2time01_lite	74634	[021]	2602683.121512	93026	cpu/event=0xC0,umask=0x00/u	400f8f	t_run_test	(/home/koga/autobench_perf/src/autobench/a2time01_lite)
a2time01_lite	74634	[021]	2602683.121613	92859	cpu/event=0xC0,umask=0x00/u	400c2b	t_run_test	(/home/koga/autobench_perf/src/autobench/a2time01_lite)
a2time01_lite	74634	[021]	2602683.121714	92742	cpu/event=0xC0,umask=0x00/u	4011d9	t_run_test	(/home/koga/autobench_perf/src/autobench/a2time01_lite)
a2time01_lite	74634	[021]	2602683.121809	92638	cpu/event=0xC0,umask=0x00/u	400c2b	t_run_test	(/home/koga/autobench_perf/src/autobench/a2time01_lite)
a2time01_lite	74634	[021]	2602683.121910	93198	cpu/event=0xC0,umask=0x00/u	400c2b	t_run_test	(/home/koga/autobench_perf/src/autobench/a2time01_lite)
a2time01_lite	74634	[021]	2602683.122011	93115	cpu/event=0xC0,umask=0x00/u	400f8f	t_run_test	(/home/koga/autobench_perf/src/autobench/a2time01_lite)
a2time01_lite	74634	[021]	2602683.122112	92978	cpu/event=0xC0,umask=0x00/u	400f8f	t_run_test	(/home/koga/autobench_perf/src/autobench/a2time01_lite)
a2time01_lite	74634	[021]	2602683.122213	92848	cpu/event=0xC0,umask=0x00/u	400f8f	t_run_test	(/home/koga/autobench_perf/src/autobench/a2time01_lite)
a2time01_lite	74634	[021]	2602683.122314	92743	cpu/event=0xC0,umask=0x00/u	401652	t_run_test	(/home/koga/autobench_perf/src/autobench/a2time01_lite)
a2time01_lite	74634	[021]	2602683.122415	92574	cpu/event=0xC0,umask=0x00/u	400ed8	t_run_test	(/home/koga/autobench_perf/src/autobench/a2time01_lite)
a2time01_lite	74634	[021]	2602683.122515	92511	cpu/event=0xC0,umask=0x00/u	400e75	t_run_test	(/home/koga/autobench_perf/src/autobench/a2time01_lite)
a2time01_lite	74634	[021]	2602683.122616	92466	cpu/event=0xC0,umask=0x00/u	4012f3	t_run_test	(/home/koga/autobench_perf/src/autobench/a2time01_lite)
a2time01_lite	74634	[021]	2602683.122717	92408	cpu/event=0xC0,umask=0x00/u	400b2e	t_run_test	(/home/koga/autobench_perf/src/autobench/a2time01_lite)
a2time01_lite	74634	[021]	2602683.122812	92309	cpu/event=0xC0,umask=0x00/u	400bfa	t_run_test	(/home/koga/autobench_perf/src/autobench/a2time01_lite)
a2time01_lite	74634	[021]	2602683.122912	92873	cpu/event=0xC0,umask=0x00/u	400c2b	t_run_test	(/home/koga/autobench_perf/src/autobench/a2time01_lite)
a2time01_lite	74634	[021]	2602683.123014	92854	cpu/event=0xC0,umask=0x00/u	4012f3	t_run_test	(/home/koga/autobench_perf/src/autobench/a2time01_lite)
a2time01_lite	74634	[021]	2602683.123115	92692	cpu/event=0xC0,umask=0x00/u	400c2b	t_run_test	(/home/koga/autobench_perf/src/autobench/a2time01_lite)
a2time01_lite	74634	[021]	2602683.123215	92586	cpu/event=0xC0,umask=0x00/u	400bfa	t_run_test	(/home/koga/autobench_perf/src/autobench/a2time01_lite)
a2time01_lite	74634	[021]	2602683.123316	92493	cpu/event=0xC0,umask=0x00/u	4012f3	t_run_test	(/home/koga/autobench_perf/src/autobench/a2time01_lite)
a2time01_lite	74634	[021]	2602683.123417	92458	cpu/event=0xC0,umask=0x00/u	400f8f	t_run_test	(/home/koga/autobench_perf/src/autobench/a2time01_lite)
a2time01_lite	74634	[021]	2602683.123517	92361	cpu/event=0xC0,umask=0x00/u	401295	t_run_test	(/home/koga/autobench_perf/src/autobench/a2time01_lite)
a2time01_lite	74634	[021]	2602683.123617	92327	cpu/event=0xC0,umask=0x00/u	400c2b	t_run_test	(/home/koga/autobench_perf/src/autobench/a2time01_lite)
a2time01_lite	74634	[021]	2602683.123718	92313	cpu/event=0xC0,umask=0x00/u	400c2b	t_run_test	(/home/koga/autobench_perf/src/autobench/a2time01_lite)
a2time01_lite	74634	[021]	2602683.123818	92249	cpu/event=0xC0,umask=0x00/u	4012f3	t_run_test	(/home/koga/autobench_perf/src/autobench/a2time01_lite)
a2time01_lite	74634	[021]	2602683.123919	92188	cpu/event=0xC0,umask=0x00/u	400c2b	t_run_test	(/home/koga/autobench_perf/src/autobench/a2time01_lite)
a2time01_lite	74634	[021]	2602683.124013	92139	cpu/event=0xC0,umask=0x00/u	400c2b	t_run_test	(/home/koga/autobench_perf/src/autobench/a2time01_lite)
a2time01_lite	74634	[021]	2602683.124114	92768	cpu/event=0xC0,umask=0x00/u	400f8f	t_run_test	(/home/koga/autobench_perf/src/autobench/a2time01_lite)
a2time01_lite	74634	[021]	2602683.124215	92717	cpu/event=0xC0,umask=0x00/u	400f8f	t_run_test	(/home/koga/autobench_perf/src/autobench/a2time01_lite)
a2time01_lite	74634	[021]	2602683.124315	92643	cpu/event=0xC0,umask=0x00/u	400f8f	t_run_test	(/home/koga/autobench_perf/src/autobench/a2time01_lite)
a2time01_lite	74634	[021]	2602683.124416	92584	cpu/event=0xC0,umask=0x00/u	401652	t_run_test	(/home/koga/autobench_perf/src/autobench/a2time01_lite)
a2time01_lite	74634	[021]	2602683.124516	92508	cpu/event=0xC0,umask=0x00/u	400f8f	t_run_test	(/home/koga/autobench_perf/src/autobench/a2time01_lite)
a2time01_lite	74634	[021]	2602683.124638	92436	cpu/event=0xC0,umask=0x00/u	4012c9	t_run_test	(/home/koga/autobench_perf/src/autobench/a2time01_lite)
a2time01_lite	74634	[021]	2602683.124743	90370	cpu/event=0xC0,umask=0x00/u	400f8f	t_run_test	(/home/koga/autobench_perf/src/autobench/a2time01_lite)
a2time01_lite	74634	[021]	2602683.124834	89845	cpu/event=0xC0,umask=0x00/u	401610	t_run_test	(/home/koga/autobench_perf/src/autobench/a2time01_lite)
a2time01_lite	74634	[021]	2602683.124925	90906	cpu/event=0xC0,umask=0x00/u	400f8f	t_run_test	(/home/koga/autobench_perf/src/autobench/a2time01_lite)
a2time01_lite	74634	[021]	2602683.125017	92017	cpu/event=0xC0,umask=0x00/u	4012f3	t_run_test	(/home/koga/autobench_perf/src/autobench/a2time01_lite)
a2time01_lite	74634	[021]	2602683.125109	93098	cpu/event=0xC0,umask=0x00/u	400f86	t_run_test	(/home/koga/autobench_perf/src/autobench/a2time01_lite)
a2time01_lite	74634	[021]	2602683.125203	94036	cpu/event=0xC0,umask=0x00/u	400f8f	t_run_test	(/home/koga/autobench_perf/src/autobench/a2time01_lite)
a2time01_lite	74634	[021]	2602683.125297	94851	cpu/event=0xC0,umask=0x00/u	400f8f	t_run_test	(/home/koga/autobench_perf/src/autobench/a2time01_lite)
a2time01_lite	74634	[021]	2602683.125392	95585	cpu/event=0xC0,umask=0x00/u	4012f3	t_run_test	(/home/koga/autobench_perf/src/autobench/a2time01_lite)
a2time01_lite	74634	[021]	2602683.125487	96289	cpu/event=0xC0,umask=0x00/u	400c2b	t_run_test	(/home/koga/autobench_perf/src/autobench/a2time01_lite)
a2time01_lite	74634	[021]	2602683.125583	96909	cpu/event=0xC0,umask=0x00/u	400bfa	t_run_test	(/home/koga/autobench_perf/src/autobench/a2time01_lite)
a2time01_lite	74634	[021]	2602683.125679	97427	cpu/event=0xC0,umask=0x00/u	4012c9	t_run_test	(/home/koga/autobench_perf/src/autobench/a2time01_lite)
a2time01_lite	74634	[021]	2602683.125776	97860	cpu/event=0xC0,umask=0x00/u	4012f3	t_run_test	(/home/koga/autobench_perf/src/autobench/a2time01_lite)
a2time01_lite	74634	[021]	2602683.125873	98263	cpu/event=0xC0,umask=0x00/u	400f8f	t_run_test	(/home/koga/autobench_perf/src/autobench/a2time01_lite)
a2time01_lite	74634	[021]	2602683.125965	98645	cpu/event=0xC0,umask=0x00/u	400f68	t_run_test	(/home/koga/autobench_perf/src/autobench/a2time01_lite)
a2time01_lite	74634	[021]	2602683.126063	99707	cpu/event=0xC0,umask=0x00/u	400fb6	t_run_test	(/home/koga/autobench_perf/src/autobench/a2time01_lite)
a2time01_lite	74634	[021]	2602683.126161	100012	cpu/event=0xC0,umask=0x00/u	400b70	t_run_test	(/home/koga/autobench_perf/src/autobench/a2time01_lite)
a2time01_lite	74634	[021]	2602683.126260	100220	cpu/event=0xC0,umask=0x00/u	400c2b	t_run_test	(/home/koga/autobench_perf/src/autobench/a2time01_lite)
a2time01_lite	74634	[021]	2602683.126358	100408	cpu/event=0xC0,umask=0x00/u	4012f3	t_run_test	(/home/koga/autobench_perf/src/autobench/a2time01_lite)
a2time01_lite	74634	[021]	2602683.126457	100583	cpu/event=0xC0,umask=0x00/u	400b70	t_run_test	(/home/koga/autobench_perf/src/autobench/a2time01_lite)
a2time01_lite	74634	[021]	2602683.126555	100788	cpu/event=0xC0,umask=0x00/u	4012f3	t_run_test	(/home/koga/autobench_perf/src/autobench/a2time01_lite)
a2time01_lite	74634	[021]	2602683.126654	100937	cpu/event=0xC0,umask=0x00/u	400bf6	t_run_test	(/home/koga/autobench_perf/src/autobench/a2time01_lite)
a2time01_lite	74634	[021]	2602683.126753	101090	cpu/event=0xC0,umask=0x00/u	400c2b	t_run_test	(/home/koga/autobench_perf/src/autobench/a2time01_lite)
a2time01_lite	74634	[021]	2602683.126853	101193	cpu/event=0xC0,umask=0x00/u	400f8f	t_run_test	(/home/koga/autobench_perf/src/autobench/a2time01_lite)
a2time01_lite	74634	[021]	2602683.126952	101265	cpu/event=0xC0,umask=0x00/u	4012f3	t_run_test	(/home/koga/autobench_perf/src/autobench/a2time01_lite)
a2time01_lite	74634	[021]	2602683.127052	101313	cpu/event=0xC0,umask=0x00/u	4012f3	t_run_test	(/home/koga/autobench_perf/src/autobench/a2time01_lite)
a2time01_lite	74634	[021]	2602683.127152	101398	cpu/event=0xC0,umask=0x00/u	4012f3	t_run_test	(/home/koga/autobench_perf/src/autobench/a2time01_lite)
a2time01_lite	74634	[021]	2602683.127251	101419	cpu/event=0xC0,umask=0x00/u	401603	t_run_test	(/home/koga/autobench_perf/src/autobench/a2time01_lite)
a2time01_lite	74634	[021]	2602683.127350	101509	cpu/event=0xC0,umask=0x00/u	400eb6	t_run_test	(/home/koga/autobench_perf/src/autobench/a2time01_lite)
a2time01_lite	74634	[021]	2602683.127450	101593	cpu/event=0xC0,umask=0x00/u	40130b	t_run_test	(/home/koga/autobench_perf/src/autobench/a2time01_lite)
a2time01_lite	74634	[021]	2602683.127549	101649	cpu/event=0xC0,umask=0x00/u	4012f3	t_run_test	(/home/koga/autobench_perf/src/autobench/a2time01_lite)
a2time01_lite	74634	[021]	2602683.127649	101706	cpu/event=0xC0,umask=0x00/u	4008b8	GetInputValues	(/home/koga/autobench_perf/src/autobench/a2time01_lite)
a2time01_lite	74634	[021]	2602683.127749	101719	cpu/event=0xC0,umask=0x00/u	400c52	t_run_test	(/home/koga/autobench_perf/src/autobench/a2time01_lite)
a2time01_lite	74634	[021]	2602683.127849	101781	cpu/event=0xC0,umask=0x00/u	400f86	t_run_test	(/home/koga/autobench_perf/src/autobench/a2time01_lite)
a2time01_lite	74634	[021]	2602683.127949	101779	cpu/event=0xC0,umask=0x00/u	400f8f	t_run_test	(/home/koga/autobench_perf/src/autobench/a2time01_lite)
a2time01_lite	74634	[021]	2602683.128049	101790	cpu/event=0xC0,umask=0x00/u	40152e	t_run_test	(/home/koga/autobench_perf/src/autobench/a2time01_lite)
a2time01_lite	74634	[021]	2602683.128149	101775	cpu/event=0xC0,umask=0x00/u	401652	t_run_test	(/home/koga/autobench_perf/src/autobench/a2time01_lite)
a2time01_lite	74634	[021]	2602683.128249	101766	cpu/event=0xC0,umask=0x00/u	4012f3	t_run_test	(/home/koga/autobench_perf/src/autobench/a2time01_lite)
a2time01_lite	74634	[021]	2602683.128349	101749	cpu/event=0xC0,umask=0x00/u	400c2b	t_run_test	(/home/koga/autobench_perf/src/autobench/a2time01_lite)
a2time01_lite	74634	[021]	2602683.128444	101773	cpu/event=0xC0,umask=0x00/u	400f8f	t_run_test	(/home/koga/autobench_perf/src/autobench/a2time01_lite)
a2time01_lite	74634	[021]	2602683.128544	102459	cpu/event=0xC0,umask=0x00/u	40130b	t_run_test	(/home/koga/autobench_perf/src/autobench/a2time01_lite)
a2time01_lite	74634	[021]	2602683.128657	102201	cpu/event=0xC0,umask=0x00/u	400c2b	t_run_test	(/home/koga/autobench_perf/src/autobench/a2time01_lite)
a2time01_lite	74634	[021]	2602683.128758	100686	cpu/event=0xC0,umask=0x00/u	4015a9	t_run_test	(/home/koga/autobench_perf/src/autobench/a2time01_lite)
a2time01_lite	74634	[021]	2602683.128857	100624	cpu/event=0xC0,umask=0x00/u	4012f3	t_run_test	(/home/koga/autobench_perf/src/autobench/a2time01_lite)
a2time01_lite	74634	[021]	2602683.128956	100766	cpu/event=0xC0,umask=0x00/u	401573	t_run_test	(/home/koga/autobench_perf/src/autobench/a2time01_lite)
a2time01_lite	74634	[021]	2602683.129055	100862	cpu/event=0xC0,umask=0x00/u	400880	GetInputValues	(/home/koga/autobench_perf/src/autobench/a2time01_lite)
a2time01_lite	74634	[021]	2602683.129154	100970	cpu/event=0xC0,umask=0x00/u	40131a	t_run_test	(/home/koga/autobench_perf/src/autobench/a2time01_lite)
a2time01_lite	74634	[021]	2602683.129253	101033	cpu/event=0xC0,umask=0x00/u	4012f3	t_run_test	(/home/koga/autobench_perf/src/autobench/a2time01_lite)
a2time01_lite	74634	[021]	2602683.129353	101167	cpu/event=0xC0,umask=0x00/u	401603	t_run_test	(/home/koga/autobench_perf/src/autobench/a2time01_lite)
a2time01_lite	74634	[021]	2602683.129452	101260	cpu/event=0xC0,umask=0x00/u	400fb6	t_run_test	(/home/koga/autobench_perf/src/autobench/a2time01_lite)
a2time01_lite	74634	[021]	2602683.129551	101368	cpu/event=0xC0,umask=0x00/u	400c2b	t_run_test	(/home/koga/autobench_perf/src/autobench/a2time01_lite)
a2time01_lite	74634	[021]	2602683.129650	101464	cpu/event=0xC0,umask=0x00/u	400c2b	t_run_test	(/home/koga/autobench_perf/src/autobench/a2time01_lite)
a2time01_lite	74634	[021]	2602683.129750	101567	cpu/event=0xC0,umask=0x00/u	4012f3	t_run_test	(/home/koga/autobench_perf/src/autobench/a2time01_lite)
a2time01_lite	74634	[021]	2602683.129850	101637	cpu/event=0xC0,umask=0x00/u	401295	t_run_test	(/home/koga/autobench_perf/src/autobench/a2time01_lite)
a2time01_lite	74634	[021]	2602683.129949	101664	cpu/event=0xC0,umask=0x00/u	4012c9	t_run_test	(/home/koga/autobench_perf/src/autobench/a2time01_lite)
a2time01_lite	74634	[021]	2602683.130049	101694	cpu/event=0xC0,umask=0x00/u	4012f3	t_run_test	(/home/koga/autobench_perf/src/autobench/a2time01_lite)
a2time01_lite	74634	[021]	2602683.130149	101748	cpu/event=0xC0,umask=0x00/u	4012f3	t_run_test	(/home/koga/autobench_perf/src/autobench/a2time01_lite)
a2time01_lite	74634	[021]	2602683.130249	101779	cpu/event=0xC0,umask=0x00/u	400c2b	t_run_test	(/home/koga/autobench_perf/src/autobench/a2time01_lite)
a2time01_lite	74634	[021]	2602683.130348	101792	cpu/event=0xC0,umask=0x00/u	40121a	t_run_test	(/home/koga/autobench_perf/src/autobench/a2time01_lite)
a2time01_lite	74634	[021]	2602683.130550	101816	cpu/event=0xC0,umask=0x00/u	7f501e397c97	vfprintf	(/lib/x86_64-linux-gnu/libc-2.23.so)
