aiifft01_lite	79301	[023]	2603329.708230	1	cpu/event=0x3C,umask=0x00/u	7fde8da75c30	_start	(/lib/x86_64-linux-gnu/ld-2.23.so)
aiifft01_lite	79301	[023]	2603329.708239	1	cpu/event=0x3C,umask=0x00/u	7fde8da75c30	_start	(/lib/x86_64-linux-gnu/ld-2.23.so)
aiifft01_lite	79301	[023]	2603329.708246	3	cpu/event=0x3C,umask=0x00/u	7fde8da75c30	_start	(/lib/x86_64-linux-gnu/ld-2.23.so)
aiifft01_lite	79301	[023]	2603329.708251	9	cpu/event=0x3C,umask=0x00/u	7fde8da75c30	_start	(/lib/x86_64-linux-gnu/ld-2.23.so)
aiifft01_lite	79301	[023]	2603329.708257	29	cpu/event=0x3C,umask=0x00/u	7fde8da75c30	_start	(/lib/x86_64-linux-gnu/ld-2.23.so)
aiifft01_lite	79301	[023]	2603329.708262	91	cpu/event=0x3C,umask=0x00/u	7fde8da75c30	_start	(/lib/x86_64-linux-gnu/ld-2.23.so)
aiifft01_lite	79301	[023]	2603329.708267	329	cpu/event=0x3C,umask=0x00/u	7fde8da75c30	_start	(/lib/x86_64-linux-gnu/ld-2.23.so)
aiifft01_lite	79301	[023]	2603329.708273	1024	cpu/event=0x3C,umask=0x00/u	7fde8da75c30	_start	(/lib/x86_64-linux-gnu/ld-2.23.so)
aiifft01_lite	79301	[023]	2603329.708279	3180	cpu/event=0x3C,umask=0x00/u	ffffffff8186d5d0	page_fault	([kernel.kallsyms])
aiifft01_lite	79301	[023]	2603329.708322	8634	cpu/event=0x3C,umask=0x00/u	7fde8da76ddb	_dl_start	(/lib/x86_64-linux-gnu/ld-2.23.so)
aiifft01_lite	79301	[023]	2603329.708389	10065	cpu/event=0x3C,umask=0x00/u	7fde8da8e834	_dl_sysdep_start	(/lib/x86_64-linux-gnu/ld-2.23.so)
aiifft01_lite	79301	[023]	2603329.708438	10709	cpu/event=0x3C,umask=0x00/u	7fde8da77894	dl_main	(/lib/x86_64-linux-gnu/ld-2.23.so)
aiifft01_lite	79301	[023]	2603329.708494	12096	cpu/event=0x3C,umask=0x00/u	7fde8da7da24	_dl_map_object	(/lib/x86_64-linux-gnu/ld-2.23.so)
aiifft01_lite	79301	[023]	2603329.708565	13269	cpu/event=0x3C,umask=0x00/u	ffffffff8186a950	entry_SYSCALL_64	([kernel.kallsyms])
aiifft01_lite	79301	[023]	2603329.708662	13939	cpu/event=0x3C,umask=0x00/u	7fde8da7b92b	_dl_map_object_from_fd	(/lib/x86_64-linux-gnu/ld-2.23.so)
aiifft01_lite	79301	[023]	2603329.708737	13996	cpu/event=0x3C,umask=0x00/u	7fde8da86f2a	_dl_check_map_versions	(/lib/x86_64-linux-gnu/ld-2.23.so)
aiifft01_lite	79301	[023]	2603329.708805	14575	cpu/event=0x3C,umask=0x00/u	7fde8da81639	_dl_relocate_object	(/lib/x86_64-linux-gnu/ld-2.23.so)
aiifft01_lite	79301	[023]	2603329.708859	15428	cpu/event=0x3C,umask=0x00/u	7fde8da7f614	do_lookup_x	(/lib/x86_64-linux-gnu/ld-2.23.so)
aiifft01_lite	79301	[023]	2603329.708900	17115	cpu/event=0x3C,umask=0x00/u	7fde8da81706	_dl_relocate_object	(/lib/x86_64-linux-gnu/ld-2.23.so)
aiifft01_lite	79301	[023]	2603329.708934	20174	cpu/event=0x3C,umask=0x00/u	ffffffff8186d5d0	page_fault	([kernel.kallsyms])
aiifft01_lite	79301	[023]	2603329.709017	24986	cpu/event=0x3C,umask=0x00/u	7fde8da7fadb	_dl_lookup_symbol_x	(/lib/x86_64-linux-gnu/ld-2.23.so)
aiifft01_lite	79301	[023]	2603329.709099	25650	cpu/event=0x3C,umask=0x00/u	7fde8da75c94	rtld_lock_default_lock_recursive	(/lib/x86_64-linux-gnu/ld-2.23.so)
aiifft01_lite	79301	[023]	2603329.709136	26333	cpu/event=0x3C,umask=0x00/u	7fde8d4e5354	_dl_addr	(/lib/x86_64-linux-gnu/libc-2.23.so)
aiifft01_lite	79301	[023]	2603329.709173	32031	cpu/event=0x3C,umask=0x00/u	7fde8d4e53b7	_dl_addr	(/lib/x86_64-linux-gnu/libc-2.23.so)
aiifft01_lite	79301	[023]	2603329.709244	38870	cpu/event=0x3C,umask=0x00/u	4008bb	GetTestData	(/home/koga/autobench_perf/src/autobench/aiifft01_lite)
aiifft01_lite	79301	[023]	2603329.709323	40861	cpu/event=0x3C,umask=0x00/u	7fde8d790a98	__sincos	(/lib/x86_64-linux-gnu/libm-2.23.so)
aiifft01_lite	79301	[023]	2603329.709400	42229	cpu/event=0x3C,umask=0x00/u	400ced	t_run_test	(/home/koga/autobench_perf/src/autobench/aiifft01_lite)
aiifft01_lite	79301	[023]	2603329.709459	43761	cpu/event=0x3C,umask=0x00/u	400ef8	t_run_test	(/home/koga/autobench_perf/src/autobench/aiifft01_lite)
aiifft01_lite	79301	[023]	2603329.709522	47642	cpu/event=0x3C,umask=0x00/u	401082	t_run_test	(/home/koga/autobench_perf/src/autobench/aiifft01_lite)
aiifft01_lite	79301	[023]	2603329.709585	51042	cpu/event=0x3C,umask=0x00/u	40141e	t_run_test	(/home/koga/autobench_perf/src/autobench/aiifft01_lite)
aiifft01_lite	79301	[023]	2603329.709641	54873	cpu/event=0x3C,umask=0x00/u	400ccf	t_run_test	(/home/koga/autobench_perf/src/autobench/aiifft01_lite)
aiifft01_lite	79301	[023]	2603329.709701	60176	cpu/event=0x3C,umask=0x00/u	4010be	t_run_test	(/home/koga/autobench_perf/src/autobench/aiifft01_lite)
aiifft01_lite	79301	[023]	2603329.709764	65278	cpu/event=0x3C,umask=0x00/u	4013d4	t_run_test	(/home/koga/autobench_perf/src/autobench/aiifft01_lite)
aiifft01_lite	79301	[023]	2603329.709832	69950	cpu/event=0x3C,umask=0x00/u	400f19	t_run_test	(/home/koga/autobench_perf/src/autobench/aiifft01_lite)
aiifft01_lite	79301	[023]	2603329.709903	74165	cpu/event=0x3C,umask=0x00/u	401418	t_run_test	(/home/koga/autobench_perf/src/autobench/aiifft01_lite)
aiifft01_lite	79301	[023]	2603329.710003	70791	cpu/event=0x3C,umask=0x00/u	400c90	t_run_test	(/home/koga/autobench_perf/src/autobench/aiifft01_lite)
aiifft01_lite	79301	[023]	2603329.710075	70825	cpu/event=0x3C,umask=0x00/u	4013f7	t_run_test	(/home/koga/autobench_perf/src/autobench/aiifft01_lite)
aiifft01_lite	79301	[023]	2603329.710147	74236	cpu/event=0x3C,umask=0x00/u	400d13	t_run_test	(/home/koga/autobench_perf/src/autobench/aiifft01_lite)
aiifft01_lite	79301	[023]	2603329.710221	77893	cpu/event=0x3C,umask=0x00/u	400908	GetInputValues	(/home/koga/autobench_perf/src/autobench/aiifft01_lite)
aiifft01_lite	79301	[023]	2603329.710315	81171	cpu/event=0x3C,umask=0x00/u	400c98	t_run_test	(/home/koga/autobench_perf/src/autobench/aiifft01_lite)
aiifft01_lite	79301	[023]	2603329.710401	81906	cpu/event=0x3C,umask=0x00/u	401286	t_run_test	(/home/koga/autobench_perf/src/autobench/aiifft01_lite)
aiifft01_lite	79301	[023]	2603329.710489	83490	cpu/event=0x3C,umask=0x00/u	400c94	t_run_test	(/home/koga/autobench_perf/src/autobench/aiifft01_lite)
aiifft01_lite	79301	[023]	2603329.710577	85018	cpu/event=0x3C,umask=0x00/u	40144d	t_run_test	(/home/koga/autobench_perf/src/autobench/aiifft01_lite)
aiifft01_lite	79301	[023]	2603329.710667	86386	cpu/event=0x3C,umask=0x00/u	40090d	GetInputValues	(/home/koga/autobench_perf/src/autobench/aiifft01_lite)
aiifft01_lite	79301	[023]	2603329.710758	87617	cpu/event=0x3C,umask=0x00/u	4013e0	t_run_test	(/home/koga/autobench_perf/src/autobench/aiifft01_lite)
aiifft01_lite	79301	[023]	2603329.710850	88728	cpu/event=0x3C,umask=0x00/u	401099	t_run_test	(/home/koga/autobench_perf/src/autobench/aiifft01_lite)
aiifft01_lite	79301	[023]	2603329.710943	89681	cpu/event=0x3C,umask=0x00/u	400b2b	t_run_test	(/home/koga/autobench_perf/src/autobench/aiifft01_lite)
aiifft01_lite	79301	[023]	2603329.711042	90516	cpu/event=0x3C,umask=0x00/u	4010a6	t_run_test	(/home/koga/autobench_perf/src/autobench/aiifft01_lite)
aiifft01_lite	79301	[023]	2603329.711136	90670	cpu/event=0x3C,umask=0x00/u	400cbf	t_run_test	(/home/koga/autobench_perf/src/autobench/aiifft01_lite)
aiifft01_lite	79301	[023]	2603329.711230	91359	cpu/event=0x3C,umask=0x00/u	401418	t_run_test	(/home/koga/autobench_perf/src/autobench/aiifft01_lite)
aiifft01_lite	79301	[023]	2603329.711325	92022	cpu/event=0x3C,umask=0x00/u	4010a0	t_run_test	(/home/koga/autobench_perf/src/autobench/aiifft01_lite)
aiifft01_lite	79301	[023]	2603329.711421	92622	cpu/event=0x3C,umask=0x00/u	4015dc	t_run_test	(/home/koga/autobench_perf/src/autobench/aiifft01_lite)
aiifft01_lite	79301	[023]	2603329.711517	93166	cpu/event=0x3C,umask=0x00/u	4010b7	t_run_test	(/home/koga/autobench_perf/src/autobench/aiifft01_lite)
aiifft01_lite	79301	[023]	2603329.711614	93651	cpu/event=0x3C,umask=0x00/u	400cbb	t_run_test	(/home/koga/autobench_perf/src/autobench/aiifft01_lite)
aiifft01_lite	79301	[023]	2603329.711711	94017	cpu/event=0x3C,umask=0x00/u	40145b	t_run_test	(/home/koga/autobench_perf/src/autobench/aiifft01_lite)
aiifft01_lite	79301	[023]	2603329.711808	94373	cpu/event=0x3C,umask=0x00/u	401082	t_run_test	(/home/koga/autobench_perf/src/autobench/aiifft01_lite)
aiifft01_lite	79301	[023]	2603329.711903	94686	cpu/event=0x3C,umask=0x00/u	400ca2	t_run_test	(/home/koga/autobench_perf/src/autobench/aiifft01_lite)
aiifft01_lite	79301	[023]	2603329.712001	95418	cpu/event=0x3C,umask=0x00/u	400904	GetInputValues	(/home/koga/autobench_perf/src/autobench/aiifft01_lite)
aiifft01_lite	79301	[023]	2603329.712099	95647	cpu/event=0x3C,umask=0x00/u	400cae	t_run_test	(/home/koga/autobench_perf/src/autobench/aiifft01_lite)
aiifft01_lite	79301	[023]	2603329.712197	95846	cpu/event=0x3C,umask=0x00/u	401407	t_run_test	(/home/koga/autobench_perf/src/autobench/aiifft01_lite)
aiifft01_lite	79301	[023]	2603329.712296	96030	cpu/event=0x3C,umask=0x00/u	401095	t_run_test	(/home/koga/autobench_perf/src/autobench/aiifft01_lite)
aiifft01_lite	79301	[023]	2603329.712395	96196	cpu/event=0x3C,umask=0x00/u	400ccf	t_run_test	(/home/koga/autobench_perf/src/autobench/aiifft01_lite)
aiifft01_lite	79301	[023]	2603329.712500	96312	cpu/event=0x3C,umask=0x00/u	40142e	t_run_test	(/home/koga/autobench_perf/src/autobench/aiifft01_lite)
aiifft01_lite	79301	[023]	2603329.712599	95814	cpu/event=0x3C,umask=0x00/u	401041	t_run_test	(/home/koga/autobench_perf/src/autobench/aiifft01_lite)
aiifft01_lite	79301	[023]	2603329.712698	95880	cpu/event=0x3C,umask=0x00/u	400cc2	t_run_test	(/home/koga/autobench_perf/src/autobench/aiifft01_lite)
aiifft01_lite	79301	[023]	2603329.712797	96018	cpu/event=0x3C,umask=0x00/u	40090d	GetInputValues	(/home/koga/autobench_perf/src/autobench/aiifft01_lite)
aiifft01_lite	79301	[023]	2603329.712896	96137	cpu/event=0x3C,umask=0x00/u	400cdb	t_run_test	(/home/koga/autobench_perf/src/autobench/aiifft01_lite)
aiifft01_lite	79301	[023]	2603329.712995	96272	cpu/event=0x3C,umask=0x00/u	401443	t_run_test	(/home/koga/autobench_perf/src/autobench/aiifft01_lite)
aiifft01_lite	79301	[023]	2603329.713094	96416	cpu/event=0x3C,umask=0x00/u	40108e	t_run_test	(/home/koga/autobench_perf/src/autobench/aiifft01_lite)
aiifft01_lite	79301	[023]	2603329.713189	96537	cpu/event=0x3C,umask=0x00/u	400caa	t_run_test	(/home/koga/autobench_perf/src/autobench/aiifft01_lite)
aiifft01_lite	79301	[023]	2603329.713289	97056	cpu/event=0x3C,umask=0x00/u	4013f7	t_run_test	(/home/koga/autobench_perf/src/autobench/aiifft01_lite)
aiifft01_lite	79301	[023]	2603329.713389	97106	cpu/event=0x3C,umask=0x00/u	401068	t_run_test	(/home/koga/autobench_perf/src/autobench/aiifft01_lite)
aiifft01_lite	79301	[023]	2603329.713489	97109	cpu/event=0x3C,umask=0x00/u	400ca2	t_run_test	(/home/koga/autobench_perf/src/autobench/aiifft01_lite)
aiifft01_lite	79301	[023]	2603329.713589	97070	cpu/event=0x3C,umask=0x00/u	401443	t_run_test	(/home/koga/autobench_perf/src/autobench/aiifft01_lite)
aiifft01_lite	79301	[023]	2603329.713689	97057	cpu/event=0x3C,umask=0x00/u	400ee0	t_run_test	(/home/koga/autobench_perf/src/autobench/aiifft01_lite)
aiifft01_lite	79301	[023]	2603329.713794	97086	cpu/event=0x3C,umask=0x00/u	4015ad	t_run_test	(/home/koga/autobench_perf/src/autobench/aiifft01_lite)
aiifft01_lite	79301	[023]	2603329.713893	96581	cpu/event=0x3C,umask=0x00/u	401092	t_run_test	(/home/koga/autobench_perf/src/autobench/aiifft01_lite)
aiifft01_lite	79301	[023]	2603329.714012	96462	cpu/event=0x3C,umask=0x00/u	400d5f	t_run_test	(/home/koga/autobench_perf/src/autobench/aiifft01_lite)
aiifft01_lite	79301	[023]	2603329.714111	94606	cpu/event=0x3C,umask=0x00/u	4014a6	t_run_test	(/home/koga/autobench_perf/src/autobench/aiifft01_lite)
aiifft01_lite	79301	[023]	2603329.714209	94679	cpu/event=0x3C,umask=0x00/u	400ffd	t_run_test	(/home/koga/autobench_perf/src/autobench/aiifft01_lite)
aiifft01_lite	79301	[023]	2603329.714307	94957	cpu/event=0x3C,umask=0x00/u	400caa	t_run_test	(/home/koga/autobench_perf/src/autobench/aiifft01_lite)
aiifft01_lite	79301	[023]	2603329.714405	95161	cpu/event=0x3C,umask=0x00/u	4013d8	t_run_test	(/home/koga/autobench_perf/src/autobench/aiifft01_lite)
aiifft01_lite	79301	[023]	2603329.714504	95368	cpu/event=0x3C,umask=0x00/u	400911	GetInputValues	(/home/koga/autobench_perf/src/autobench/aiifft01_lite)
aiifft01_lite	79301	[023]	2603329.714602	95568	cpu/event=0x3C,umask=0x00/u	4014a6	t_run_test	(/home/koga/autobench_perf/src/autobench/aiifft01_lite)
aiifft01_lite	79301	[023]	2603329.714701	95763	cpu/event=0x3C,umask=0x00/u	401008	t_run_test	(/home/koga/autobench_perf/src/autobench/aiifft01_lite)
aiifft01_lite	79301	[023]	2603329.714799	95924	cpu/event=0x3C,umask=0x00/u	400c9f	t_run_test	(/home/koga/autobench_perf/src/autobench/aiifft01_lite)
aiifft01_lite	79301	[023]	2603329.714899	96069	cpu/event=0x3C,umask=0x00/u	40139d	t_run_test	(/home/koga/autobench_perf/src/autobench/aiifft01_lite)
aiifft01_lite	79301	[023]	2603329.715002	96187	cpu/event=0x3C,umask=0x00/u	401047	t_run_test	(/home/koga/autobench_perf/src/autobench/aiifft01_lite)
aiifft01_lite	79301	[023]	2603329.715102	95778	cpu/event=0x3C,umask=0x00/u	400c5d	t_run_test	(/home/koga/autobench_perf/src/autobench/aiifft01_lite)
aiifft01_lite	79301	[023]	2603329.715200	95835	cpu/event=0x3C,umask=0x00/u	40142e	t_run_test	(/home/koga/autobench_perf/src/autobench/aiifft01_lite)
aiifft01_lite	79301	[023]	2603329.715299	95972	cpu/event=0x3C,umask=0x00/u	400904	GetInputValues	(/home/koga/autobench_perf/src/autobench/aiifft01_lite)
aiifft01_lite	79301	[023]	2603329.715398	96120	cpu/event=0x3C,umask=0x00/u	40142e	t_run_test	(/home/koga/autobench_perf/src/autobench/aiifft01_lite)
aiifft01_lite	79301	[023]	2603329.715497	96248	cpu/event=0x3C,umask=0x00/u	401017	t_run_test	(/home/koga/autobench_perf/src/autobench/aiifft01_lite)
aiifft01_lite	79301	[023]	2603329.715596	96396	cpu/event=0x3C,umask=0x00/u	400d4b	t_run_test	(/home/koga/autobench_perf/src/autobench/aiifft01_lite)
aiifft01_lite	79301	[023]	2603329.715695	96508	cpu/event=0x3C,umask=0x00/u	4013ef	t_run_test	(/home/koga/autobench_perf/src/autobench/aiifft01_lite)
aiifft01_lite	79301	[023]	2603329.715795	96608	cpu/event=0x3C,umask=0x00/u	40109c	t_run_test	(/home/koga/autobench_perf/src/autobench/aiifft01_lite)
aiifft01_lite	79301	[023]	2603329.715894	96694	cpu/event=0x3C,umask=0x00/u	400ced	t_run_test	(/home/koga/autobench_perf/src/autobench/aiifft01_lite)
aiifft01_lite	79301	[023]	2603329.715998	96735	cpu/event=0x3C,umask=0x00/u	401446	t_run_test	(/home/koga/autobench_perf/src/autobench/aiifft01_lite)
aiifft01_lite	79301	[023]	2603329.716098	96240	cpu/event=0x3C,umask=0x00/u	401068	t_run_test	(/home/koga/autobench_perf/src/autobench/aiifft01_lite)
aiifft01_lite	79301	[023]	2603329.716197	96294	cpu/event=0x3C,umask=0x00/u	400908	GetInputValues	(/home/koga/autobench_perf/src/autobench/aiifft01_lite)
aiifft01_lite	79301	[023]	2603329.716297	96388	cpu/event=0x3C,umask=0x00/u	401063	t_run_test	(/home/koga/autobench_perf/src/autobench/aiifft01_lite)
aiifft01_lite	79301	[023]	2603329.716396	96465	cpu/event=0x3C,umask=0x00/u	400cae	t_run_test	(/home/koga/autobench_perf/src/autobench/aiifft01_lite)
aiifft01_lite	79301	[023]	2603329.716495	96568	cpu/event=0x3C,umask=0x00/u	401435	t_run_test	(/home/koga/autobench_perf/src/autobench/aiifft01_lite)
aiifft01_lite	79301	[023]	2603329.716594	96664	cpu/event=0x3C,umask=0x00/u	40106b	t_run_test	(/home/koga/autobench_perf/src/autobench/aiifft01_lite)
aiifft01_lite	79301	[023]	2603329.716694	96752	cpu/event=0x3C,umask=0x00/u	400cc2	t_run_test	(/home/koga/autobench_perf/src/autobench/aiifft01_lite)
aiifft01_lite	79301	[023]	2603329.716799	96807	cpu/event=0x3C,umask=0x00/u	4013d0	t_run_test	(/home/koga/autobench_perf/src/autobench/aiifft01_lite)
aiifft01_lite	79301	[023]	2603329.716898	96245	cpu/event=0x3C,umask=0x00/u	4010a0	t_run_test	(/home/koga/autobench_perf/src/autobench/aiifft01_lite)
aiifft01_lite	79301	[023]	2603329.716997	96325	cpu/event=0x3C,umask=0x00/u	400ced	t_run_test	(/home/koga/autobench_perf/src/autobench/aiifft01_lite)
aiifft01_lite	79301	[023]	2603329.717097	96417	cpu/event=0x3C,umask=0x00/u	400904	GetInputValues	(/home/koga/autobench_perf/src/autobench/aiifft01_lite)
aiifft01_lite	79301	[023]	2603329.717196	96473	cpu/event=0x3C,umask=0x00/u	400e82	t_run_test	(/home/koga/autobench_perf/src/autobench/aiifft01_lite)
aiifft01_lite	79301	[023]	2603329.717295	96564	cpu/event=0x3C,umask=0x00/u	4013ef	t_run_test	(/home/koga/autobench_perf/src/autobench/aiifft01_lite)
aiifft01_lite	79301	[023]	2603329.717394	96671	cpu/event=0x3C,umask=0x00/u	40108e	t_run_test	(/home/koga/autobench_perf/src/autobench/aiifft01_lite)
aiifft01_lite	79301	[023]	2603329.717495	96760	cpu/event=0x3C,umask=0x00/u	400ca2	t_run_test	(/home/koga/autobench_perf/src/autobench/aiifft01_lite)
aiifft01_lite	79301	[023]	2603329.717599	96747	cpu/event=0x3C,umask=0x00/u	401454	t_run_test	(/home/koga/autobench_perf/src/autobench/aiifft01_lite)
aiifft01_lite	79301	[023]	2603329.717699	96259	cpu/event=0x3C,umask=0x00/u	401055	t_run_test	(/home/koga/autobench_perf/src/autobench/aiifft01_lite)
aiifft01_lite	79301	[023]	2603329.717798	96293	cpu/event=0x3C,umask=0x00/u	400d10	t_run_test	(/home/koga/autobench_perf/src/autobench/aiifft01_lite)
aiifft01_lite	79301	[023]	2603329.717898	96386	cpu/event=0x3C,umask=0x00/u	401440	t_run_test	(/home/koga/autobench_perf/src/autobench/aiifft01_lite)
aiifft01_lite	79301	[023]	2603329.718009	96377	cpu/event=0x3C,umask=0x00/u	400ee0	t_run_test	(/home/koga/autobench_perf/src/autobench/aiifft01_lite)
aiifft01_lite	79301	[023]	2603329.718108	95170	cpu/event=0x3C,umask=0x00/u	4013a8	t_run_test	(/home/koga/autobench_perf/src/autobench/aiifft01_lite)
aiifft01_lite	79301	[023]	2603329.718206	95253	cpu/event=0x3C,umask=0x00/u	401050	t_run_test	(/home/koga/autobench_perf/src/autobench/aiifft01_lite)
aiifft01_lite	79301	[023]	2603329.718309	95471	cpu/event=0x3C,umask=0x00/u	400cff	t_run_test	(/home/koga/autobench_perf/src/autobench/aiifft01_lite)
aiifft01_lite	79301	[023]	2603329.718408	95122	cpu/event=0x3C,umask=0x00/u	401440	t_run_test	(/home/koga/autobench_perf/src/autobench/aiifft01_lite)
aiifft01_lite	79301	[023]	2603329.718506	95293	cpu/event=0x3C,umask=0x00/u	4010a6	t_run_test	(/home/koga/autobench_perf/src/autobench/aiifft01_lite)
aiifft01_lite	79301	[023]	2603329.718605	95492	cpu/event=0x3C,umask=0x00/u	400d10	t_run_test	(/home/koga/autobench_perf/src/autobench/aiifft01_lite)
aiifft01_lite	79301	[023]	2603329.718704	95648	cpu/event=0x3C,umask=0x00/u	401426	t_run_test	(/home/koga/autobench_perf/src/autobench/aiifft01_lite)
aiifft01_lite	79301	[023]	2603329.718807	95792	cpu/event=0x3C,umask=0x00/u	400911	GetInputValues	(/home/koga/autobench_perf/src/autobench/aiifft01_lite)
aiifft01_lite	79301	[023]	2603329.718906	95414	cpu/event=0x3C,umask=0x00/u	40148c	t_run_test	(/home/koga/autobench_perf/src/autobench/aiifft01_lite)
aiifft01_lite	79301	[023]	2603329.719004	95562	cpu/event=0x3C,umask=0x00/u	40109c	t_run_test	(/home/koga/autobench_perf/src/autobench/aiifft01_lite)
aiifft01_lite	79301	[023]	2603329.719103	95764	cpu/event=0x3C,umask=0x00/u	400c9f	t_run_test	(/home/koga/autobench_perf/src/autobench/aiifft01_lite)
aiifft01_lite	79301	[023]	2603329.719201	95945	cpu/event=0x3C,umask=0x00/u	4013e0	t_run_test	(/home/koga/autobench_perf/src/autobench/aiifft01_lite)
aiifft01_lite	79301	[023]	2603329.719300	96120	cpu/event=0x3C,umask=0x00/u	40107e	t_run_test	(/home/koga/autobench_perf/src/autobench/aiifft01_lite)
aiifft01_lite	79301	[023]	2603329.719404	96254	cpu/event=0x3C,umask=0x00/u	400caa	t_run_test	(/home/koga/autobench_perf/src/autobench/aiifft01_lite)
aiifft01_lite	79301	[023]	2603329.719503	95793	cpu/event=0x3C,umask=0x00/u	401446	t_run_test	(/home/koga/autobench_perf/src/autobench/aiifft01_lite)
aiifft01_lite	79301	[023]	2603329.719602	95866	cpu/event=0x3C,umask=0x00/u	400908	GetInputValues	(/home/koga/autobench_perf/src/autobench/aiifft01_lite)
aiifft01_lite	79301	[023]	2603329.719701	96021	cpu/event=0x3C,umask=0x00/u	40145e	t_run_test	(/home/koga/autobench_perf/src/autobench/aiifft01_lite)
aiifft01_lite	79301	[023]	2603329.719800	96164	cpu/event=0x3C,umask=0x00/u	400ffd	t_run_test	(/home/koga/autobench_perf/src/autobench/aiifft01_lite)
aiifft01_lite	79301	[023]	2603329.719900	96296	cpu/event=0x3C,umask=0x00/u	400c9c	t_run_test	(/home/koga/autobench_perf/src/autobench/aiifft01_lite)
aiifft01_lite	79301	[023]	2603329.720000	96273	cpu/event=0x3C,umask=0x00/u	401426	t_run_test	(/home/koga/autobench_perf/src/autobench/aiifft01_lite)
aiifft01_lite	79301	[023]	2603329.720098	96350	cpu/event=0x3C,umask=0x00/u	4010bb	t_run_test	(/home/koga/autobench_perf/src/autobench/aiifft01_lite)
aiifft01_lite	79301	[023]	2603329.720198	96478	cpu/event=0x3C,umask=0x00/u	400cae	t_run_test	(/home/koga/autobench_perf/src/autobench/aiifft01_lite)
aiifft01_lite	79301	[023]	2603329.720302	96524	cpu/event=0x3C,umask=0x00/u	40143c	t_run_test	(/home/koga/autobench_perf/src/autobench/aiifft01_lite)
aiifft01_lite	79301	[023]	2603329.720402	96055	cpu/event=0x3C,umask=0x00/u	400f27	t_run_test	(/home/koga/autobench_perf/src/autobench/aiifft01_lite)
aiifft01_lite	79301	[023]	2603329.720501	96128	cpu/event=0x3C,umask=0x00/u	400904	GetInputValues	(/home/koga/autobench_perf/src/autobench/aiifft01_lite)
aiifft01_lite	79301	[023]	2603329.720605	96246	cpu/event=0x3C,umask=0x00/u	401055	t_run_test	(/home/koga/autobench_perf/src/autobench/aiifft01_lite)
aiifft01_lite	79301	[023]	2603329.720704	95784	cpu/event=0x3C,umask=0x00/u	400c55	t_run_test	(/home/koga/autobench_perf/src/autobench/aiifft01_lite)
aiifft01_lite	79301	[023]	2603329.720802	95906	cpu/event=0x3C,umask=0x00/u	401439	t_run_test	(/home/koga/autobench_perf/src/autobench/aiifft01_lite)
aiifft01_lite	79301	[023]	2603329.720902	96068	cpu/event=0x3C,umask=0x00/u	4010a6	t_run_test	(/home/koga/autobench_perf/src/autobench/aiifft01_lite)
aiifft01_lite	79301	[023]	2603329.721005	96146	cpu/event=0x3C,umask=0x00/u	400c98	t_run_test	(/home/koga/autobench_perf/src/autobench/aiifft01_lite)
aiifft01_lite	79301	[023]	2603329.721104	95750	cpu/event=0x3C,umask=0x00/u	4013ef	t_run_test	(/home/koga/autobench_perf/src/autobench/aiifft01_lite)
aiifft01_lite	79301	[023]	2603329.721203	95824	cpu/event=0x3C,umask=0x00/u	4010a6	t_run_test	(/home/koga/autobench_perf/src/autobench/aiifft01_lite)
aiifft01_lite	79301	[023]	2603329.721307	95969	cpu/event=0x3C,umask=0x00/u	400904	GetInputValues	(/home/koga/autobench_perf/src/autobench/aiifft01_lite)
aiifft01_lite	79301	[023]	2603329.721406	95548	cpu/event=0x3C,umask=0x00/u	40103d	t_run_test	(/home/koga/autobench_perf/src/autobench/aiifft01_lite)
aiifft01_lite	79301	[023]	2603329.721509	95658	cpu/event=0x3C,umask=0x00/u	400d10	t_run_test	(/home/koga/autobench_perf/src/autobench/aiifft01_lite)
aiifft01_lite	79301	[023]	2603329.721608	95309	cpu/event=0x3C,umask=0x00/u	401426	t_run_test	(/home/koga/autobench_perf/src/autobench/aiifft01_lite)
aiifft01_lite	79301	[023]	2603329.721706	95469	cpu/event=0x3C,umask=0x00/u	401047	t_run_test	(/home/koga/autobench_perf/src/autobench/aiifft01_lite)
aiifft01_lite	79301	[023]	2603329.721809	95623	cpu/event=0x3C,umask=0x00/u	400ced	t_run_test	(/home/koga/autobench_perf/src/autobench/aiifft01_lite)
aiifft01_lite	79301	[023]	2603329.721908	95268	cpu/event=0x3C,umask=0x00/u	4013e0	t_run_test	(/home/koga/autobench_perf/src/autobench/aiifft01_lite)
aiifft01_lite	79301	[023]	2603329.722030	95425	cpu/event=0x3C,umask=0x00/u	400ef0	t_run_test	(/home/koga/autobench_perf/src/autobench/aiifft01_lite)
aiifft01_lite	79301	[023]	2603329.722129	93289	cpu/event=0x3C,umask=0x00/u	4014ad	t_run_test	(/home/koga/autobench_perf/src/autobench/aiifft01_lite)
aiifft01_lite	79301	[023]	2603329.722235	93433	cpu/event=0x3C,umask=0x00/u	401086	t_run_test	(/home/koga/autobench_perf/src/autobench/aiifft01_lite)
aiifft01_lite	79301	[023]	2603329.722325	92716	cpu/event=0x3C,umask=0x00/u	400d09	t_run_test	(/home/koga/autobench_perf/src/autobench/aiifft01_lite)
aiifft01_lite	79301	[023]	2603329.722418	94112	cpu/event=0x3C,umask=0x00/u	40142e	t_run_test	(/home/koga/autobench_perf/src/autobench/aiifft01_lite)
aiifft01_lite	79301	[023]	2603329.722508	94971	cpu/event=0x3C,umask=0x00/u	401092	t_run_test	(/home/koga/autobench_perf/src/autobench/aiifft01_lite)
aiifft01_lite	79301	[023]	2603329.722603	96286	cpu/event=0x3C,umask=0x00/u	400904	GetInputValues	(/home/koga/autobench_perf/src/autobench/aiifft01_lite)
aiifft01_lite	79301	[023]	2603329.722695	96949	cpu/event=0x3C,umask=0x00/u	400ff0	t_run_test	(/home/koga/autobench_perf/src/autobench/aiifft01_lite)
aiifft01_lite	79301	[023]	2603329.722791	98021	cpu/event=0x3C,umask=0x00/u	400ced	t_run_test	(/home/koga/autobench_perf/src/autobench/aiifft01_lite)
aiifft01_lite	79301	[023]	2603329.722889	98473	cpu/event=0x3C,umask=0x00/u	401439	t_run_test	(/home/koga/autobench_perf/src/autobench/aiifft01_lite)
aiifft01_lite	79301	[023]	2603329.722982	98731	cpu/event=0x3C,umask=0x00/u	40102a	t_run_test	(/home/koga/autobench_perf/src/autobench/aiifft01_lite)
aiifft01_lite	79301	[023]	2603329.723077	99586	cpu/event=0x3C,umask=0x00/u	400ce1	t_run_test	(/home/koga/autobench_perf/src/autobench/aiifft01_lite)
aiifft01_lite	79301	[023]	2603329.723175	100321	cpu/event=0x3C,umask=0x00/u	40139d	t_run_test	(/home/koga/autobench_perf/src/autobench/aiifft01_lite)
aiifft01_lite	79301	[023]	2603329.723270	100520	cpu/event=0x3C,umask=0x00/u	40106f	t_run_test	(/home/koga/autobench_perf/src/autobench/aiifft01_lite)
aiifft01_lite	79301	[023]	2603329.723369	101224	cpu/event=0x3C,umask=0x00/u	400c9f	t_run_test	(/home/koga/autobench_perf/src/autobench/aiifft01_lite)
aiifft01_lite	79301	[023]	2603329.723469	101331	cpu/event=0x3C,umask=0x00/u	401418	t_run_test	(/home/koga/autobench_perf/src/autobench/aiifft01_lite)
aiifft01_lite	79301	[023]	2603329.723565	101351	cpu/event=0x3C,umask=0x00/u	401095	t_run_test	(/home/koga/autobench_perf/src/autobench/aiifft01_lite)
aiifft01_lite	79301	[023]	2603329.723665	101938	cpu/event=0x3C,umask=0x00/u	400c9c	t_run_test	(/home/koga/autobench_perf/src/autobench/aiifft01_lite)
aiifft01_lite	79301	[023]	2603329.723765	101948	cpu/event=0x3C,umask=0x00/u	4013d0	t_run_test	(/home/koga/autobench_perf/src/autobench/aiifft01_lite)
aiifft01_lite	79301	[023]	2603329.723866	101898	cpu/event=0x3C,umask=0x00/u	401047	t_run_test	(/home/koga/autobench_perf/src/autobench/aiifft01_lite)
aiifft01_lite	79301	[023]	2603329.723962	101820	cpu/event=0x3C,umask=0x00/u	400d05	t_run_test	(/home/koga/autobench_perf/src/autobench/aiifft01_lite)
aiifft01_lite	79301	[023]	2603329.724062	102329	cpu/event=0x3C,umask=0x00/u	4013ff	t_run_test	(/home/koga/autobench_perf/src/autobench/aiifft01_lite)
aiifft01_lite	79301	[023]	2603329.724163	102261	cpu/event=0x3C,umask=0x00/u	4010a6	t_run_test	(/home/koga/autobench_perf/src/autobench/aiifft01_lite)
aiifft01_lite	79301	[023]	2603329.724263	102211	cpu/event=0x3C,umask=0x00/u	400c9f	t_run_test	(/home/koga/autobench_perf/src/autobench/aiifft01_lite)
aiifft01_lite	79301	[023]	2603329.724364	102144	cpu/event=0x3C,umask=0x00/u	401426	t_run_test	(/home/koga/autobench_perf/src/autobench/aiifft01_lite)
aiifft01_lite	79301	[023]	2603329.724460	102053	cpu/event=0x3C,umask=0x00/u	401058	t_run_test	(/home/koga/autobench_perf/src/autobench/aiifft01_lite)
aiifft01_lite	79301	[023]	2603329.724561	102574	cpu/event=0x3C,umask=0x00/u	400cae	t_run_test	(/home/koga/autobench_perf/src/autobench/aiifft01_lite)
aiifft01_lite	79301	[023]	2603329.724662	102481	cpu/event=0x3C,umask=0x00/u	4013e0	t_run_test	(/home/koga/autobench_perf/src/autobench/aiifft01_lite)
aiifft01_lite	79301	[023]	2603329.724762	102385	cpu/event=0x3C,umask=0x00/u	401041	t_run_test	(/home/koga/autobench_perf/src/autobench/aiifft01_lite)
aiifft01_lite	79301	[023]	2603329.724863	102318	cpu/event=0x3C,umask=0x00/u	400d0c	t_run_test	(/home/koga/autobench_perf/src/autobench/aiifft01_lite)
aiifft01_lite	79301	[023]	2603329.724960	102206	cpu/event=0x3C,umask=0x00/u	40141e	t_run_test	(/home/koga/autobench_perf/src/autobench/aiifft01_lite)
aiifft01_lite	79301	[023]	2603329.725061	102545	cpu/event=0x3C,umask=0x00/u	401068	t_run_test	(/home/koga/autobench_perf/src/autobench/aiifft01_lite)
aiifft01_lite	79301	[023]	2603329.725158	102444	cpu/event=0x3C,umask=0x00/u	400cf1	t_run_test	(/home/koga/autobench_perf/src/autobench/aiifft01_lite)
aiifft01_lite	79301	[023]	2603329.725259	102907	cpu/event=0x3C,umask=0x00/u	401426	t_run_test	(/home/koga/autobench_perf/src/autobench/aiifft01_lite)
aiifft01_lite	79301	[023]	2603329.725360	102799	cpu/event=0x3C,umask=0x00/u	401099	t_run_test	(/home/koga/autobench_perf/src/autobench/aiifft01_lite)
aiifft01_lite	79301	[023]	2603329.725460	102672	cpu/event=0x3C,umask=0x00/u	400c43	t_run_test	(/home/koga/autobench_perf/src/autobench/aiifft01_lite)
aiifft01_lite	79301	[023]	2603329.725561	102554	cpu/event=0x3C,umask=0x00/u	401386	t_run_test	(/home/koga/autobench_perf/src/autobench/aiifft01_lite)
aiifft01_lite	79301	[023]	2603329.725662	102454	cpu/event=0x3C,umask=0x00/u	401086	t_run_test	(/home/koga/autobench_perf/src/autobench/aiifft01_lite)
aiifft01_lite	79301	[023]	2603329.725763	102351	cpu/event=0x3C,umask=0x00/u	400d1a	t_run_test	(/home/koga/autobench_perf/src/autobench/aiifft01_lite)
aiifft01_lite	79301	[023]	2603329.725864	102235	cpu/event=0x3C,umask=0x00/u	4014bd	t_run_test	(/home/koga/autobench_perf/src/autobench/aiifft01_lite)
aiifft01_lite	79301	[023]	2603329.725974	102022	cpu/event=0x3C,umask=0x00/u	401058	t_run_test	(/home/koga/autobench_perf/src/autobench/aiifft01_lite)
aiifft01_lite	79301	[023]	2603329.726075	100814	cpu/event=0x3C,umask=0x00/u	400ced	t_run_test	(/home/koga/autobench_perf/src/autobench/aiifft01_lite)
aiifft01_lite	79301	[023]	2603329.726174	100686	cpu/event=0x3C,umask=0x00/u	4013e6	t_run_test	(/home/koga/autobench_perf/src/autobench/aiifft01_lite)
aiifft01_lite	79301	[023]	2603329.726274	100794	cpu/event=0x3C,umask=0x00/u	401086	t_run_test	(/home/koga/autobench_perf/src/autobench/aiifft01_lite)
aiifft01_lite	79301	[023]	2603329.726373	100878	cpu/event=0x3C,umask=0x00/u	400cdb	t_run_test	(/home/koga/autobench_perf/src/autobench/aiifft01_lite)
aiifft01_lite	79301	[023]	2603329.726473	100974	cpu/event=0x3C,umask=0x00/u	4013e6	t_run_test	(/home/koga/autobench_perf/src/autobench/aiifft01_lite)
aiifft01_lite	79301	[023]	2603329.726568	101014	cpu/event=0x3C,umask=0x00/u	4010a6	t_run_test	(/home/koga/autobench_perf/src/autobench/aiifft01_lite)
aiifft01_lite	79301	[023]	2603329.726668	101617	cpu/event=0x3C,umask=0x00/u	400d1a	t_run_test	(/home/koga/autobench_perf/src/autobench/aiifft01_lite)
aiifft01_lite	79301	[023]	2603329.726768	101659	cpu/event=0x3C,umask=0x00/u	40144d	t_run_test	(/home/koga/autobench_perf/src/autobench/aiifft01_lite)
aiifft01_lite	79301	[023]	2603329.726868	101660	cpu/event=0x3C,umask=0x00/u	4010a0	t_run_test	(/home/koga/autobench_perf/src/autobench/aiifft01_lite)
aiifft01_lite	79301	[023]	2603329.726968	101687	cpu/event=0x3C,umask=0x00/u	400cf7	t_run_test	(/home/koga/autobench_perf/src/autobench/aiifft01_lite)
aiifft01_lite	79301	[023]	2603329.727068	101700	cpu/event=0x3C,umask=0x00/u	401435	t_run_test	(/home/koga/autobench_perf/src/autobench/aiifft01_lite)
aiifft01_lite	79301	[023]	2603329.727168	101678	cpu/event=0x3C,umask=0x00/u	401039	t_run_test	(/home/koga/autobench_perf/src/autobench/aiifft01_lite)
aiifft01_lite	79301	[023]	2603329.727268	101694	cpu/event=0x3C,umask=0x00/u	400cca	t_run_test	(/home/koga/autobench_perf/src/autobench/aiifft01_lite)
aiifft01_lite	79301	[023]	2603329.727368	101698	cpu/event=0x3C,umask=0x00/u	4012ac	t_run_test	(/home/koga/autobench_perf/src/autobench/aiifft01_lite)
aiifft01_lite	79301	[023]	2603329.727468	101651	cpu/event=0x3C,umask=0x00/u	400f27	t_run_test	(/home/koga/autobench_perf/src/autobench/aiifft01_lite)
aiifft01_lite	79301	[023]	2603329.727568	101616	cpu/event=0x3C,umask=0x00/u	400b33	t_run_test	(/home/koga/autobench_perf/src/autobench/aiifft01_lite)
aiifft01_lite	79301	[023]	2603329.727664	101632	cpu/event=0x3C,umask=0x00/u	401286	t_run_test	(/home/koga/autobench_perf/src/autobench/aiifft01_lite)
aiifft01_lite	79301	[023]	2603329.727764	102119	cpu/event=0x3C,umask=0x00/u	400ef8	t_run_test	(/home/koga/autobench_perf/src/autobench/aiifft01_lite)
aiifft01_lite	79301	[023]	2603329.727865	102138	cpu/event=0x3C,umask=0x00/u	400b3b	t_run_test	(/home/koga/autobench_perf/src/autobench/aiifft01_lite)
aiifft01_lite	79301	[023]	2603329.727966	102046	cpu/event=0x3C,umask=0x00/u	400911	GetInputValues	(/home/koga/autobench_perf/src/autobench/aiifft01_lite)
aiifft01_lite	79301	[023]	2603329.728066	101982	cpu/event=0x3C,umask=0x00/u	400ee0	t_run_test	(/home/koga/autobench_perf/src/autobench/aiifft01_lite)
aiifft01_lite	79301	[023]	2603329.728166	101947	cpu/event=0x3C,umask=0x00/u	400904	GetInputValues	(/home/koga/autobench_perf/src/autobench/aiifft01_lite)
aiifft01_lite	79301	[023]	2603329.728266	101915	cpu/event=0x3C,umask=0x00/u	400904	GetInputValues	(/home/koga/autobench_perf/src/autobench/aiifft01_lite)
aiifft01_lite	79301	[023]	2603329.728367	101877	cpu/event=0x3C,umask=0x00/u	40090d	GetInputValues	(/home/koga/autobench_perf/src/autobench/aiifft01_lite)
aiifft01_lite	79301	[023]	2603329.728467	101841	cpu/event=0x3C,umask=0x00/u	400908	GetInputValues	(/home/koga/autobench_perf/src/autobench/aiifft01_lite)
aiifft01_lite	79301	[023]	2603329.728567	101829	cpu/event=0x3C,umask=0x00/u	400904	GetInputValues	(/home/koga/autobench_perf/src/autobench/aiifft01_lite)
aiifft01_lite	79301	[023]	2603329.728667	101759	cpu/event=0x3C,umask=0x00/u	400904	GetInputValues	(/home/koga/autobench_perf/src/autobench/aiifft01_lite)
aiifft01_lite	79301	[023]	2603329.728763	101770	cpu/event=0x3C,umask=0x00/u	400904	GetInputValues	(/home/koga/autobench_perf/src/autobench/aiifft01_lite)
aiifft01_lite	79301	[023]	2603329.728863	102318	cpu/event=0x3C,umask=0x00/u	400908	GetInputValues	(/home/koga/autobench_perf/src/autobench/aiifft01_lite)
aiifft01_lite	79301	[023]	2603329.728964	102286	cpu/event=0x3C,umask=0x00/u	400915	GetInputValues	(/home/koga/autobench_perf/src/autobench/aiifft01_lite)
aiifft01_lite	79301	[023]	2603329.729065	102209	cpu/event=0x3C,umask=0x00/u	400904	GetInputValues	(/home/koga/autobench_perf/src/autobench/aiifft01_lite)
aiifft01_lite	79301	[023]	2603329.729165	102143	cpu/event=0x3C,umask=0x00/u	400915	GetInputValues	(/home/koga/autobench_perf/src/autobench/aiifft01_lite)
aiifft01_lite	79301	[023]	2603329.729266	102064	cpu/event=0x3C,umask=0x00/u	400908	GetInputValues	(/home/koga/autobench_perf/src/autobench/aiifft01_lite)
aiifft01_lite	79301	[023]	2603329.729366	102023	cpu/event=0x3C,umask=0x00/u	400904	GetInputValues	(/home/koga/autobench_perf/src/autobench/aiifft01_lite)
aiifft01_lite	79301	[023]	2603329.729466	102000	cpu/event=0x3C,umask=0x00/u	400904	GetInputValues	(/home/koga/autobench_perf/src/autobench/aiifft01_lite)
aiifft01_lite	79301	[023]	2603329.729566	101950	cpu/event=0x3C,umask=0x00/u	40090d	GetInputValues	(/home/koga/autobench_perf/src/autobench/aiifft01_lite)
aiifft01_lite	79301	[023]	2603329.729666	101951	cpu/event=0x3C,umask=0x00/u	400911	GetInputValues	(/home/koga/autobench_perf/src/autobench/aiifft01_lite)
aiifft01_lite	79301	[023]	2603329.729766	101948	cpu/event=0x3C,umask=0x00/u	400904	GetInputValues	(/home/koga/autobench_perf/src/autobench/aiifft01_lite)
aiifft01_lite	79301	[023]	2603329.729866	101921	cpu/event=0x3C,umask=0x00/u	40090d	GetInputValues	(/home/koga/autobench_perf/src/autobench/aiifft01_lite)
aiifft01_lite	79301	[023]	2603329.729980	101924	cpu/event=0x3C,umask=0x00/u	4015c6	t_run_test	(/home/koga/autobench_perf/src/autobench/aiifft01_lite)
aiifft01_lite	79301	[023]	2603329.730077	100332	cpu/event=0x3C,umask=0x00/u	40120d	t_run_test	(/home/koga/autobench_perf/src/autobench/aiifft01_lite)
aiifft01_lite	79301	[023]	2603329.730176	100828	cpu/event=0x3C,umask=0x00/u	400ea2	t_run_test	(/home/koga/autobench_perf/src/autobench/aiifft01_lite)
aiifft01_lite	79301	[023]	2603329.730286	100955	cpu/event=0x3C,umask=0x00/u	40148c	t_run_test	(/home/koga/autobench_perf/src/autobench/aiifft01_lite)
aiifft01_lite	79301	[023]	2603329.730378	99783	cpu/event=0x3C,umask=0x00/u	401008	t_run_test	(/home/koga/autobench_perf/src/autobench/aiifft01_lite)
aiifft01_lite	79301	[023]	2603329.730470	100793	cpu/event=0x3C,umask=0x00/u	400c77	t_run_test	(/home/koga/autobench_perf/src/autobench/aiifft01_lite)
aiifft01_lite	79301	[023]	2603329.730566	101978	cpu/event=0x3C,umask=0x00/u	4013f7	t_run_test	(/home/koga/autobench_perf/src/autobench/aiifft01_lite)
aiifft01_lite	79301	[023]	2603329.730659	102542	cpu/event=0x3C,umask=0x00/u	40102a	t_run_test	(/home/koga/autobench_perf/src/autobench/aiifft01_lite)
aiifft01_lite	79301	[023]	2603329.730752	103506	cpu/event=0x3C,umask=0x00/u	400c9f	t_run_test	(/home/koga/autobench_perf/src/autobench/aiifft01_lite)
aiifft01_lite	79301	[023]	2603329.730842	104419	cpu/event=0x3C,umask=0x00/u	401413	t_run_test	(/home/koga/autobench_perf/src/autobench/aiifft01_lite)
aiifft01_lite	79301	[023]	2603329.730937	105869	cpu/event=0x3C,umask=0x00/u	40106b	t_run_test	(/home/koga/autobench_perf/src/autobench/aiifft01_lite)
aiifft01_lite	79301	[023]	2603329.731033	106570	cpu/event=0x3C,umask=0x00/u	400ced	t_run_test	(/home/koga/autobench_perf/src/autobench/aiifft01_lite)
aiifft01_lite	79301	[023]	2603329.731129	107176	cpu/event=0x3C,umask=0x00/u	400904	GetInputValues	(/home/koga/autobench_perf/src/autobench/aiifft01_lite)
aiifft01_lite	79301	[023]	2603329.731226	107648	cpu/event=0x3C,umask=0x00/u	40127e	t_run_test	(/home/koga/autobench_perf/src/autobench/aiifft01_lite)
aiifft01_lite	79301	[023]	2603329.731323	108075	cpu/event=0x3C,umask=0x00/u	4010ce	t_run_test	(/home/koga/autobench_perf/src/autobench/aiifft01_lite)
aiifft01_lite	79301	[023]	2603329.731421	108449	cpu/event=0x3C,umask=0x00/u	400c98	t_run_test	(/home/koga/autobench_perf/src/autobench/aiifft01_lite)
aiifft01_lite	79301	[023]	2603329.731519	108783	cpu/event=0x3C,umask=0x00/u	401440	t_run_test	(/home/koga/autobench_perf/src/autobench/aiifft01_lite)
aiifft01_lite	79301	[023]	2603329.731617	109110	cpu/event=0x3C,umask=0x00/u	401058	t_run_test	(/home/koga/autobench_perf/src/autobench/aiifft01_lite)
aiifft01_lite	79301	[023]	2603329.731715	109364	cpu/event=0x3C,umask=0x00/u	400cde	t_run_test	(/home/koga/autobench_perf/src/autobench/aiifft01_lite)
aiifft01_lite	79301	[023]	2603329.731814	109599	cpu/event=0x3C,umask=0x00/u	40146e	t_run_test	(/home/koga/autobench_perf/src/autobench/aiifft01_lite)
aiifft01_lite	79301	[023]	2603329.731912	109820	cpu/event=0x3C,umask=0x00/u	40120d	t_run_test	(/home/koga/autobench_perf/src/autobench/aiifft01_lite)
aiifft01_lite	79301	[023]	2603329.732011	110026	cpu/event=0x3C,umask=0x00/u	400f27	t_run_test	(/home/koga/autobench_perf/src/autobench/aiifft01_lite)
aiifft01_lite	79301	[023]	2603329.732109	110244	cpu/event=0x3C,umask=0x00/u	400d09	t_run_test	(/home/koga/autobench_perf/src/autobench/aiifft01_lite)
aiifft01_lite	79301	[023]	2603329.732209	110400	cpu/event=0x3C,umask=0x00/u	40145e	t_run_test	(/home/koga/autobench_perf/src/autobench/aiifft01_lite)
aiifft01_lite	79301	[023]	2603329.732304	110494	cpu/event=0x3C,umask=0x00/u	40107e	t_run_test	(/home/koga/autobench_perf/src/autobench/aiifft01_lite)
aiifft01_lite	79301	[023]	2603329.732403	111166	cpu/event=0x3C,umask=0x00/u	400c94	t_run_test	(/home/koga/autobench_perf/src/autobench/aiifft01_lite)
aiifft01_lite	79301	[023]	2603329.732503	111303	cpu/event=0x3C,umask=0x00/u	401439	t_run_test	(/home/koga/autobench_perf/src/autobench/aiifft01_lite)
aiifft01_lite	79301	[023]	2603329.732603	111339	cpu/event=0x3C,umask=0x00/u	401276	t_run_test	(/home/koga/autobench_perf/src/autobench/aiifft01_lite)
aiifft01_lite	79301	[023]	2603329.732703	111351	cpu/event=0x3C,umask=0x00/u	401099	t_run_test	(/home/koga/autobench_perf/src/autobench/aiifft01_lite)
aiifft01_lite	79301	[023]	2603329.732803	111359	cpu/event=0x3C,umask=0x00/u	400c65	t_run_test	(/home/koga/autobench_perf/src/autobench/aiifft01_lite)
aiifft01_lite	79301	[023]	2603329.732902	111384	cpu/event=0x3C,umask=0x00/u	401439	t_run_test	(/home/koga/autobench_perf/src/autobench/aiifft01_lite)
aiifft01_lite	79301	[023]	2603329.733002	111407	cpu/event=0x3C,umask=0x00/u	40103d	t_run_test	(/home/koga/autobench_perf/src/autobench/aiifft01_lite)
aiifft01_lite	79301	[023]	2603329.733102	111414	cpu/event=0x3C,umask=0x00/u	400904	GetInputValues	(/home/koga/autobench_perf/src/autobench/aiifft01_lite)
aiifft01_lite	79301	[023]	2603329.733202	111470	cpu/event=0x3C,umask=0x00/u	400c9c	t_run_test	(/home/koga/autobench_perf/src/autobench/aiifft01_lite)
aiifft01_lite	79301	[023]	2603329.733302	111481	cpu/event=0x3C,umask=0x00/u	4013ef	t_run_test	(/home/koga/autobench_perf/src/autobench/aiifft01_lite)
aiifft01_lite	79301	[023]	2603329.733402	111448	cpu/event=0x3C,umask=0x00/u	401039	t_run_test	(/home/koga/autobench_perf/src/autobench/aiifft01_lite)
aiifft01_lite	79301	[023]	2603329.733502	111435	cpu/event=0x3C,umask=0x00/u	400d10	t_run_test	(/home/koga/autobench_perf/src/autobench/aiifft01_lite)
aiifft01_lite	79301	[023]	2603329.733602	111464	cpu/event=0x3C,umask=0x00/u	401486	t_run_test	(/home/koga/autobench_perf/src/autobench/aiifft01_lite)
aiifft01_lite	79301	[023]	2603329.733697	111533	cpu/event=0x3C,umask=0x00/u	401276	t_run_test	(/home/koga/autobench_perf/src/autobench/aiifft01_lite)
aiifft01_lite	79301	[023]	2603329.733798	112127	cpu/event=0x3C,umask=0x00/u	401044	t_run_test	(/home/koga/autobench_perf/src/autobench/aiifft01_lite)
aiifft01_lite	79301	[023]	2603329.733898	112108	cpu/event=0x3C,umask=0x00/u	400d02	t_run_test	(/home/koga/autobench_perf/src/autobench/aiifft01_lite)
aiifft01_lite	79301	[023]	2603329.734009	111771	cpu/event=0x3C,umask=0x00/u	401435	t_run_test	(/home/koga/autobench_perf/src/autobench/aiifft01_lite)
aiifft01_lite	79301	[023]	2603329.734109	110427	cpu/event=0x3C,umask=0x00/u	400ff5	t_run_test	(/home/koga/autobench_perf/src/autobench/aiifft01_lite)
aiifft01_lite	79301	[023]	2603329.734208	110401	cpu/event=0x3C,umask=0x00/u	400e6f	t_run_test	(/home/koga/autobench_perf/src/autobench/aiifft01_lite)
aiifft01_lite	79301	[023]	2603329.734307	110540	cpu/event=0x3C,umask=0x00/u	400b69	t_run_test	(/home/koga/autobench_perf/src/autobench/aiifft01_lite)
aiifft01_lite	79301	[023]	2603329.734406	110704	cpu/event=0x3C,umask=0x00/u	401432	t_run_test	(/home/koga/autobench_perf/src/autobench/aiifft01_lite)
aiifft01_lite	79301	[023]	2603329.734506	110758	cpu/event=0x3C,umask=0x00/u	401078	t_run_test	(/home/koga/autobench_perf/src/autobench/aiifft01_lite)
aiifft01_lite	79301	[023]	2603329.734605	110836	cpu/event=0x3C,umask=0x00/u	400c5d	t_run_test	(/home/koga/autobench_perf/src/autobench/aiifft01_lite)
aiifft01_lite	79301	[023]	2603329.734701	110906	cpu/event=0x3C,umask=0x00/u	40144d	t_run_test	(/home/koga/autobench_perf/src/autobench/aiifft01_lite)
aiifft01_lite	79301	[023]	2603329.734800	111595	cpu/event=0x3C,umask=0x00/u	40123c	t_run_test	(/home/koga/autobench_perf/src/autobench/aiifft01_lite)
aiifft01_lite	79301	[023]	2603329.734900	111685	cpu/event=0x3C,umask=0x00/u	4010a6	t_run_test	(/home/koga/autobench_perf/src/autobench/aiifft01_lite)
aiifft01_lite	79301	[023]	2603329.735000	111672	cpu/event=0x3C,umask=0x00/u	400d13	t_run_test	(/home/koga/autobench_perf/src/autobench/aiifft01_lite)
aiifft01_lite	79301	[023]	2603329.735100	111636	cpu/event=0x3C,umask=0x00/u	401407	t_run_test	(/home/koga/autobench_perf/src/autobench/aiifft01_lite)
aiifft01_lite	79301	[023]	2603329.735200	111632	cpu/event=0x3C,umask=0x00/u	4010d7	t_run_test	(/home/koga/autobench_perf/src/autobench/aiifft01_lite)
aiifft01_lite	79301	[023]	2603329.735301	111625	cpu/event=0x3C,umask=0x00/u	400c98	t_run_test	(/home/koga/autobench_perf/src/autobench/aiifft01_lite)
aiifft01_lite	79301	[023]	2603329.735400	111611	cpu/event=0x3C,umask=0x00/u	400b3b	t_run_test	(/home/koga/autobench_perf/src/autobench/aiifft01_lite)
aiifft01_lite	79301	[023]	2603329.735500	111645	cpu/event=0x3C,umask=0x00/u	4013dc	t_run_test	(/home/koga/autobench_perf/src/autobench/aiifft01_lite)
aiifft01_lite	79301	[023]	2603329.735601	111623	cpu/event=0x3C,umask=0x00/u	401047	t_run_test	(/home/koga/autobench_perf/src/autobench/aiifft01_lite)
aiifft01_lite	79301	[023]	2603329.735701	111552	cpu/event=0x3C,umask=0x00/u	400c98	t_run_test	(/home/koga/autobench_perf/src/autobench/aiifft01_lite)
aiifft01_lite	79301	[023]	2603329.735801	111542	cpu/event=0x3C,umask=0x00/u	40148c	t_run_test	(/home/koga/autobench_perf/src/autobench/aiifft01_lite)
aiifft01_lite	79301	[023]	2603329.735901	111603	cpu/event=0x3C,umask=0x00/u	400904	GetInputValues	(/home/koga/autobench_perf/src/autobench/aiifft01_lite)
aiifft01_lite	79301	[023]	2603329.736001	111572	cpu/event=0x3C,umask=0x00/u	4010be	t_run_test	(/home/koga/autobench_perf/src/autobench/aiifft01_lite)
aiifft01_lite	79301	[023]	2603329.736101	111565	cpu/event=0x3C,umask=0x00/u	400cd7	t_run_test	(/home/koga/autobench_perf/src/autobench/aiifft01_lite)
aiifft01_lite	79301	[023]	2603329.736201	111565	cpu/event=0x3C,umask=0x00/u	4013ff	t_run_test	(/home/koga/autobench_perf/src/autobench/aiifft01_lite)
aiifft01_lite	79301	[023]	2603329.736301	111561	cpu/event=0x3C,umask=0x00/u	400ffd	t_run_test	(/home/koga/autobench_perf/src/autobench/aiifft01_lite)
aiifft01_lite	79301	[023]	2603329.736397	111576	cpu/event=0x3C,umask=0x00/u	400ea5	t_run_test	(/home/koga/autobench_perf/src/autobench/aiifft01_lite)
aiifft01_lite	79301	[023]	2603329.736497	112192	cpu/event=0x3C,umask=0x00/u	400b74	t_run_test	(/home/koga/autobench_perf/src/autobench/aiifft01_lite)
aiifft01_lite	79301	[023]	2603329.736597	112192	cpu/event=0x3C,umask=0x00/u	4013e0	t_run_test	(/home/koga/autobench_perf/src/autobench/aiifft01_lite)
aiifft01_lite	79301	[023]	2603329.736698	112108	cpu/event=0x3C,umask=0x00/u	40103d	t_run_test	(/home/koga/autobench_perf/src/autobench/aiifft01_lite)
aiifft01_lite	79301	[023]	2603329.736798	112020	cpu/event=0x3C,umask=0x00/u	400caa	t_run_test	(/home/koga/autobench_perf/src/autobench/aiifft01_lite)
aiifft01_lite	79301	[023]	2603329.736898	111967	cpu/event=0x3C,umask=0x00/u	401402	t_run_test	(/home/koga/autobench_perf/src/autobench/aiifft01_lite)
aiifft01_lite	79301	[023]	2603329.737002	111973	cpu/event=0x3C,umask=0x00/u	40127e	t_run_test	(/home/koga/autobench_perf/src/autobench/aiifft01_lite)
aiifft01_lite	79301	[023]	2603329.737099	111435	cpu/event=0x3C,umask=0x00/u	401041	t_run_test	(/home/koga/autobench_perf/src/autobench/aiifft01_lite)
aiifft01_lite	79301	[023]	2603329.737199	111912	cpu/event=0x3C,umask=0x00/u	400caa	t_run_test	(/home/koga/autobench_perf/src/autobench/aiifft01_lite)
aiifft01_lite	79301	[023]	2603329.737299	111924	cpu/event=0x3C,umask=0x00/u	401435	t_run_test	(/home/koga/autobench_perf/src/autobench/aiifft01_lite)
aiifft01_lite	79301	[023]	2603329.737399	111904	cpu/event=0x3C,umask=0x00/u	4010fa	t_run_test	(/home/koga/autobench_perf/src/autobench/aiifft01_lite)
aiifft01_lite	79301	[023]	2603329.737500	111848	cpu/event=0x3C,umask=0x00/u	400904	GetInputValues	(/home/koga/autobench_perf/src/autobench/aiifft01_lite)
aiifft01_lite	79301	[023]	2603329.737600	111823	cpu/event=0x3C,umask=0x00/u	400d1d	t_run_test	(/home/koga/autobench_perf/src/autobench/aiifft01_lite)
aiifft01_lite	79301	[023]	2603329.737701	111727	cpu/event=0x3C,umask=0x00/u	401440	t_run_test	(/home/koga/autobench_perf/src/autobench/aiifft01_lite)
aiifft01_lite	79301	[023]	2603329.737801	111683	cpu/event=0x3C,umask=0x00/u	401068	t_run_test	(/home/koga/autobench_perf/src/autobench/aiifft01_lite)
aiifft01_lite	79301	[023]	2603329.737901	111688	cpu/event=0x3C,umask=0x00/u	400c98	t_run_test	(/home/koga/autobench_perf/src/autobench/aiifft01_lite)
aiifft01_lite	79301	[023]	2603329.738010	111676	cpu/event=0x3C,umask=0x00/u	4013d4	t_run_test	(/home/koga/autobench_perf/src/autobench/aiifft01_lite)
aiifft01_lite	79301	[023]	2603329.738110	110519	cpu/event=0x3C,umask=0x00/u	40126e	t_run_test	(/home/koga/autobench_perf/src/autobench/aiifft01_lite)
aiifft01_lite	79301	[023]	2603329.738210	110500	cpu/event=0x3C,umask=0x00/u	4010a0	t_run_test	(/home/koga/autobench_perf/src/autobench/aiifft01_lite)
aiifft01_lite	79301	[023]	2603329.738305	110539	cpu/event=0x3C,umask=0x00/u	400d10	t_run_test	(/home/koga/autobench_perf/src/autobench/aiifft01_lite)
aiifft01_lite	79301	[023]	2603329.738404	111228	cpu/event=0x3C,umask=0x00/u	40139d	t_run_test	(/home/koga/autobench_perf/src/autobench/aiifft01_lite)
aiifft01_lite	79301	[023]	2603329.738504	111343	cpu/event=0x3C,umask=0x00/u	40101c	t_run_test	(/home/koga/autobench_perf/src/autobench/aiifft01_lite)
aiifft01_lite	79301	[023]	2603329.738604	111375	cpu/event=0x3C,umask=0x00/u	400e6f	t_run_test	(/home/koga/autobench_perf/src/autobench/aiifft01_lite)
aiifft01_lite	79301	[023]	2603329.738703	111405	cpu/event=0x3C,umask=0x00/u	400cfb	t_run_test	(/home/koga/autobench_perf/src/autobench/aiifft01_lite)
aiifft01_lite	79301	[023]	2603329.738804	111434	cpu/event=0x3C,umask=0x00/u	401446	t_run_test	(/home/koga/autobench_perf/src/autobench/aiifft01_lite)
aiifft01_lite	79301	[023]	2603329.738904	111401	cpu/event=0x3C,umask=0x00/u	401039	t_run_test	(/home/koga/autobench_perf/src/autobench/aiifft01_lite)
aiifft01_lite	79301	[023]	2603329.739004	111388	cpu/event=0x3C,umask=0x00/u	400c9c	t_run_test	(/home/koga/autobench_perf/src/autobench/aiifft01_lite)
aiifft01_lite	79301	[023]	2603329.739103	111412	cpu/event=0x3C,umask=0x00/u	401390	t_run_test	(/home/koga/autobench_perf/src/autobench/aiifft01_lite)
aiifft01_lite	79301	[023]	2603329.739203	111456	cpu/event=0x3C,umask=0x00/u	400904	GetInputValues	(/home/koga/autobench_perf/src/autobench/aiifft01_lite)
aiifft01_lite	79301	[023]	2603329.739303	111446	cpu/event=0x3C,umask=0x00/u	401041	t_run_test	(/home/koga/autobench_perf/src/autobench/aiifft01_lite)
aiifft01_lite	79301	[023]	2603329.739403	111440	cpu/event=0x3C,umask=0x00/u	400cd2	t_run_test	(/home/koga/autobench_perf/src/autobench/aiifft01_lite)
aiifft01_lite	79301	[023]	2603329.739499	111451	cpu/event=0x3C,umask=0x00/u	4013e0	t_run_test	(/home/koga/autobench_perf/src/autobench/aiifft01_lite)
aiifft01_lite	79301	[023]	2603329.739608	112042	cpu/event=0x3C,umask=0x00/u	401a8e	Calc_crc32	(/home/koga/autobench_perf/src/autobench/aiifft01_lite)
aiifft01_lite	79301	[023]	2603329.739700	110922	cpu/event=0x3C,umask=0x00/u	401ab8	Calc_crc32	(/home/koga/autobench_perf/src/autobench/aiifft01_lite)
aiifft01_lite	79301	[023]	2603329.739792	112113	cpu/event=0x3C,umask=0x00/u	401af3	Calc_crc32	(/home/koga/autobench_perf/src/autobench/aiifft01_lite)
aiifft01_lite	79301	[023]	2603329.739880	113422	cpu/event=0x3C,umask=0x00/u	401a47	Calc_crc32	(/home/koga/autobench_perf/src/autobench/aiifft01_lite)
aiifft01_lite	79301	[023]	2603329.739969	115272	cpu/event=0x3C,umask=0x00/u	401ab3	Calc_crc32	(/home/koga/autobench_perf/src/autobench/aiifft01_lite)
aiifft01_lite	79301	[023]	2603329.740064	116984	cpu/event=0x3C,umask=0x00/u	401a4b	Calc_crc32	(/home/koga/autobench_perf/src/autobench/aiifft01_lite)
aiifft01_lite	79301	[023]	2603329.740156	117855	cpu/event=0x3C,umask=0x00/u	401af0	Calc_crc32	(/home/koga/autobench_perf/src/autobench/aiifft01_lite)
aiifft01_lite	79301	[023]	2603329.740249	119064	cpu/event=0x3C,umask=0x00/u	401a70	Calc_crc32	(/home/koga/autobench_perf/src/autobench/aiifft01_lite)
aiifft01_lite	79301	[023]	2603329.740346	120286	cpu/event=0x3C,umask=0x00/u	401a70	Calc_crc32	(/home/koga/autobench_perf/src/autobench/aiifft01_lite)
aiifft01_lite	79301	[023]	2603329.740440	120703	cpu/event=0x3C,umask=0x00/u	401a29	Calc_crc32	(/home/koga/autobench_perf/src/autobench/aiifft01_lite)
aiifft01_lite	79301	[023]	2603329.740538	121665	cpu/event=0x3C,umask=0x00/u	401a47	Calc_crc32	(/home/koga/autobench_perf/src/autobench/aiifft01_lite)
