aiifft01_lite	78591	[005]	2603271.068312	1	cpu/event=0xD0,umask=0x82/u	ffffffff8186d5d0	page_fault	([kernel.kallsyms])
aiifft01_lite	78591	[005]	2603271.068323	1	cpu/event=0xD0,umask=0x82/u	7f48c44cb9ff	_dl_start	(/lib/x86_64-linux-gnu/ld-2.23.so)
aiifft01_lite	78591	[005]	2603271.068330	2	cpu/event=0xD0,umask=0x82/u	7f48c44cbc68	_dl_start	(/lib/x86_64-linux-gnu/ld-2.23.so)
aiifft01_lite	78591	[005]	2603271.068342	6	cpu/event=0xD0,umask=0x82/u	7f48c44cba53	_dl_start	(/lib/x86_64-linux-gnu/ld-2.23.so)
aiifft01_lite	78591	[005]	2603271.068367	12	cpu/event=0xD0,umask=0x82/u	7f48c44cbb02	_dl_start	(/lib/x86_64-linux-gnu/ld-2.23.so)
aiifft01_lite	78591	[005]	2603271.068393	17	cpu/event=0xD0,umask=0x82/u	7f48c44cbd5b	_dl_start	(/lib/x86_64-linux-gnu/ld-2.23.so)
aiifft01_lite	78591	[005]	2603271.068406	23	cpu/event=0xD0,umask=0x82/u	7f48c44e35b0	_dl_sysdep_start	(/lib/x86_64-linux-gnu/ld-2.23.so)
aiifft01_lite	78591	[005]	2603271.068416	43	cpu/event=0xD0,umask=0x82/u	7f48c44e36c6	_dl_sysdep_start	(/lib/x86_64-linux-gnu/ld-2.23.so)
aiifft01_lite	78591	[005]	2603271.068445	93	cpu/event=0xD0,umask=0x82/u	7f48c44e325f	init_cpu_features.constprop.0	(/lib/x86_64-linux-gnu/ld-2.23.so)
aiifft01_lite	78591	[005]	2603271.068464	122	cpu/event=0xD0,umask=0x82/u	7f48c44cac90	rtld_lock_default_lock_recursive	(/lib/x86_64-linux-gnu/ld-2.23.so)
aiifft01_lite	78591	[005]	2603271.068505	190	cpu/event=0xD0,umask=0x82/u	7f48c44ccc9d	dl_main	(/lib/x86_64-linux-gnu/ld-2.23.so)
aiifft01_lite	78591	[005]	2603271.068530	224	cpu/event=0xD0,umask=0x82/u	7f48c44d2890	_dl_init_paths	(/lib/x86_64-linux-gnu/ld-2.23.so)
aiifft01_lite	78591	[005]	2603271.068608	307	cpu/event=0xD0,umask=0x82/u	7f48c44e8008	memcpy	(/lib/x86_64-linux-gnu/ld-2.23.so)
aiifft01_lite	78591	[005]	2603271.068713	318	cpu/event=0xD0,umask=0x82/u	7f48c44e58b7	strchr	(/lib/x86_64-linux-gnu/ld-2.23.so)
aiifft01_lite	78591	[005]	2603271.068778	317	cpu/event=0xD0,umask=0x82/u	7f48c44e7c4e	memset	(/lib/x86_64-linux-gnu/ld-2.23.so)
aiifft01_lite	78591	[005]	2603271.068827	338	cpu/event=0xD0,umask=0x82/u	7f48c44d81d4	_dl_map_object_deps	(/lib/x86_64-linux-gnu/ld-2.23.so)
aiifft01_lite	78591	[005]	2603271.068866	382	cpu/event=0xD0,umask=0x82/u	7f48c44e5b35	strcmp	(/lib/x86_64-linux-gnu/ld-2.23.so)
aiifft01_lite	78591	[005]	2603271.068901	459	cpu/event=0xD0,umask=0x82/u	7f48c44dd5fa	_dl_allocate_tls_storage	(/lib/x86_64-linux-gnu/ld-2.23.so)
aiifft01_lite	78591	[005]	2603271.068949	567	cpu/event=0xD0,umask=0x82/u	7f48c44d6633	_dl_relocate_object	(/lib/x86_64-linux-gnu/ld-2.23.so)
aiifft01_lite	78591	[005]	2603271.068971	644	cpu/event=0xD0,umask=0x82/u	7f48c44d6650	_dl_relocate_object	(/lib/x86_64-linux-gnu/ld-2.23.so)
aiifft01_lite	78591	[005]	2603271.068992	918	cpu/event=0xD0,umask=0x82/u	7f48c44d4a61	_dl_lookup_symbol_x	(/lib/x86_64-linux-gnu/ld-2.23.so)
aiifft01_lite	78591	[005]	2603271.069020	1357	cpu/event=0xD0,umask=0x82/u	7f48c44d4a20	_dl_lookup_symbol_x	(/lib/x86_64-linux-gnu/ld-2.23.so)
aiifft01_lite	78591	[005]	2603271.069049	1795	cpu/event=0xD0,umask=0x82/u	7f48c44d3f9c	do_lookup_x	(/lib/x86_64-linux-gnu/ld-2.23.so)
aiifft01_lite	78591	[005]	2603271.069084	2351	cpu/event=0xD0,umask=0x82/u	7f48c44d3db3	check_match	(/lib/x86_64-linux-gnu/ld-2.23.so)
aiifft01_lite	78591	[005]	2603271.069184	2902	cpu/event=0xD0,umask=0x82/u	7f48c44d6605	_dl_relocate_object	(/lib/x86_64-linux-gnu/ld-2.23.so)
aiifft01_lite	78591	[005]	2603271.069458	2902	cpu/event=0xD0,umask=0x82/u	4008bb	GetTestData	(/home/koga/autobench_perf/src/autobench/aiifft01_lite)
aiifft01_lite	78591	[005]	2603271.069494	2673	cpu/event=0xD0,umask=0x82/u	4008bb	GetTestData	(/home/koga/autobench_perf/src/autobench/aiifft01_lite)
aiifft01_lite	78591	[005]	2603271.069570	3270	cpu/event=0xD0,umask=0x82/u	7f48c41e63a9	__sincos	(/lib/x86_64-linux-gnu/libm-2.23.so)
aiifft01_lite	78591	[005]	2603271.069643	3395	cpu/event=0xD0,umask=0x82/u	400b4b	t_run_test	(/home/koga/autobench_perf/src/autobench/aiifft01_lite)
aiifft01_lite	78591	[005]	2603271.069658	3555	cpu/event=0xD0,umask=0x82/u	400ce1	t_run_test	(/home/koga/autobench_perf/src/autobench/aiifft01_lite)
aiifft01_lite	78591	[005]	2603271.069671	6170	cpu/event=0xD0,umask=0x82/u	400cd2	t_run_test	(/home/koga/autobench_perf/src/autobench/aiifft01_lite)
aiifft01_lite	78591	[005]	2603271.069687	11174	cpu/event=0xD0,umask=0x82/u	400ce1	t_run_test	(/home/koga/autobench_perf/src/autobench/aiifft01_lite)
aiifft01_lite	78591	[005]	2603271.069713	18337	cpu/event=0xD0,umask=0x82/u	400d0c	t_run_test	(/home/koga/autobench_perf/src/autobench/aiifft01_lite)
aiifft01_lite	78591	[005]	2603271.069770	24837	cpu/event=0xD0,umask=0x82/u	4010a0	t_run_test	(/home/koga/autobench_perf/src/autobench/aiifft01_lite)
aiifft01_lite	78591	[005]	2603271.069817	27219	cpu/event=0xD0,umask=0x82/u	4010a6	t_run_test	(/home/koga/autobench_perf/src/autobench/aiifft01_lite)
aiifft01_lite	78591	[005]	2603271.069875	31114	cpu/event=0xD0,umask=0x82/u	40145e	t_run_test	(/home/koga/autobench_perf/src/autobench/aiifft01_lite)
aiifft01_lite	78591	[005]	2603271.069933	33833	cpu/event=0xD0,umask=0x82/u	400cae	t_run_test	(/home/koga/autobench_perf/src/autobench/aiifft01_lite)
aiifft01_lite	78591	[005]	2603271.069994	36975	cpu/event=0xD0,umask=0x82/u	4010be	t_run_test	(/home/koga/autobench_perf/src/autobench/aiifft01_lite)
aiifft01_lite	78591	[005]	2603271.070057	39961	cpu/event=0xD0,umask=0x82/u	40143c	t_run_test	(/home/koga/autobench_perf/src/autobench/aiifft01_lite)
aiifft01_lite	78591	[005]	2603271.070122	42896	cpu/event=0xD0,umask=0x82/u	400ce1	t_run_test	(/home/koga/autobench_perf/src/autobench/aiifft01_lite)
aiifft01_lite	78591	[005]	2603271.070192	45677	cpu/event=0xD0,umask=0x82/u	401050	t_run_test	(/home/koga/autobench_perf/src/autobench/aiifft01_lite)
aiifft01_lite	78591	[005]	2603271.070298	43104	cpu/event=0xD0,umask=0x82/u	400904	GetInputValues	(/home/koga/autobench_perf/src/autobench/aiifft01_lite)
aiifft01_lite	78591	[005]	2603271.070370	42816	cpu/event=0xD0,umask=0x82/u	40105d	t_run_test	(/home/koga/autobench_perf/src/autobench/aiifft01_lite)
aiifft01_lite	78591	[005]	2603271.070438	44955	cpu/event=0xD0,umask=0x82/u	4013d8	t_run_test	(/home/koga/autobench_perf/src/autobench/aiifft01_lite)
aiifft01_lite	78591	[005]	2603271.070509	47497	cpu/event=0xD0,umask=0x82/u	400ca5	t_run_test	(/home/koga/autobench_perf/src/autobench/aiifft01_lite)
aiifft01_lite	78591	[005]	2603271.070590	50004	cpu/event=0xD0,umask=0x82/u	401035	t_run_test	(/home/koga/autobench_perf/src/autobench/aiifft01_lite)
aiifft01_lite	78591	[005]	2603271.070670	51453	cpu/event=0xD0,umask=0x82/u	400d05	t_run_test	(/home/koga/autobench_perf/src/autobench/aiifft01_lite)
aiifft01_lite	78591	[005]	2603271.070743	53073	cpu/event=0xD0,umask=0x82/u	400ffd	t_run_test	(/home/koga/autobench_perf/src/autobench/aiifft01_lite)
aiifft01_lite	78591	[005]	2603271.070827	55493	cpu/event=0xD0,umask=0x82/u	400cb3	t_run_test	(/home/koga/autobench_perf/src/autobench/aiifft01_lite)
aiifft01_lite	78591	[005]	2603271.070904	56796	cpu/event=0xD0,umask=0x82/u	401021	t_run_test	(/home/koga/autobench_perf/src/autobench/aiifft01_lite)
aiifft01_lite	78591	[005]	2603271.070998	58942	cpu/event=0xD0,umask=0x82/u	400cfb	t_run_test	(/home/koga/autobench_perf/src/autobench/aiifft01_lite)
aiifft01_lite	78591	[005]	2603271.071081	59451	cpu/event=0xD0,umask=0x82/u	40103d	t_run_test	(/home/koga/autobench_perf/src/autobench/aiifft01_lite)
aiifft01_lite	78591	[005]	2603271.071170	60975	cpu/event=0xD0,umask=0x82/u	400cd7	t_run_test	(/home/koga/autobench_perf/src/autobench/aiifft01_lite)
aiifft01_lite	78591	[005]	2603271.071268	61916	cpu/event=0xD0,umask=0x82/u	4013e0	t_run_test	(/home/koga/autobench_perf/src/autobench/aiifft01_lite)
aiifft01_lite	78591	[005]	2603271.071352	62084	cpu/event=0xD0,umask=0x82/u	400e6f	t_run_test	(/home/koga/autobench_perf/src/autobench/aiifft01_lite)
aiifft01_lite	78591	[005]	2603271.071444	63481	cpu/event=0xD0,umask=0x82/u	401491	t_run_test	(/home/koga/autobench_perf/src/autobench/aiifft01_lite)
aiifft01_lite	78591	[005]	2603271.071545	64201	cpu/event=0xD0,umask=0x82/u	401086	t_run_test	(/home/koga/autobench_perf/src/autobench/aiifft01_lite)
aiifft01_lite	78591	[005]	2603271.071645	64114	cpu/event=0xD0,umask=0x82/u	400cff	t_run_test	(/home/koga/autobench_perf/src/autobench/aiifft01_lite)
aiifft01_lite	78591	[005]	2603271.071739	64103	cpu/event=0xD0,umask=0x82/u	400904	GetInputValues	(/home/koga/autobench_perf/src/autobench/aiifft01_lite)
aiifft01_lite	78591	[005]	2603271.071826	64612	cpu/event=0xD0,umask=0x82/u	400cfb	t_run_test	(/home/koga/autobench_perf/src/autobench/aiifft01_lite)
aiifft01_lite	78591	[005]	2603271.071923	65826	cpu/event=0xD0,umask=0x82/u	401407	t_run_test	(/home/koga/autobench_perf/src/autobench/aiifft01_lite)
aiifft01_lite	78591	[005]	2603271.072021	66128	cpu/event=0xD0,umask=0x82/u	401058	t_run_test	(/home/koga/autobench_perf/src/autobench/aiifft01_lite)
aiifft01_lite	78591	[005]	2603271.072114	66281	cpu/event=0xD0,umask=0x82/u	400d0c	t_run_test	(/home/koga/autobench_perf/src/autobench/aiifft01_lite)
aiifft01_lite	78591	[005]	2603271.072217	66918	cpu/event=0xD0,umask=0x82/u	40127e	t_run_test	(/home/koga/autobench_perf/src/autobench/aiifft01_lite)
aiifft01_lite	78591	[005]	2603271.072305	66664	cpu/event=0xD0,umask=0x82/u	400d13	t_run_test	(/home/koga/autobench_perf/src/autobench/aiifft01_lite)
aiifft01_lite	78591	[005]	2603271.072403	67779	cpu/event=0xD0,umask=0x82/u	401440	t_run_test	(/home/koga/autobench_perf/src/autobench/aiifft01_lite)
aiifft01_lite	78591	[005]	2603271.072503	67971	cpu/event=0xD0,umask=0x82/u	401039	t_run_test	(/home/koga/autobench_perf/src/autobench/aiifft01_lite)
aiifft01_lite	78591	[005]	2603271.072607	67960	cpu/event=0xD0,umask=0x82/u	400c90	t_run_test	(/home/koga/autobench_perf/src/autobench/aiifft01_lite)
aiifft01_lite	78591	[005]	2603271.072712	67598	cpu/event=0xD0,umask=0x82/u	401418	t_run_test	(/home/koga/autobench_perf/src/autobench/aiifft01_lite)
aiifft01_lite	78591	[005]	2603271.072812	67200	cpu/event=0xD0,umask=0x82/u	401041	t_run_test	(/home/koga/autobench_perf/src/autobench/aiifft01_lite)
aiifft01_lite	78591	[005]	2603271.072910	67269	cpu/event=0xD0,umask=0x82/u	400cde	t_run_test	(/home/koga/autobench_perf/src/autobench/aiifft01_lite)
aiifft01_lite	78591	[005]	2603271.073000	67417	cpu/event=0xD0,umask=0x82/u	4010ec	t_run_test	(/home/koga/autobench_perf/src/autobench/aiifft01_lite)
aiifft01_lite	78591	[005]	2603271.073097	68310	cpu/event=0xD0,umask=0x82/u	400cb3	t_run_test	(/home/koga/autobench_perf/src/autobench/aiifft01_lite)
aiifft01_lite	78591	[005]	2603271.073198	68564	cpu/event=0xD0,umask=0x82/u	40139d	t_run_test	(/home/koga/autobench_perf/src/autobench/aiifft01_lite)
aiifft01_lite	78591	[005]	2603271.073298	68535	cpu/event=0xD0,umask=0x82/u	40103d	t_run_test	(/home/koga/autobench_perf/src/autobench/aiifft01_lite)
aiifft01_lite	78591	[005]	2603271.073398	68480	cpu/event=0xD0,umask=0x82/u	400cdb	t_run_test	(/home/koga/autobench_perf/src/autobench/aiifft01_lite)
aiifft01_lite	78591	[005]	2603271.073509	68507	cpu/event=0xD0,umask=0x82/u	401446	t_run_test	(/home/koga/autobench_perf/src/autobench/aiifft01_lite)
aiifft01_lite	78591	[005]	2603271.073609	67695	cpu/event=0xD0,umask=0x82/u	4010a6	t_run_test	(/home/koga/autobench_perf/src/autobench/aiifft01_lite)
aiifft01_lite	78591	[005]	2603271.073707	67687	cpu/event=0xD0,umask=0x82/u	400cc2	t_run_test	(/home/koga/autobench_perf/src/autobench/aiifft01_lite)
aiifft01_lite	78591	[005]	2603271.073806	67841	cpu/event=0xD0,umask=0x82/u	40127e	t_run_test	(/home/koga/autobench_perf/src/autobench/aiifft01_lite)
aiifft01_lite	78591	[005]	2603271.073896	67947	cpu/event=0xD0,umask=0x82/u	400cae	t_run_test	(/home/koga/autobench_perf/src/autobench/aiifft01_lite)
aiifft01_lite	78591	[005]	2603271.073995	68879	cpu/event=0xD0,umask=0x82/u	40143c	t_run_test	(/home/koga/autobench_perf/src/autobench/aiifft01_lite)
aiifft01_lite	78591	[005]	2603271.074096	68967	cpu/event=0xD0,umask=0x82/u	400ffd	t_run_test	(/home/koga/autobench_perf/src/autobench/aiifft01_lite)
aiifft01_lite	78591	[005]	2603271.074196	68850	cpu/event=0xD0,umask=0x82/u	400c90	t_run_test	(/home/koga/autobench_perf/src/autobench/aiifft01_lite)
aiifft01_lite	78591	[005]	2603271.074325	68583	cpu/event=0xD0,umask=0x82/u	4013e0	t_run_test	(/home/koga/autobench_perf/src/autobench/aiifft01_lite)
aiifft01_lite	78591	[005]	2603271.074426	66674	cpu/event=0xD0,umask=0x82/u	401039	t_run_test	(/home/koga/autobench_perf/src/autobench/aiifft01_lite)
aiifft01_lite	78591	[005]	2603271.074523	66595	cpu/event=0xD0,umask=0x82/u	400c94	t_run_test	(/home/koga/autobench_perf/src/autobench/aiifft01_lite)
aiifft01_lite	78591	[005]	2603271.074621	66847	cpu/event=0xD0,umask=0x82/u	4012b7	t_run_test	(/home/koga/autobench_perf/src/autobench/aiifft01_lite)
aiifft01_lite	78591	[005]	2603271.074710	67001	cpu/event=0xD0,umask=0x82/u	400d1a	t_run_test	(/home/koga/autobench_perf/src/autobench/aiifft01_lite)
aiifft01_lite	78591	[005]	2603271.074807	68086	cpu/event=0xD0,umask=0x82/u	4013ef	t_run_test	(/home/koga/autobench_perf/src/autobench/aiifft01_lite)
aiifft01_lite	78591	[005]	2603271.074912	68291	cpu/event=0xD0,umask=0x82/u	401086	t_run_test	(/home/koga/autobench_perf/src/autobench/aiifft01_lite)
aiifft01_lite	78591	[005]	2603271.075016	67886	cpu/event=0xD0,umask=0x82/u	400d1a	t_run_test	(/home/koga/autobench_perf/src/autobench/aiifft01_lite)
aiifft01_lite	78591	[005]	2603271.075116	67552	cpu/event=0xD0,umask=0x82/u	401446	t_run_test	(/home/koga/autobench_perf/src/autobench/aiifft01_lite)
aiifft01_lite	78591	[005]	2603271.075215	67582	cpu/event=0xD0,umask=0x82/u	40108e	t_run_test	(/home/koga/autobench_perf/src/autobench/aiifft01_lite)
aiifft01_lite	78591	[005]	2603271.075314	67638	cpu/event=0xD0,umask=0x82/u	400ce1	t_run_test	(/home/koga/autobench_perf/src/autobench/aiifft01_lite)
aiifft01_lite	78591	[005]	2603271.075412	67754	cpu/event=0xD0,umask=0x82/u	400908	GetInputValues	(/home/koga/autobench_perf/src/autobench/aiifft01_lite)
aiifft01_lite	78591	[005]	2603271.075502	67924	cpu/event=0xD0,umask=0x82/u	400cf7	t_run_test	(/home/koga/autobench_perf/src/autobench/aiifft01_lite)
aiifft01_lite	78591	[005]	2603271.075607	68841	cpu/event=0xD0,umask=0x82/u	4013d0	t_run_test	(/home/koga/autobench_perf/src/autobench/aiifft01_lite)
aiifft01_lite	78591	[005]	2603271.075713	68480	cpu/event=0xD0,umask=0x82/u	401021	t_run_test	(/home/koga/autobench_perf/src/autobench/aiifft01_lite)
aiifft01_lite	78591	[005]	2603271.075812	68014	cpu/event=0xD0,umask=0x82/u	400ccf	t_run_test	(/home/koga/autobench_perf/src/autobench/aiifft01_lite)
aiifft01_lite	78591	[005]	2603271.075912	68060	cpu/event=0xD0,umask=0x82/u	40142a	t_run_test	(/home/koga/autobench_perf/src/autobench/aiifft01_lite)
aiifft01_lite	78591	[005]	2603271.076011	68086	cpu/event=0xD0,umask=0x82/u	40106f	t_run_test	(/home/koga/autobench_perf/src/autobench/aiifft01_lite)
aiifft01_lite	78591	[005]	2603271.076115	68103	cpu/event=0xD0,umask=0x82/u	400d17	t_run_test	(/home/koga/autobench_perf/src/autobench/aiifft01_lite)
aiifft01_lite	78591	[005]	2603271.076215	67799	cpu/event=0xD0,umask=0x82/u	40141e	t_run_test	(/home/koga/autobench_perf/src/autobench/aiifft01_lite)
aiifft01_lite	78591	[005]	2603271.076305	67791	cpu/event=0xD0,umask=0x82/u	400e88	t_run_test	(/home/koga/autobench_perf/src/autobench/aiifft01_lite)
aiifft01_lite	78591	[005]	2603271.076400	68732	cpu/event=0xD0,umask=0x82/u	401390	t_run_test	(/home/koga/autobench_perf/src/autobench/aiifft01_lite)
aiifft01_lite	78591	[005]	2603271.076500	69213	cpu/event=0xD0,umask=0x82/u	4010fa	t_run_test	(/home/koga/autobench_perf/src/autobench/aiifft01_lite)
aiifft01_lite	78591	[005]	2603271.076606	69185	cpu/event=0xD0,umask=0x82/u	400c98	t_run_test	(/home/koga/autobench_perf/src/autobench/aiifft01_lite)
aiifft01_lite	78591	[005]	2603271.076707	68692	cpu/event=0xD0,umask=0x82/u	401454	t_run_test	(/home/koga/autobench_perf/src/autobench/aiifft01_lite)
aiifft01_lite	78591	[005]	2603271.076808	68609	cpu/event=0xD0,umask=0x82/u	4010be	t_run_test	(/home/koga/autobench_perf/src/autobench/aiifft01_lite)
aiifft01_lite	78591	[005]	2603271.076908	68559	cpu/event=0xD0,umask=0x82/u	400cae	t_run_test	(/home/koga/autobench_perf/src/autobench/aiifft01_lite)
aiifft01_lite	78591	[005]	2603271.077012	68593	cpu/event=0xD0,umask=0x82/u	40144d	t_run_test	(/home/koga/autobench_perf/src/autobench/aiifft01_lite)
aiifft01_lite	78591	[005]	2603271.077113	68198	cpu/event=0xD0,umask=0x82/u	40107e	t_run_test	(/home/koga/autobench_perf/src/autobench/aiifft01_lite)
aiifft01_lite	78591	[005]	2603271.077212	68171	cpu/event=0xD0,umask=0x82/u	400b4b	t_run_test	(/home/koga/autobench_perf/src/autobench/aiifft01_lite)
aiifft01_lite	78591	[005]	2603271.077308	68267	cpu/event=0xD0,umask=0x82/u	40103d	t_run_test	(/home/koga/autobench_perf/src/autobench/aiifft01_lite)
aiifft01_lite	78591	[005]	2603271.077407	68550	cpu/event=0xD0,umask=0x82/u	400c81	t_run_test	(/home/koga/autobench_perf/src/autobench/aiifft01_lite)
aiifft01_lite	78591	[005]	2603271.077503	68677	cpu/event=0xD0,umask=0x82/u	401443	t_run_test	(/home/koga/autobench_perf/src/autobench/aiifft01_lite)
aiifft01_lite	78591	[005]	2603271.077605	69013	cpu/event=0xD0,umask=0x82/u	40104c	t_run_test	(/home/koga/autobench_perf/src/autobench/aiifft01_lite)
aiifft01_lite	78591	[005]	2603271.077706	68853	cpu/event=0xD0,umask=0x82/u	400ca2	t_run_test	(/home/koga/autobench_perf/src/autobench/aiifft01_lite)
aiifft01_lite	78591	[005]	2603271.077811	68822	cpu/event=0xD0,umask=0x82/u	401446	t_run_test	(/home/koga/autobench_perf/src/autobench/aiifft01_lite)
aiifft01_lite	78591	[005]	2603271.077912	68380	cpu/event=0xD0,umask=0x82/u	40109c	t_run_test	(/home/koga/autobench_perf/src/autobench/aiifft01_lite)
aiifft01_lite	78591	[005]	2603271.078011	68330	cpu/event=0xD0,umask=0x82/u	400c90	t_run_test	(/home/koga/autobench_perf/src/autobench/aiifft01_lite)
aiifft01_lite	78591	[005]	2603271.078116	68357	cpu/event=0xD0,umask=0x82/u	401454	t_run_test	(/home/koga/autobench_perf/src/autobench/aiifft01_lite)
aiifft01_lite	78591	[005]	2603271.078212	67944	cpu/event=0xD0,umask=0x82/u	400e6f	t_run_test	(/home/koga/autobench_perf/src/autobench/aiifft01_lite)
aiifft01_lite	78591	[005]	2603271.078324	68283	cpu/event=0xD0,umask=0x82/u	4013c1	t_run_test	(/home/koga/autobench_perf/src/autobench/aiifft01_lite)
aiifft01_lite	78591	[005]	2603271.078429	67390	cpu/event=0xD0,umask=0x82/u	40108e	t_run_test	(/home/koga/autobench_perf/src/autobench/aiifft01_lite)
aiifft01_lite	78591	[005]	2603271.078527	66981	cpu/event=0xD0,umask=0x82/u	400d1a	t_run_test	(/home/koga/autobench_perf/src/autobench/aiifft01_lite)
aiifft01_lite	78591	[005]	2603271.078631	67135	cpu/event=0xD0,umask=0x82/u	401426	t_run_test	(/home/koga/autobench_perf/src/autobench/aiifft01_lite)
aiifft01_lite	78591	[005]	2603271.078730	66804	cpu/event=0xD0,umask=0x82/u	40108e	t_run_test	(/home/koga/autobench_perf/src/autobench/aiifft01_lite)
aiifft01_lite	78591	[005]	2603271.078828	66883	cpu/event=0xD0,umask=0x82/u	400cf7	t_run_test	(/home/koga/autobench_perf/src/autobench/aiifft01_lite)
aiifft01_lite	78591	[005]	2603271.078930	67079	cpu/event=0xD0,umask=0x82/u	400908	GetInputValues	(/home/koga/autobench_perf/src/autobench/aiifft01_lite)
aiifft01_lite	78591	[005]	2603271.079025	66900	cpu/event=0xD0,umask=0x82/u	400d5f	t_run_test	(/home/koga/autobench_perf/src/autobench/aiifft01_lite)
aiifft01_lite	78591	[005]	2603271.079129	67333	cpu/event=0xD0,umask=0x82/u	401418	t_run_test	(/home/koga/autobench_perf/src/autobench/aiifft01_lite)
aiifft01_lite	78591	[005]	2603271.079228	67069	cpu/event=0xD0,umask=0x82/u	401068	t_run_test	(/home/koga/autobench_perf/src/autobench/aiifft01_lite)
aiifft01_lite	78591	[005]	2603271.079331	67112	cpu/event=0xD0,umask=0x82/u	400ce1	t_run_test	(/home/koga/autobench_perf/src/autobench/aiifft01_lite)
aiifft01_lite	78591	[005]	2603271.079429	66883	cpu/event=0xD0,umask=0x82/u	4014ad	t_run_test	(/home/koga/autobench_perf/src/autobench/aiifft01_lite)
aiifft01_lite	78591	[005]	2603271.079532	67040	cpu/event=0xD0,umask=0x82/u	401086	t_run_test	(/home/koga/autobench_perf/src/autobench/aiifft01_lite)
aiifft01_lite	78591	[005]	2603271.079627	66783	cpu/event=0xD0,umask=0x82/u	4015ad	t_run_test	(/home/koga/autobench_perf/src/autobench/aiifft01_lite)
aiifft01_lite	78591	[005]	2603271.079729	67246	cpu/event=0xD0,umask=0x82/u	40106b	t_run_test	(/home/koga/autobench_perf/src/autobench/aiifft01_lite)
aiifft01_lite	78591	[005]	2603271.079832	67069	cpu/event=0xD0,umask=0x82/u	400c98	t_run_test	(/home/koga/autobench_perf/src/autobench/aiifft01_lite)
aiifft01_lite	78591	[005]	2603271.079931	66825	cpu/event=0xD0,umask=0x82/u	40145e	t_run_test	(/home/koga/autobench_perf/src/autobench/aiifft01_lite)
aiifft01_lite	78591	[005]	2603271.080035	66901	cpu/event=0xD0,umask=0x82/u	401041	t_run_test	(/home/koga/autobench_perf/src/autobench/aiifft01_lite)
aiifft01_lite	78591	[005]	2603271.080133	66584	cpu/event=0xD0,umask=0x82/u	400d1a	t_run_test	(/home/koga/autobench_perf/src/autobench/aiifft01_lite)
aiifft01_lite	78591	[005]	2603271.080236	66815	cpu/event=0xD0,umask=0x82/u	4013d8	t_run_test	(/home/koga/autobench_perf/src/autobench/aiifft01_lite)
aiifft01_lite	78591	[005]	2603271.080334	66549	cpu/event=0xD0,umask=0x82/u	400c98	t_run_test	(/home/koga/autobench_perf/src/autobench/aiifft01_lite)
aiifft01_lite	78591	[005]	2603271.080432	66672	cpu/event=0xD0,umask=0x82/u	401435	t_run_test	(/home/koga/autobench_perf/src/autobench/aiifft01_lite)
aiifft01_lite	78591	[005]	2603271.080536	66903	cpu/event=0xD0,umask=0x82/u	401095	t_run_test	(/home/koga/autobench_perf/src/autobench/aiifft01_lite)
aiifft01_lite	78591	[005]	2603271.080639	66600	cpu/event=0xD0,umask=0x82/u	400ced	t_run_test	(/home/koga/autobench_perf/src/autobench/aiifft01_lite)
aiifft01_lite	78591	[005]	2603271.080742	66364	cpu/event=0xD0,umask=0x82/u	401426	t_run_test	(/home/koga/autobench_perf/src/autobench/aiifft01_lite)
aiifft01_lite	78591	[005]	2603271.080839	66123	cpu/event=0xD0,umask=0x82/u	401078	t_run_test	(/home/koga/autobench_perf/src/autobench/aiifft01_lite)
aiifft01_lite	78591	[005]	2603271.080938	66300	cpu/event=0xD0,umask=0x82/u	401504	t_run_test	(/home/koga/autobench_perf/src/autobench/aiifft01_lite)
aiifft01_lite	78591	[005]	2603271.081040	66407	cpu/event=0xD0,umask=0x82/u	400ffd	t_run_test	(/home/koga/autobench_perf/src/autobench/aiifft01_lite)
aiifft01_lite	78591	[005]	2603271.081137	66264	cpu/event=0xD0,umask=0x82/u	400d10	t_run_test	(/home/koga/autobench_perf/src/autobench/aiifft01_lite)
aiifft01_lite	78591	[005]	2603271.081241	66503	cpu/event=0xD0,umask=0x82/u	4013f7	t_run_test	(/home/koga/autobench_perf/src/autobench/aiifft01_lite)
aiifft01_lite	78591	[005]	2603271.081343	66231	cpu/event=0xD0,umask=0x82/u	401095	t_run_test	(/home/koga/autobench_perf/src/autobench/aiifft01_lite)
aiifft01_lite	78591	[005]	2603271.081445	65997	cpu/event=0xD0,umask=0x82/u	400cfb	t_run_test	(/home/koga/autobench_perf/src/autobench/aiifft01_lite)
aiifft01_lite	78591	[005]	2603271.081545	65840	cpu/event=0xD0,umask=0x82/u	40106f	t_run_test	(/home/koga/autobench_perf/src/autobench/aiifft01_lite)
aiifft01_lite	78591	[005]	2603271.081646	65849	cpu/event=0xD0,umask=0x82/u	400c81	t_run_test	(/home/koga/autobench_perf/src/autobench/aiifft01_lite)
aiifft01_lite	78591	[005]	2603271.081748	65818	cpu/event=0xD0,umask=0x82/u	4013d8	t_run_test	(/home/koga/autobench_perf/src/autobench/aiifft01_lite)
aiifft01_lite	78591	[005]	2603271.081846	65600	cpu/event=0xD0,umask=0x82/u	4010a3	t_run_test	(/home/koga/autobench_perf/src/autobench/aiifft01_lite)
aiifft01_lite	78591	[005]	2603271.081948	65782	cpu/event=0xD0,umask=0x82/u	400cb6	t_run_test	(/home/koga/autobench_perf/src/autobench/aiifft01_lite)
aiifft01_lite	78591	[005]	2603271.082051	65670	cpu/event=0xD0,umask=0x82/u	401296	t_run_test	(/home/koga/autobench_perf/src/autobench/aiifft01_lite)
aiifft01_lite	78591	[005]	2603271.082148	65433	cpu/event=0xD0,umask=0x82/u	400cae	t_run_test	(/home/koga/autobench_perf/src/autobench/aiifft01_lite)
aiifft01_lite	78591	[005]	2603271.082270	65697	cpu/event=0xD0,umask=0x82/u	40146e	t_run_test	(/home/koga/autobench_perf/src/autobench/aiifft01_lite)
aiifft01_lite	78591	[005]	2603271.082373	64221	cpu/event=0xD0,umask=0x82/u	401092	t_run_test	(/home/koga/autobench_perf/src/autobench/aiifft01_lite)
aiifft01_lite	78591	[005]	2603271.082468	63985	cpu/event=0xD0,umask=0x82/u	400d5f	t_run_test	(/home/koga/autobench_perf/src/autobench/aiifft01_lite)
aiifft01_lite	78591	[005]	2603271.082569	64404	cpu/event=0xD0,umask=0x82/u	40128e	t_run_test	(/home/koga/autobench_perf/src/autobench/aiifft01_lite)
aiifft01_lite	78591	[005]	2603271.082670	64336	cpu/event=0xD0,umask=0x82/u	400c9c	t_run_test	(/home/koga/autobench_perf/src/autobench/aiifft01_lite)
aiifft01_lite	78591	[005]	2603271.082763	64292	cpu/event=0xD0,umask=0x82/u	40149a	t_run_test	(/home/koga/autobench_perf/src/autobench/aiifft01_lite)
aiifft01_lite	78591	[005]	2603271.082853	64862	cpu/event=0xD0,umask=0x82/u	40110d	t_run_test	(/home/koga/autobench_perf/src/autobench/aiifft01_lite)
aiifft01_lite	78591	[005]	2603271.082946	65741	cpu/event=0xD0,umask=0x82/u	400cff	t_run_test	(/home/koga/autobench_perf/src/autobench/aiifft01_lite)
aiifft01_lite	78591	[005]	2603271.083038	66373	cpu/event=0xD0,umask=0x82/u	401223	t_run_test	(/home/koga/autobench_perf/src/autobench/aiifft01_lite)
aiifft01_lite	78591	[005]	2603271.083131	67077	cpu/event=0xD0,umask=0x82/u	400ccf	t_run_test	(/home/koga/autobench_perf/src/autobench/aiifft01_lite)
aiifft01_lite	78591	[005]	2603271.083227	67753	cpu/event=0xD0,umask=0x82/u	4013ff	t_run_test	(/home/koga/autobench_perf/src/autobench/aiifft01_lite)
aiifft01_lite	78591	[005]	2603271.083324	68103	cpu/event=0xD0,umask=0x82/u	401047	t_run_test	(/home/koga/autobench_perf/src/autobench/aiifft01_lite)
aiifft01_lite	78591	[005]	2603271.083415	68366	cpu/event=0xD0,umask=0x82/u	400d1a	t_run_test	(/home/koga/autobench_perf/src/autobench/aiifft01_lite)
aiifft01_lite	78591	[005]	2603271.083512	69157	cpu/event=0xD0,umask=0x82/u	4013e0	t_run_test	(/home/koga/autobench_perf/src/autobench/aiifft01_lite)
aiifft01_lite	78591	[005]	2603271.083610	69433	cpu/event=0xD0,umask=0x82/u	4010a6	t_run_test	(/home/koga/autobench_perf/src/autobench/aiifft01_lite)
aiifft01_lite	78591	[005]	2603271.083707	69679	cpu/event=0xD0,umask=0x82/u	400ce1	t_run_test	(/home/koga/autobench_perf/src/autobench/aiifft01_lite)
aiifft01_lite	78591	[005]	2603271.083806	69882	cpu/event=0xD0,umask=0x82/u	4012b7	t_run_test	(/home/koga/autobench_perf/src/autobench/aiifft01_lite)
aiifft01_lite	78591	[005]	2603271.083901	70006	cpu/event=0xD0,umask=0x82/u	400904	GetInputValues	(/home/koga/autobench_perf/src/autobench/aiifft01_lite)
aiifft01_lite	78591	[005]	2603271.083999	70438	cpu/event=0xD0,umask=0x82/u	40139d	t_run_test	(/home/koga/autobench_perf/src/autobench/aiifft01_lite)
aiifft01_lite	78591	[005]	2603271.084098	70656	cpu/event=0xD0,umask=0x82/u	40103d	t_run_test	(/home/koga/autobench_perf/src/autobench/aiifft01_lite)
aiifft01_lite	78591	[005]	2603271.084196	70702	cpu/event=0xD0,umask=0x82/u	400d13	t_run_test	(/home/koga/autobench_perf/src/autobench/aiifft01_lite)
aiifft01_lite	78591	[005]	2603271.084295	70888	cpu/event=0xD0,umask=0x82/u	40142e	t_run_test	(/home/koga/autobench_perf/src/autobench/aiifft01_lite)
aiifft01_lite	78591	[005]	2603271.084395	70964	cpu/event=0xD0,umask=0x82/u	401035	t_run_test	(/home/koga/autobench_perf/src/autobench/aiifft01_lite)
aiifft01_lite	78591	[005]	2603271.084494	70978	cpu/event=0xD0,umask=0x82/u	400d54	t_run_test	(/home/koga/autobench_perf/src/autobench/aiifft01_lite)
aiifft01_lite	78591	[005]	2603271.084594	71063	cpu/event=0xD0,umask=0x82/u	401407	t_run_test	(/home/koga/autobench_perf/src/autobench/aiifft01_lite)
aiifft01_lite	78591	[005]	2603271.084694	71097	cpu/event=0xD0,umask=0x82/u	401073	t_run_test	(/home/koga/autobench_perf/src/autobench/aiifft01_lite)
aiifft01_lite	78591	[005]	2603271.084793	71074	cpu/event=0xD0,umask=0x82/u	400c9f	t_run_test	(/home/koga/autobench_perf/src/autobench/aiifft01_lite)
aiifft01_lite	78591	[005]	2603271.084888	71200	cpu/event=0xD0,umask=0x82/u	4013e0	t_run_test	(/home/koga/autobench_perf/src/autobench/aiifft01_lite)
aiifft01_lite	78591	[005]	2603271.084988	71651	cpu/event=0xD0,umask=0x82/u	40107e	t_run_test	(/home/koga/autobench_perf/src/autobench/aiifft01_lite)
aiifft01_lite	78591	[005]	2603271.085088	71640	cpu/event=0xD0,umask=0x82/u	400c9f	t_run_test	(/home/koga/autobench_perf/src/autobench/aiifft01_lite)
aiifft01_lite	78591	[005]	2603271.085188	71672	cpu/event=0xD0,umask=0x82/u	4013fc	t_run_test	(/home/koga/autobench_perf/src/autobench/aiifft01_lite)
aiifft01_lite	78591	[005]	2603271.085289	71658	cpu/event=0xD0,umask=0x82/u	401058	t_run_test	(/home/koga/autobench_perf/src/autobench/aiifft01_lite)
aiifft01_lite	78591	[005]	2603271.085388	71603	cpu/event=0xD0,umask=0x82/u	400cca	t_run_test	(/home/koga/autobench_perf/src/autobench/aiifft01_lite)
aiifft01_lite	78591	[005]	2603271.085488	71685	cpu/event=0xD0,umask=0x82/u	40145b	t_run_test	(/home/koga/autobench_perf/src/autobench/aiifft01_lite)
aiifft01_lite	78591	[005]	2603271.085589	71675	cpu/event=0xD0,umask=0x82/u	401078	t_run_test	(/home/koga/autobench_perf/src/autobench/aiifft01_lite)
aiifft01_lite	78591	[005]	2603271.085688	71597	cpu/event=0xD0,umask=0x82/u	400d13	t_run_test	(/home/koga/autobench_perf/src/autobench/aiifft01_lite)
aiifft01_lite	78591	[005]	2603271.085788	71679	cpu/event=0xD0,umask=0x82/u	4013d8	t_run_test	(/home/koga/autobench_perf/src/autobench/aiifft01_lite)
aiifft01_lite	78591	[005]	2603271.085888	71701	cpu/event=0xD0,umask=0x82/u	40108a	t_run_test	(/home/koga/autobench_perf/src/autobench/aiifft01_lite)
aiifft01_lite	78591	[005]	2603271.085982	71693	cpu/event=0xD0,umask=0x82/u	400cf1	t_run_test	(/home/koga/autobench_perf/src/autobench/aiifft01_lite)
aiifft01_lite	78591	[005]	2603271.086082	72198	cpu/event=0xD0,umask=0x82/u	401439	t_run_test	(/home/koga/autobench_perf/src/autobench/aiifft01_lite)
aiifft01_lite	78591	[005]	2603271.086183	72201	cpu/event=0xD0,umask=0x82/u	401099	t_run_test	(/home/koga/autobench_perf/src/autobench/aiifft01_lite)
aiifft01_lite	78591	[005]	2603271.086295	71917	cpu/event=0xD0,umask=0x82/u	400cfb	t_run_test	(/home/koga/autobench_perf/src/autobench/aiifft01_lite)
aiifft01_lite	78591	[005]	2603271.086396	70947	cpu/event=0xD0,umask=0x82/u	40144d	t_run_test	(/home/koga/autobench_perf/src/autobench/aiifft01_lite)
aiifft01_lite	78591	[005]	2603271.086496	70902	cpu/event=0xD0,umask=0x82/u	4010a0	t_run_test	(/home/koga/autobench_perf/src/autobench/aiifft01_lite)
aiifft01_lite	78591	[005]	2603271.086594	70924	cpu/event=0xD0,umask=0x82/u	400d02	t_run_test	(/home/koga/autobench_perf/src/autobench/aiifft01_lite)
aiifft01_lite	78591	[005]	2603271.086694	71026	cpu/event=0xD0,umask=0x82/u	40141e	t_run_test	(/home/koga/autobench_perf/src/autobench/aiifft01_lite)
aiifft01_lite	78591	[005]	2603271.086793	71093	cpu/event=0xD0,umask=0x82/u	401099	t_run_test	(/home/koga/autobench_perf/src/autobench/aiifft01_lite)
aiifft01_lite	78591	[005]	2603271.086887	71191	cpu/event=0xD0,umask=0x82/u	400cc2	t_run_test	(/home/koga/autobench_perf/src/autobench/aiifft01_lite)
aiifft01_lite	78591	[005]	2603271.086987	71713	cpu/event=0xD0,umask=0x82/u	4012c5	t_run_test	(/home/koga/autobench_perf/src/autobench/aiifft01_lite)
aiifft01_lite	78591	[005]	2603271.087087	71710	cpu/event=0xD0,umask=0x82/u	400f27	t_run_test	(/home/koga/autobench_perf/src/autobench/aiifft01_lite)
aiifft01_lite	78591	[005]	2603271.087187	71698	cpu/event=0xD0,umask=0x82/u	400b4b	t_run_test	(/home/koga/autobench_perf/src/autobench/aiifft01_lite)
aiifft01_lite	78591	[005]	2603271.087287	71728	cpu/event=0xD0,umask=0x82/u	40127e	t_run_test	(/home/koga/autobench_perf/src/autobench/aiifft01_lite)
aiifft01_lite	78591	[005]	2603271.087385	71739	cpu/event=0xD0,umask=0x82/u	400904	GetInputValues	(/home/koga/autobench_perf/src/autobench/aiifft01_lite)
aiifft01_lite	78591	[005]	2603271.087485	71875	cpu/event=0xD0,umask=0x82/u	4015ad	t_run_test	(/home/koga/autobench_perf/src/autobench/aiifft01_lite)
aiifft01_lite	78591	[005]	2603271.087585	71941	cpu/event=0xD0,umask=0x82/u	40120d	t_run_test	(/home/koga/autobench_perf/src/autobench/aiifft01_lite)
aiifft01_lite	78591	[005]	2603271.087685	71890	cpu/event=0xD0,umask=0x82/u	400e7a	t_run_test	(/home/koga/autobench_perf/src/autobench/aiifft01_lite)
aiifft01_lite	78591	[005]	2603271.087780	71940	cpu/event=0xD0,umask=0x82/u	401440	t_run_test	(/home/koga/autobench_perf/src/autobench/aiifft01_lite)
aiifft01_lite	78591	[005]	2603271.087881	72377	cpu/event=0xD0,umask=0x82/u	401035	t_run_test	(/home/koga/autobench_perf/src/autobench/aiifft01_lite)
aiifft01_lite	78591	[005]	2603271.087981	72316	cpu/event=0xD0,umask=0x82/u	400cae	t_run_test	(/home/koga/autobench_perf/src/autobench/aiifft01_lite)
aiifft01_lite	78591	[005]	2603271.088082	72307	cpu/event=0xD0,umask=0x82/u	4013a8	t_run_test	(/home/koga/autobench_perf/src/autobench/aiifft01_lite)
aiifft01_lite	78591	[005]	2603271.088182	72221	cpu/event=0xD0,umask=0x82/u	400ffd	t_run_test	(/home/koga/autobench_perf/src/autobench/aiifft01_lite)
aiifft01_lite	78591	[005]	2603271.088282	72169	cpu/event=0xD0,umask=0x82/u	400c65	t_run_test	(/home/koga/autobench_perf/src/autobench/aiifft01_lite)
aiifft01_lite	78591	[005]	2603271.088383	72177	cpu/event=0xD0,umask=0x82/u	4013e0	t_run_test	(/home/koga/autobench_perf/src/autobench/aiifft01_lite)
aiifft01_lite	78591	[005]	2603271.088484	72110	cpu/event=0xD0,umask=0x82/u	4010a0	t_run_test	(/home/koga/autobench_perf/src/autobench/aiifft01_lite)
aiifft01_lite	78591	[005]	2603271.088584	72032	cpu/event=0xD0,umask=0x82/u	400c90	t_run_test	(/home/koga/autobench_perf/src/autobench/aiifft01_lite)
aiifft01_lite	78591	[005]	2603271.088684	72029	cpu/event=0xD0,umask=0x82/u	40139d	t_run_test	(/home/koga/autobench_perf/src/autobench/aiifft01_lite)
aiifft01_lite	78591	[005]	2603271.088785	72016	cpu/event=0xD0,umask=0x82/u	401099	t_run_test	(/home/koga/autobench_perf/src/autobench/aiifft01_lite)
aiifft01_lite	78591	[005]	2603271.088884	71939	cpu/event=0xD0,umask=0x82/u	400ccf	t_run_test	(/home/koga/autobench_perf/src/autobench/aiifft01_lite)
aiifft01_lite	78591	[005]	2603271.088985	71997	cpu/event=0xD0,umask=0x82/u	4013dc	t_run_test	(/home/koga/autobench_perf/src/autobench/aiifft01_lite)
aiifft01_lite	78591	[005]	2603271.089086	71963	cpu/event=0xD0,umask=0x82/u	4010d7	t_run_test	(/home/koga/autobench_perf/src/autobench/aiifft01_lite)
aiifft01_lite	78591	[005]	2603271.089185	71898	cpu/event=0xD0,umask=0x82/u	400d0c	t_run_test	(/home/koga/autobench_perf/src/autobench/aiifft01_lite)
aiifft01_lite	78591	[005]	2603271.089286	71945	cpu/event=0xD0,umask=0x82/u	401461	t_run_test	(/home/koga/autobench_perf/src/autobench/aiifft01_lite)
aiifft01_lite	78591	[005]	2603271.089381	71890	cpu/event=0xD0,umask=0x82/u	401044	t_run_test	(/home/koga/autobench_perf/src/autobench/aiifft01_lite)
aiifft01_lite	78591	[005]	2603271.089481	72278	cpu/event=0xD0,umask=0x82/u	400ccf	t_run_test	(/home/koga/autobench_perf/src/autobench/aiifft01_lite)
aiifft01_lite	78591	[005]	2603271.089582	72328	cpu/event=0xD0,umask=0x82/u	40139d	t_run_test	(/home/koga/autobench_perf/src/autobench/aiifft01_lite)
aiifft01_lite	78591	[005]	2603271.089683	72241	cpu/event=0xD0,umask=0x82/u	40103d	t_run_test	(/home/koga/autobench_perf/src/autobench/aiifft01_lite)
aiifft01_lite	78591	[005]	2603271.089782	72183	cpu/event=0xD0,umask=0x82/u	400c94	t_run_test	(/home/koga/autobench_perf/src/autobench/aiifft01_lite)
aiifft01_lite	78591	[005]	2603271.089883	72201	cpu/event=0xD0,umask=0x82/u	401439	t_run_test	(/home/koga/autobench_perf/src/autobench/aiifft01_lite)
aiifft01_lite	78591	[005]	2603271.089984	72139	cpu/event=0xD0,umask=0x82/u	401041	t_run_test	(/home/koga/autobench_perf/src/autobench/aiifft01_lite)
aiifft01_lite	78591	[005]	2603271.090083	72095	cpu/event=0xD0,umask=0x82/u	400c5d	t_run_test	(/home/koga/autobench_perf/src/autobench/aiifft01_lite)
aiifft01_lite	78591	[005]	2603271.090184	72127	cpu/event=0xD0,umask=0x82/u	4013e0	t_run_test	(/home/koga/autobench_perf/src/autobench/aiifft01_lite)
aiifft01_lite	78591	[005]	2603271.090301	72030	cpu/event=0xD0,umask=0x82/u	401095	t_run_test	(/home/koga/autobench_perf/src/autobench/aiifft01_lite)
aiifft01_lite	78591	[005]	2603271.090401	70699	cpu/event=0xD0,umask=0x82/u	400ce9	t_run_test	(/home/koga/autobench_perf/src/autobench/aiifft01_lite)
aiifft01_lite	78591	[005]	2603271.090506	70722	cpu/event=0xD0,umask=0x82/u	4013dc	t_run_test	(/home/koga/autobench_perf/src/autobench/aiifft01_lite)
aiifft01_lite	78591	[005]	2603271.090598	70330	cpu/event=0xD0,umask=0x82/u	4010b4	t_run_test	(/home/koga/autobench_perf/src/autobench/aiifft01_lite)
aiifft01_lite	78591	[005]	2603271.090690	71027	cpu/event=0xD0,umask=0x82/u	400c98	t_run_test	(/home/koga/autobench_perf/src/autobench/aiifft01_lite)
aiifft01_lite	78591	[005]	2603271.090782	71881	cpu/event=0xD0,umask=0x82/u	40139d	t_run_test	(/home/koga/autobench_perf/src/autobench/aiifft01_lite)
aiifft01_lite	78591	[005]	2603271.090876	72591	cpu/event=0xD0,umask=0x82/u	401068	t_run_test	(/home/koga/autobench_perf/src/autobench/aiifft01_lite)
aiifft01_lite	78591	[005]	2603271.090969	73208	cpu/event=0xD0,umask=0x82/u	400d1a	t_run_test	(/home/koga/autobench_perf/src/autobench/aiifft01_lite)
aiifft01_lite	78591	[005]	2603271.091059	73874	cpu/event=0xD0,umask=0x82/u	4013d0	t_run_test	(/home/koga/autobench_perf/src/autobench/aiifft01_lite)
aiifft01_lite	78591	[005]	2603271.091155	74891	cpu/event=0xD0,umask=0x82/u	401008	t_run_test	(/home/koga/autobench_perf/src/autobench/aiifft01_lite)
aiifft01_lite	78591	[005]	2603271.091250	75351	cpu/event=0xD0,umask=0x82/u	400cdb	t_run_test	(/home/koga/autobench_perf/src/autobench/aiifft01_lite)
aiifft01_lite	78591	[005]	2603271.091346	75846	cpu/event=0xD0,umask=0x82/u	4013f4	t_run_test	(/home/koga/autobench_perf/src/autobench/aiifft01_lite)
aiifft01_lite	78591	[005]	2603271.091443	76179	cpu/event=0xD0,umask=0x82/u	401041	t_run_test	(/home/koga/autobench_perf/src/autobench/aiifft01_lite)
aiifft01_lite	78591	[005]	2603271.091542	76441	cpu/event=0xD0,umask=0x82/u	400904	GetInputValues	(/home/koga/autobench_perf/src/autobench/aiifft01_lite)
aiifft01_lite	78591	[005]	2603271.091641	76580	cpu/event=0xD0,umask=0x82/u	400cf1	t_run_test	(/home/koga/autobench_perf/src/autobench/aiifft01_lite)
aiifft01_lite	78591	[005]	2603271.091738	76718	cpu/event=0xD0,umask=0x82/u	401402	t_run_test	(/home/koga/autobench_perf/src/autobench/aiifft01_lite)
aiifft01_lite	78591	[005]	2603271.091836	76978	cpu/event=0xD0,umask=0x82/u	401050	t_run_test	(/home/koga/autobench_perf/src/autobench/aiifft01_lite)
aiifft01_lite	78591	[005]	2603271.091932	77218	cpu/event=0xD0,umask=0x82/u	400d1a	t_run_test	(/home/koga/autobench_perf/src/autobench/aiifft01_lite)
aiifft01_lite	78591	[005]	2603271.092030	77530	cpu/event=0xD0,umask=0x82/u	401407	t_run_test	(/home/koga/autobench_perf/src/autobench/aiifft01_lite)
aiifft01_lite	78591	[005]	2603271.092129	77743	cpu/event=0xD0,umask=0x82/u	400ffd	t_run_test	(/home/koga/autobench_perf/src/autobench/aiifft01_lite)
aiifft01_lite	78591	[005]	2603271.092227	77901	cpu/event=0xD0,umask=0x82/u	400ce9	t_run_test	(/home/koga/autobench_perf/src/autobench/aiifft01_lite)
aiifft01_lite	78591	[005]	2603271.092325	78060	cpu/event=0xD0,umask=0x82/u	400b74	t_run_test	(/home/koga/autobench_perf/src/autobench/aiifft01_lite)
aiifft01_lite	78591	[005]	2603271.092424	78261	cpu/event=0xD0,umask=0x82/u	4013dc	t_run_test	(/home/koga/autobench_perf/src/autobench/aiifft01_lite)
aiifft01_lite	78591	[005]	2603271.092523	78383	cpu/event=0xD0,umask=0x82/u	401092	t_run_test	(/home/koga/autobench_perf/src/autobench/aiifft01_lite)
aiifft01_lite	78591	[005]	2603271.092620	78499	cpu/event=0xD0,umask=0x82/u	400ced	t_run_test	(/home/koga/autobench_perf/src/autobench/aiifft01_lite)
aiifft01_lite	78591	[005]	2603271.092719	78741	cpu/event=0xD0,umask=0x82/u	4014a6	t_run_test	(/home/koga/autobench_perf/src/autobench/aiifft01_lite)
aiifft01_lite	78591	[005]	2603271.092820	78826	cpu/event=0xD0,umask=0x82/u	4010b4	t_run_test	(/home/koga/autobench_perf/src/autobench/aiifft01_lite)
aiifft01_lite	78591	[005]	2603271.092923	78781	cpu/event=0xD0,umask=0x82/u	400f19	t_run_test	(/home/koga/autobench_perf/src/autobench/aiifft01_lite)
aiifft01_lite	78591	[005]	2603271.093022	78483	cpu/event=0xD0,umask=0x82/u	400ce1	t_run_test	(/home/koga/autobench_perf/src/autobench/aiifft01_lite)
aiifft01_lite	78591	[005]	2603271.093121	78598	cpu/event=0xD0,umask=0x82/u	4013e0	t_run_test	(/home/koga/autobench_perf/src/autobench/aiifft01_lite)
aiifft01_lite	78591	[005]	2603271.093221	78679	cpu/event=0xD0,umask=0x82/u	40103d	t_run_test	(/home/koga/autobench_perf/src/autobench/aiifft01_lite)
aiifft01_lite	78591	[005]	2603271.093319	78731	cpu/event=0xD0,umask=0x82/u	400d0c	t_run_test	(/home/koga/autobench_perf/src/autobench/aiifft01_lite)
aiifft01_lite	78591	[005]	2603271.093419	78872	cpu/event=0xD0,umask=0x82/u	401402	t_run_test	(/home/koga/autobench_perf/src/autobench/aiifft01_lite)
aiifft01_lite	78591	[005]	2603271.093523	78840	cpu/event=0xD0,umask=0x82/u	401426	t_run_test	(/home/koga/autobench_perf/src/autobench/aiifft01_lite)
aiifft01_lite	78591	[005]	2603271.093622	78551	cpu/event=0xD0,umask=0x82/u	4010a3	t_run_test	(/home/koga/autobench_perf/src/autobench/aiifft01_lite)
aiifft01_lite	78591	[005]	2603271.093720	78576	cpu/event=0xD0,umask=0x82/u	400d65	t_run_test	(/home/koga/autobench_perf/src/autobench/aiifft01_lite)
aiifft01_lite	78591	[005]	2603271.093819	78776	cpu/event=0xD0,umask=0x82/u	40144d	t_run_test	(/home/koga/autobench_perf/src/autobench/aiifft01_lite)
aiifft01_lite	78591	[005]	2603271.093915	78869	cpu/event=0xD0,umask=0x82/u	401092	t_run_test	(/home/koga/autobench_perf/src/autobench/aiifft01_lite)
aiifft01_lite	78591	[005]	2603271.094016	79343	cpu/event=0xD0,umask=0x82/u	400904	GetInputValues	(/home/koga/autobench_perf/src/autobench/aiifft01_lite)
aiifft01_lite	78591	[005]	2603271.094118	79253	cpu/event=0xD0,umask=0x82/u	400c98	t_run_test	(/home/koga/autobench_perf/src/autobench/aiifft01_lite)
aiifft01_lite	78591	[005]	2603271.094217	79050	cpu/event=0xD0,umask=0x82/u	40142e	t_run_test	(/home/koga/autobench_perf/src/autobench/aiifft01_lite)
aiifft01_lite	78591	[005]	2603271.094327	78962	cpu/event=0xD0,umask=0x82/u	40106f	t_run_test	(/home/koga/autobench_perf/src/autobench/aiifft01_lite)
aiifft01_lite	78591	[005]	2603271.094426	78051	cpu/event=0xD0,umask=0x82/u	400d13	t_run_test	(/home/koga/autobench_perf/src/autobench/aiifft01_lite)
aiifft01_lite	78591	[005]	2603271.094526	78183	cpu/event=0xD0,umask=0x82/u	40142a	t_run_test	(/home/koga/autobench_perf/src/autobench/aiifft01_lite)
aiifft01_lite	78591	[005]	2603271.094628	78218	cpu/event=0xD0,umask=0x82/u	4012b7	t_run_test	(/home/koga/autobench_perf/src/autobench/aiifft01_lite)
aiifft01_lite	78591	[005]	2603271.094727	77998	cpu/event=0xD0,umask=0x82/u	401086	t_run_test	(/home/koga/autobench_perf/src/autobench/aiifft01_lite)
aiifft01_lite	78591	[005]	2603271.094825	78071	cpu/event=0xD0,umask=0x82/u	400cd2	t_run_test	(/home/koga/autobench_perf/src/autobench/aiifft01_lite)
aiifft01_lite	78591	[005]	2603271.094924	78267	cpu/event=0xD0,umask=0x82/u	401439	t_run_test	(/home/koga/autobench_perf/src/autobench/aiifft01_lite)
aiifft01_lite	78591	[005]	2603271.095023	78396	cpu/event=0xD0,umask=0x82/u	40108e	t_run_test	(/home/koga/autobench_perf/src/autobench/aiifft01_lite)
aiifft01_lite	78591	[005]	2603271.095122	78496	cpu/event=0xD0,umask=0x82/u	400c90	t_run_test	(/home/koga/autobench_perf/src/autobench/aiifft01_lite)
aiifft01_lite	78591	[005]	2603271.095225	78623	cpu/event=0xD0,umask=0x82/u	400b69	t_run_test	(/home/koga/autobench_perf/src/autobench/aiifft01_lite)
aiifft01_lite	78591	[005]	2603271.095324	78289	cpu/event=0xD0,umask=0x82/u	4013ff	t_run_test	(/home/koga/autobench_perf/src/autobench/aiifft01_lite)
aiifft01_lite	78591	[005]	2603271.095423	78387	cpu/event=0xD0,umask=0x82/u	4010a6	t_run_test	(/home/koga/autobench_perf/src/autobench/aiifft01_lite)
aiifft01_lite	78591	[005]	2603271.095521	78467	cpu/event=0xD0,umask=0x82/u	400ce1	t_run_test	(/home/koga/autobench_perf/src/autobench/aiifft01_lite)
aiifft01_lite	78591	[005]	2603271.095621	78677	cpu/event=0xD0,umask=0x82/u	40145e	t_run_test	(/home/koga/autobench_perf/src/autobench/aiifft01_lite)
aiifft01_lite	78591	[005]	2603271.095721	78710	cpu/event=0xD0,umask=0x82/u	401073	t_run_test	(/home/koga/autobench_perf/src/autobench/aiifft01_lite)
aiifft01_lite	78591	[005]	2603271.095824	78666	cpu/event=0xD0,umask=0x82/u	400f0e	t_run_test	(/home/koga/autobench_perf/src/autobench/aiifft01_lite)
aiifft01_lite	78591	[005]	2603271.095923	78394	cpu/event=0xD0,umask=0x82/u	400cff	t_run_test	(/home/koga/autobench_perf/src/autobench/aiifft01_lite)
aiifft01_lite	78591	[005]	2603271.096017	78527	cpu/event=0xD0,umask=0x82/u	40143c	t_run_test	(/home/koga/autobench_perf/src/autobench/aiifft01_lite)
aiifft01_lite	78591	[005]	2603271.096117	79112	cpu/event=0xD0,umask=0x82/u	401050	t_run_test	(/home/koga/autobench_perf/src/autobench/aiifft01_lite)
aiifft01_lite	78591	[005]	2603271.096215	79187	cpu/event=0xD0,umask=0x82/u	400d1d	t_run_test	(/home/koga/autobench_perf/src/autobench/aiifft01_lite)
aiifft01_lite	78591	[005]	2603271.096316	79318	cpu/event=0xD0,umask=0x82/u	401440	t_run_test	(/home/koga/autobench_perf/src/autobench/aiifft01_lite)
aiifft01_lite	78591	[005]	2603271.096419	79213	cpu/event=0xD0,umask=0x82/u	40143c	t_run_test	(/home/koga/autobench_perf/src/autobench/aiifft01_lite)
aiifft01_lite	78591	[005]	2603271.096519	78945	cpu/event=0xD0,umask=0x82/u	4010a3	t_run_test	(/home/koga/autobench_perf/src/autobench/aiifft01_lite)
aiifft01_lite	78591	[005]	2603271.096617	78971	cpu/event=0xD0,umask=0x82/u	400d1a	t_run_test	(/home/koga/autobench_perf/src/autobench/aiifft01_lite)
aiifft01_lite	78591	[005]	2603271.096717	79122	cpu/event=0xD0,umask=0x82/u	4013dc	t_run_test	(/home/koga/autobench_perf/src/autobench/aiifft01_lite)
aiifft01_lite	78591	[005]	2603271.096818	79150	cpu/event=0xD0,umask=0x82/u	4010fa	t_run_test	(/home/koga/autobench_perf/src/autobench/aiifft01_lite)
aiifft01_lite	78591	[005]	2603271.096921	79094	cpu/event=0xD0,umask=0x82/u	40109c	t_run_test	(/home/koga/autobench_perf/src/autobench/aiifft01_lite)
aiifft01_lite	78591	[005]	2603271.097020	78776	cpu/event=0xD0,umask=0x82/u	400d05	t_run_test	(/home/koga/autobench_perf/src/autobench/aiifft01_lite)
aiifft01_lite	78591	[005]	2603271.097119	78881	cpu/event=0xD0,umask=0x82/u	401386	t_run_test	(/home/koga/autobench_perf/src/autobench/aiifft01_lite)
aiifft01_lite	78591	[005]	2603271.097214	78963	cpu/event=0xD0,umask=0x82/u	400ffd	t_run_test	(/home/koga/autobench_perf/src/autobench/aiifft01_lite)
aiifft01_lite	78591	[005]	2603271.097313	79460	cpu/event=0xD0,umask=0x82/u	400cde	t_run_test	(/home/koga/autobench_perf/src/autobench/aiifft01_lite)
aiifft01_lite	78591	[005]	2603271.097415	79581	cpu/event=0xD0,umask=0x82/u	400904	GetInputValues	(/home/koga/autobench_perf/src/autobench/aiifft01_lite)
aiifft01_lite	78591	[005]	2603271.097517	79356	cpu/event=0xD0,umask=0x82/u	4013fc	t_run_test	(/home/koga/autobench_perf/src/autobench/aiifft01_lite)
aiifft01_lite	78591	[005]	2603271.097617	79205	cpu/event=0xD0,umask=0x82/u	40108e	t_run_test	(/home/koga/autobench_perf/src/autobench/aiifft01_lite)
aiifft01_lite	78591	[005]	2603271.097716	79183	cpu/event=0xD0,umask=0x82/u	400cc6	t_run_test	(/home/koga/autobench_perf/src/autobench/aiifft01_lite)
aiifft01_lite	78591	[005]	2603271.097817	79276	cpu/event=0xD0,umask=0x82/u	401440	t_run_test	(/home/koga/autobench_perf/src/autobench/aiifft01_lite)
aiifft01_lite	78591	[005]	2603271.097918	79258	cpu/event=0xD0,umask=0x82/u	401223	t_run_test	(/home/koga/autobench_perf/src/autobench/aiifft01_lite)
aiifft01_lite	78591	[005]	2603271.098020	79131	cpu/event=0xD0,umask=0x82/u	40103d	t_run_test	(/home/koga/autobench_perf/src/autobench/aiifft01_lite)
aiifft01_lite	78591	[005]	2603271.098120	78902	cpu/event=0xD0,umask=0x82/u	400c90	t_run_test	(/home/koga/autobench_perf/src/autobench/aiifft01_lite)
aiifft01_lite	78591	[005]	2603271.098214	78975	cpu/event=0xD0,umask=0x82/u	401446	t_run_test	(/home/koga/autobench_perf/src/autobench/aiifft01_lite)
aiifft01_lite	78591	[005]	2603271.098324	79448	cpu/event=0xD0,umask=0x82/u	401008	t_run_test	(/home/koga/autobench_perf/src/autobench/aiifft01_lite)
aiifft01_lite	78591	[005]	2603271.098423	78591	cpu/event=0xD0,umask=0x82/u	400cc6	t_run_test	(/home/koga/autobench_perf/src/autobench/aiifft01_lite)
aiifft01_lite	78591	[005]	2603271.098526	78609	cpu/event=0xD0,umask=0x82/u	400c9c	t_run_test	(/home/koga/autobench_perf/src/autobench/aiifft01_lite)
aiifft01_lite	78591	[005]	2603271.098625	78338	cpu/event=0xD0,umask=0x82/u	401413	t_run_test	(/home/koga/autobench_perf/src/autobench/aiifft01_lite)
aiifft01_lite	78591	[005]	2603271.098725	78412	cpu/event=0xD0,umask=0x82/u	401058	t_run_test	(/home/koga/autobench_perf/src/autobench/aiifft01_lite)
aiifft01_lite	78591	[005]	2603271.098823	78475	cpu/event=0xD0,umask=0x82/u	400cdb	t_run_test	(/home/koga/autobench_perf/src/autobench/aiifft01_lite)
aiifft01_lite	78591	[005]	2603271.098922	78673	cpu/event=0xD0,umask=0x82/u	40146e	t_run_test	(/home/koga/autobench_perf/src/autobench/aiifft01_lite)
aiifft01_lite	78591	[005]	2603271.099022	78777	cpu/event=0xD0,umask=0x82/u	401055	t_run_test	(/home/koga/autobench_perf/src/autobench/aiifft01_lite)
aiifft01_lite	78591	[005]	2603271.099125	78757	cpu/event=0xD0,umask=0x82/u	40109c	t_run_test	(/home/koga/autobench_perf/src/autobench/aiifft01_lite)
aiifft01_lite	78591	[005]	2603271.099219	78508	cpu/event=0xD0,umask=0x82/u	400c94	t_run_test	(/home/koga/autobench_perf/src/autobench/aiifft01_lite)
aiifft01_lite	78591	[005]	2603271.099318	79085	cpu/event=0xD0,umask=0x82/u	40139d	t_run_test	(/home/koga/autobench_perf/src/autobench/aiifft01_lite)
aiifft01_lite	78591	[005]	2603271.099418	79199	cpu/event=0xD0,umask=0x82/u	4010bb	t_run_test	(/home/koga/autobench_perf/src/autobench/aiifft01_lite)
aiifft01_lite	78591	[005]	2603271.099517	79228	cpu/event=0xD0,umask=0x82/u	400c68	t_run_test	(/home/koga/autobench_perf/src/autobench/aiifft01_lite)
aiifft01_lite	78591	[005]	2603271.099619	79331	cpu/event=0xD0,umask=0x82/u	40090d	GetInputValues	(/home/koga/autobench_perf/src/autobench/aiifft01_lite)
aiifft01_lite	78591	[005]	2603271.099720	79063	cpu/event=0xD0,umask=0x82/u	401435	t_run_test	(/home/koga/autobench_perf/src/autobench/aiifft01_lite)
aiifft01_lite	78591	[005]	2603271.099820	78995	cpu/event=0xD0,umask=0x82/u	401095	t_run_test	(/home/koga/autobench_perf/src/autobench/aiifft01_lite)
aiifft01_lite	78591	[005]	2603271.099918	79007	cpu/event=0xD0,umask=0x82/u	400d10	t_run_test	(/home/koga/autobench_perf/src/autobench/aiifft01_lite)
aiifft01_lite	78591	[005]	2603271.100018	79157	cpu/event=0xD0,umask=0x82/u	4013e0	t_run_test	(/home/koga/autobench_perf/src/autobench/aiifft01_lite)
