aiifft01_lite	78687	[003]	2603279.006806	1	cpu/event=0xC0,umask=0x00/u	7f8205e0bc30	_start	(/lib/x86_64-linux-gnu/ld-2.23.so)
aiifft01_lite	78687	[003]	2603279.006819	1	cpu/event=0xC0,umask=0x00/u	7f8205e0bc30	_start	(/lib/x86_64-linux-gnu/ld-2.23.so)
aiifft01_lite	78687	[003]	2603279.006831	2	cpu/event=0xC0,umask=0x00/u	7f8205e0bc30	_start	(/lib/x86_64-linux-gnu/ld-2.23.so)
aiifft01_lite	78687	[003]	2603279.006844	4	cpu/event=0xC0,umask=0x00/u	ffffffff8186d5d0	page_fault	([kernel.kallsyms])
aiifft01_lite	78687	[003]	2603279.006858	8	cpu/event=0xC0,umask=0x00/u	7f8205e0c9c6	_dl_start	(/lib/x86_64-linux-gnu/ld-2.23.so)
aiifft01_lite	78687	[003]	2603279.006870	14	cpu/event=0xC0,umask=0x00/u	7f8205e0c9ff	_dl_start	(/lib/x86_64-linux-gnu/ld-2.23.so)
aiifft01_lite	78687	[003]	2603279.006876	28	cpu/event=0xC0,umask=0x00/u	7f8205e0ca53	_dl_start	(/lib/x86_64-linux-gnu/ld-2.23.so)
aiifft01_lite	78687	[003]	2603279.006887	82	cpu/event=0xC0,umask=0x00/u	7f8205e0cc6b	_dl_start	(/lib/x86_64-linux-gnu/ld-2.23.so)
aiifft01_lite	78687	[003]	2603279.006893	164	cpu/event=0xC0,umask=0x00/u	7f8205e0ca53	_dl_start	(/lib/x86_64-linux-gnu/ld-2.23.so)
aiifft01_lite	78687	[003]	2603279.006930	480	cpu/event=0xC0,umask=0x00/u	7f8205e0cd36	_dl_start	(/lib/x86_64-linux-gnu/ld-2.23.so)
aiifft01_lite	78687	[003]	2603279.006963	582	cpu/event=0xC0,umask=0x00/u	7f8205e247e8	_dl_sysdep_start	(/lib/x86_64-linux-gnu/ld-2.23.so)
aiifft01_lite	78687	[003]	2603279.006996	734	cpu/event=0xC0,umask=0x00/u	7f8205e0d3ea	dl_main	(/lib/x86_64-linux-gnu/ld-2.23.so)
aiifft01_lite	78687	[003]	2603279.007028	918	cpu/event=0xC0,umask=0x00/u	7f8205e0d8f6	dl_main	(/lib/x86_64-linux-gnu/ld-2.23.so)
aiifft01_lite	78687	[003]	2603279.007048	1156	cpu/event=0xC0,umask=0x00/u	7f8205e1a2c2	_dl_important_hwcaps	(/lib/x86_64-linux-gnu/ld-2.23.so)
aiifft01_lite	78687	[003]	2603279.007092	1751	cpu/event=0xC0,umask=0x00/u	7f8205e27ec8	strcmp	(/lib/x86_64-linux-gnu/ld-2.23.so)
aiifft01_lite	78687	[003]	2603279.007133	2030	cpu/event=0xC0,umask=0x00/u	7f8205e28f50	memcpy	(/lib/x86_64-linux-gnu/ld-2.23.so)
aiifft01_lite	78687	[003]	2603279.007224	2389	cpu/event=0xC0,umask=0x00/u	7f8205e16b6f	_dl_add_to_namespace_list	(/lib/x86_64-linux-gnu/ld-2.23.so)
aiifft01_lite	78687	[003]	2603279.007254	2420	cpu/event=0xC0,umask=0x00/u	ffffffff8186a950	entry_SYSCALL_64	([kernel.kallsyms])
aiifft01_lite	78687	[003]	2603279.007330	3149	cpu/event=0xC0,umask=0x00/u	7f8205e19153	_dl_map_object_deps	(/lib/x86_64-linux-gnu/ld-2.23.so)
aiifft01_lite	78687	[003]	2603279.007362	3271	cpu/event=0xC0,umask=0x00/u	7f8205e0ea6b	dl_main	(/lib/x86_64-linux-gnu/ld-2.23.so)
aiifft01_lite	78687	[003]	2603279.007396	4140	cpu/event=0xC0,umask=0x00/u	7f8205e1d0c7	_dl_check_map_versions	(/lib/x86_64-linux-gnu/ld-2.23.so)
aiifft01_lite	78687	[003]	2603279.007453	5132	cpu/event=0xC0,umask=0x00/u	7f8205e17630	_dl_relocate_object	(/lib/x86_64-linux-gnu/ld-2.23.so)
aiifft01_lite	78687	[003]	2603279.007473	5624	cpu/event=0xC0,umask=0x00/u	7f8205e17649	_dl_relocate_object	(/lib/x86_64-linux-gnu/ld-2.23.so)
aiifft01_lite	78687	[003]	2603279.007494	8334	cpu/event=0xC0,umask=0x00/u	7f8205e1765a	_dl_relocate_object	(/lib/x86_64-linux-gnu/ld-2.23.so)
aiifft01_lite	78687	[003]	2603279.007524	12255	cpu/event=0xC0,umask=0x00/u	7f8205e14f50	do_lookup_x	(/lib/x86_64-linux-gnu/ld-2.23.so)
aiifft01_lite	78687	[003]	2603279.007551	15883	cpu/event=0xC0,umask=0x00/u	7f8205e14ea0	do_lookup_x	(/lib/x86_64-linux-gnu/ld-2.23.so)
aiifft01_lite	78687	[003]	2603279.007583	21344	cpu/event=0xC0,umask=0x00/u	7f8205e15a57	_dl_lookup_symbol_x	(/lib/x86_64-linux-gnu/ld-2.23.so)
aiifft01_lite	78687	[003]	2603279.007652	26916	cpu/event=0xC0,umask=0x00/u	7f8205e14fd1	do_lookup_x	(/lib/x86_64-linux-gnu/ld-2.23.so)
aiifft01_lite	78687	[003]	2603279.007812	28431	cpu/event=0xC0,umask=0x00/u	7f820587b38c	_dl_addr	(/lib/x86_64-linux-gnu/libc-2.23.so)
aiifft01_lite	78687	[003]	2603279.007862	27104	cpu/event=0xC0,umask=0x00/u	7f820587b370	_dl_addr	(/lib/x86_64-linux-gnu/libc-2.23.so)
aiifft01_lite	78687	[003]	2603279.007938	30424	cpu/event=0xC0,umask=0x00/u	4008bb	GetTestData	(/home/koga/autobench_perf/src/autobench/aiifft01_lite)
aiifft01_lite	78687	[003]	2603279.008011	31646	cpu/event=0xC0,umask=0x00/u	7f8205b252f9	do_cos_slow.isra.1	(/lib/x86_64-linux-gnu/libm-2.23.so)
aiifft01_lite	78687	[003]	2603279.008032	33083	cpu/event=0xC0,umask=0x00/u	7f8205b26bf1	__sincos	(/lib/x86_64-linux-gnu/libm-2.23.so)
aiifft01_lite	78687	[003]	2603279.008055	49416	cpu/event=0xC0,umask=0x00/u	400abc	t_run_test	(/home/koga/autobench_perf/src/autobench/aiifft01_lite)
aiifft01_lite	78687	[003]	2603279.008123	69895	cpu/event=0xC0,umask=0x00/u	400c9c	t_run_test	(/home/koga/autobench_perf/src/autobench/aiifft01_lite)
aiifft01_lite	78687	[003]	2603279.008164	74005	cpu/event=0xC0,umask=0x00/u	400cde	t_run_test	(/home/koga/autobench_perf/src/autobench/aiifft01_lite)
aiifft01_lite	78687	[003]	2603279.008225	86997	cpu/event=0xC0,umask=0x00/u	401078	t_run_test	(/home/koga/autobench_perf/src/autobench/aiifft01_lite)
aiifft01_lite	78687	[003]	2603279.008282	93915	cpu/event=0xC0,umask=0x00/u	4013d8	t_run_test	(/home/koga/autobench_perf/src/autobench/aiifft01_lite)
aiifft01_lite	78687	[003]	2603279.008326	102911	cpu/event=0xC0,umask=0x00/u	4013dc	t_run_test	(/home/koga/autobench_perf/src/autobench/aiifft01_lite)
aiifft01_lite	78687	[003]	2603279.008381	119003	cpu/event=0xC0,umask=0x00/u	400cb3	t_run_test	(/home/koga/autobench_perf/src/autobench/aiifft01_lite)
aiifft01_lite	78687	[003]	2603279.008443	131168	cpu/event=0xC0,umask=0x00/u	40106f	t_run_test	(/home/koga/autobench_perf/src/autobench/aiifft01_lite)
aiifft01_lite	78687	[003]	2603279.008506	141572	cpu/event=0xC0,umask=0x00/u	4013ff	t_run_test	(/home/koga/autobench_perf/src/autobench/aiifft01_lite)
aiifft01_lite	78687	[003]	2603279.008573	151601	cpu/event=0xC0,umask=0x00/u	400ce9	t_run_test	(/home/koga/autobench_perf/src/autobench/aiifft01_lite)
aiifft01_lite	78687	[003]	2603279.008644	161084	cpu/event=0xC0,umask=0x00/u	401243	t_run_test	(/home/koga/autobench_perf/src/autobench/aiifft01_lite)
aiifft01_lite	78687	[003]	2603279.008724	169256	cpu/event=0xC0,umask=0x00/u	400ce9	t_run_test	(/home/koga/autobench_perf/src/autobench/aiifft01_lite)
aiifft01_lite	78687	[003]	2603279.008801	174579	cpu/event=0xC0,umask=0x00/u	4010be	t_run_test	(/home/koga/autobench_perf/src/autobench/aiifft01_lite)
aiifft01_lite	78687	[003]	2603279.008878	181079	cpu/event=0xC0,umask=0x00/u	4015c3	t_run_test	(/home/koga/autobench_perf/src/autobench/aiifft01_lite)
aiifft01_lite	78687	[003]	2603279.008961	187835	cpu/event=0xC0,umask=0x00/u	40106b	t_run_test	(/home/koga/autobench_perf/src/autobench/aiifft01_lite)
aiifft01_lite	78687	[003]	2603279.009042	192869	cpu/event=0xC0,umask=0x00/u	40145e	t_run_test	(/home/koga/autobench_perf/src/autobench/aiifft01_lite)
aiifft01_lite	78687	[003]	2603279.009128	198535	cpu/event=0xC0,umask=0x00/u	40106f	t_run_test	(/home/koga/autobench_perf/src/autobench/aiifft01_lite)
aiifft01_lite	78687	[003]	2603279.009212	202492	cpu/event=0xC0,umask=0x00/u	4015c3	t_run_test	(/home/koga/autobench_perf/src/autobench/aiifft01_lite)
aiifft01_lite	78687	[003]	2603279.009301	207190	cpu/event=0xC0,umask=0x00/u	401041	t_run_test	(/home/koga/autobench_perf/src/autobench/aiifft01_lite)
aiifft01_lite	78687	[003]	2603279.009390	210447	cpu/event=0xC0,umask=0x00/u	400ce9	t_run_test	(/home/koga/autobench_perf/src/autobench/aiifft01_lite)
aiifft01_lite	78687	[003]	2603279.009479	213658	cpu/event=0xC0,umask=0x00/u	4010a0	t_run_test	(/home/koga/autobench_perf/src/autobench/aiifft01_lite)
aiifft01_lite	78687	[003]	2603279.009571	216993	cpu/event=0xC0,umask=0x00/u	400c5d	t_run_test	(/home/koga/autobench_perf/src/autobench/aiifft01_lite)
aiifft01_lite	78687	[003]	2603279.009664	219476	cpu/event=0xC0,umask=0x00/u	4013ff	t_run_test	(/home/koga/autobench_perf/src/autobench/aiifft01_lite)
aiifft01_lite	78687	[003]	2603279.009755	221383	cpu/event=0xC0,umask=0x00/u	400908	GetInputValues	(/home/koga/autobench_perf/src/autobench/aiifft01_lite)
aiifft01_lite	78687	[003]	2603279.009849	224088	cpu/event=0xC0,umask=0x00/u	401402	t_run_test	(/home/koga/autobench_perf/src/autobench/aiifft01_lite)
aiifft01_lite	78687	[003]	2603279.009945	225791	cpu/event=0xC0,umask=0x00/u	40107e	t_run_test	(/home/koga/autobench_perf/src/autobench/aiifft01_lite)
aiifft01_lite	78687	[003]	2603279.010040	227161	cpu/event=0xC0,umask=0x00/u	400cb3	t_run_test	(/home/koga/autobench_perf/src/autobench/aiifft01_lite)
aiifft01_lite	78687	[003]	2603279.010137	228484	cpu/event=0xC0,umask=0x00/u	401413	t_run_test	(/home/koga/autobench_perf/src/autobench/aiifft01_lite)
aiifft01_lite	78687	[003]	2603279.010254	216071	cpu/event=0xC0,umask=0x00/u	400cd7	t_run_test	(/home/koga/autobench_perf/src/autobench/aiifft01_lite)
aiifft01_lite	78687	[003]	2603279.010348	212118	cpu/event=0xC0,umask=0x00/u	401418	t_run_test	(/home/koga/autobench_perf/src/autobench/aiifft01_lite)
aiifft01_lite	78687	[003]	2603279.010440	213740	cpu/event=0xC0,umask=0x00/u	401082	t_run_test	(/home/koga/autobench_perf/src/autobench/aiifft01_lite)
aiifft01_lite	78687	[003]	2603279.010529	216024	cpu/event=0xC0,umask=0x00/u	4015ad	t_run_test	(/home/koga/autobench_perf/src/autobench/aiifft01_lite)
aiifft01_lite	78687	[003]	2603279.010622	219432	cpu/event=0xC0,umask=0x00/u	401086	t_run_test	(/home/koga/autobench_perf/src/autobench/aiifft01_lite)
aiifft01_lite	78687	[003]	2603279.010716	221421	cpu/event=0xC0,umask=0x00/u	400d32	t_run_test	(/home/koga/autobench_perf/src/autobench/aiifft01_lite)
aiifft01_lite	78687	[003]	2603279.010807	223394	cpu/event=0xC0,umask=0x00/u	401418	t_run_test	(/home/koga/autobench_perf/src/autobench/aiifft01_lite)
aiifft01_lite	78687	[003]	2603279.010899	226128	cpu/event=0xC0,umask=0x00/u	400ca2	t_run_test	(/home/koga/autobench_perf/src/autobench/aiifft01_lite)
aiifft01_lite	78687	[003]	2603279.010994	228577	cpu/event=0xC0,umask=0x00/u	4013e3	t_run_test	(/home/koga/autobench_perf/src/autobench/aiifft01_lite)
aiifft01_lite	78687	[003]	2603279.011091	229911	cpu/event=0xC0,umask=0x00/u	4010b7	t_run_test	(/home/koga/autobench_perf/src/autobench/aiifft01_lite)
aiifft01_lite	78687	[003]	2603279.011187	230889	cpu/event=0xC0,umask=0x00/u	400c98	t_run_test	(/home/koga/autobench_perf/src/autobench/aiifft01_lite)
aiifft01_lite	78687	[003]	2603279.011285	231982	cpu/event=0xC0,umask=0x00/u	4013dc	t_run_test	(/home/koga/autobench_perf/src/autobench/aiifft01_lite)
aiifft01_lite	78687	[003]	2603279.011380	232790	cpu/event=0xC0,umask=0x00/u	400904	GetInputValues	(/home/koga/autobench_perf/src/autobench/aiifft01_lite)
aiifft01_lite	78687	[003]	2603279.011483	234322	cpu/event=0xC0,umask=0x00/u	4013c1	t_run_test	(/home/koga/autobench_perf/src/autobench/aiifft01_lite)
aiifft01_lite	78687	[003]	2603279.011581	233441	cpu/event=0xC0,umask=0x00/u	400ffd	t_run_test	(/home/koga/autobench_perf/src/autobench/aiifft01_lite)
aiifft01_lite	78687	[003]	2603279.011679	233781	cpu/event=0xC0,umask=0x00/u	400ca2	t_run_test	(/home/koga/autobench_perf/src/autobench/aiifft01_lite)
aiifft01_lite	78687	[003]	2603279.011778	234529	cpu/event=0xC0,umask=0x00/u	40142e	t_run_test	(/home/koga/autobench_perf/src/autobench/aiifft01_lite)
aiifft01_lite	78687	[003]	2603279.011872	234950	cpu/event=0xC0,umask=0x00/u	40108a	t_run_test	(/home/koga/autobench_perf/src/autobench/aiifft01_lite)
aiifft01_lite	78687	[003]	2603279.011966	236581	cpu/event=0xC0,umask=0x00/u	400cc6	t_run_test	(/home/koga/autobench_perf/src/autobench/aiifft01_lite)
aiifft01_lite	78687	[003]	2603279.012064	238433	cpu/event=0xC0,umask=0x00/u	401223	t_run_test	(/home/koga/autobench_perf/src/autobench/aiifft01_lite)
aiifft01_lite	78687	[003]	2603279.012162	239271	cpu/event=0xC0,umask=0x00/u	400d2d	t_run_test	(/home/koga/autobench_perf/src/autobench/aiifft01_lite)
aiifft01_lite	78687	[003]	2603279.012262	239799	cpu/event=0xC0,umask=0x00/u	4013e0	t_run_test	(/home/koga/autobench_perf/src/autobench/aiifft01_lite)
aiifft01_lite	78687	[003]	2603279.012362	239875	cpu/event=0xC0,umask=0x00/u	401060	t_run_test	(/home/koga/autobench_perf/src/autobench/aiifft01_lite)
aiifft01_lite	78687	[003]	2603279.012461	239809	cpu/event=0xC0,umask=0x00/u	400c98	t_run_test	(/home/koga/autobench_perf/src/autobench/aiifft01_lite)
aiifft01_lite	78687	[003]	2603279.012567	239984	cpu/event=0xC0,umask=0x00/u	40141e	t_run_test	(/home/koga/autobench_perf/src/autobench/aiifft01_lite)
aiifft01_lite	78687	[003]	2603279.012667	238455	cpu/event=0xC0,umask=0x00/u	40109c	t_run_test	(/home/koga/autobench_perf/src/autobench/aiifft01_lite)
aiifft01_lite	78687	[003]	2603279.012766	238301	cpu/event=0xC0,umask=0x00/u	400ce1	t_run_test	(/home/koga/autobench_perf/src/autobench/aiifft01_lite)
aiifft01_lite	78687	[003]	2603279.012866	238624	cpu/event=0xC0,umask=0x00/u	401454	t_run_test	(/home/koga/autobench_perf/src/autobench/aiifft01_lite)
aiifft01_lite	78687	[003]	2603279.012962	238653	cpu/event=0xC0,umask=0x00/u	400e9e	t_run_test	(/home/koga/autobench_perf/src/autobench/aiifft01_lite)
aiifft01_lite	78687	[003]	2603279.013062	239772	cpu/event=0xC0,umask=0x00/u	4013dc	t_run_test	(/home/koga/autobench_perf/src/autobench/aiifft01_lite)
aiifft01_lite	78687	[003]	2603279.013162	239885	cpu/event=0xC0,umask=0x00/u	401092	t_run_test	(/home/koga/autobench_perf/src/autobench/aiifft01_lite)
aiifft01_lite	78687	[003]	2603279.013262	239875	cpu/event=0xC0,umask=0x00/u	400ca5	t_run_test	(/home/koga/autobench_perf/src/autobench/aiifft01_lite)
aiifft01_lite	78687	[003]	2603279.013362	240032	cpu/event=0xC0,umask=0x00/u	40141e	t_run_test	(/home/koga/autobench_perf/src/autobench/aiifft01_lite)
aiifft01_lite	78687	[003]	2603279.013467	239996	cpu/event=0xC0,umask=0x00/u	4010be	t_run_test	(/home/koga/autobench_perf/src/autobench/aiifft01_lite)
aiifft01_lite	78687	[003]	2603279.013566	238365	cpu/event=0xC0,umask=0x00/u	400c9c	t_run_test	(/home/koga/autobench_perf/src/autobench/aiifft01_lite)
aiifft01_lite	78687	[003]	2603279.013666	238710	cpu/event=0xC0,umask=0x00/u	401454	t_run_test	(/home/koga/autobench_perf/src/autobench/aiifft01_lite)
aiifft01_lite	78687	[003]	2603279.013766	238762	cpu/event=0xC0,umask=0x00/u	4010b4	t_run_test	(/home/koga/autobench_perf/src/autobench/aiifft01_lite)
aiifft01_lite	78687	[003]	2603279.013862	238831	cpu/event=0xC0,umask=0x00/u	4015ad	t_run_test	(/home/koga/autobench_perf/src/autobench/aiifft01_lite)
aiifft01_lite	78687	[003]	2603279.013963	239936	cpu/event=0xC0,umask=0x00/u	40109c	t_run_test	(/home/koga/autobench_perf/src/autobench/aiifft01_lite)
aiifft01_lite	78687	[003]	2603279.014062	239863	cpu/event=0xC0,umask=0x00/u	400cf7	t_run_test	(/home/koga/autobench_perf/src/autobench/aiifft01_lite)
aiifft01_lite	78687	[003]	2603279.014163	240097	cpu/event=0xC0,umask=0x00/u	401454	t_run_test	(/home/koga/autobench_perf/src/autobench/aiifft01_lite)
aiifft01_lite	78687	[003]	2603279.014279	239640	cpu/event=0xC0,umask=0x00/u	400ff0	t_run_test	(/home/koga/autobench_perf/src/autobench/aiifft01_lite)
aiifft01_lite	78687	[003]	2603279.014384	235303	cpu/event=0xC0,umask=0x00/u	400cd2	t_run_test	(/home/koga/autobench_perf/src/autobench/aiifft01_lite)
aiifft01_lite	78687	[003]	2603279.014483	234075	cpu/event=0xC0,umask=0x00/u	401435	t_run_test	(/home/koga/autobench_perf/src/autobench/aiifft01_lite)
aiifft01_lite	78687	[003]	2603279.014581	234364	cpu/event=0xC0,umask=0x00/u	400fe5	t_run_test	(/home/koga/autobench_perf/src/autobench/aiifft01_lite)
aiifft01_lite	78687	[003]	2603279.014678	234864	cpu/event=0xC0,umask=0x00/u	400904	GetInputValues	(/home/koga/autobench_perf/src/autobench/aiifft01_lite)
aiifft01_lite	78687	[003]	2603279.014776	235874	cpu/event=0xC0,umask=0x00/u	401044	t_run_test	(/home/koga/autobench_perf/src/autobench/aiifft01_lite)
aiifft01_lite	78687	[003]	2603279.014874	236493	cpu/event=0xC0,umask=0x00/u	400cde	t_run_test	(/home/koga/autobench_perf/src/autobench/aiifft01_lite)
aiifft01_lite	78687	[003]	2603279.014973	237058	cpu/event=0xC0,umask=0x00/u	40143c	t_run_test	(/home/koga/autobench_perf/src/autobench/aiifft01_lite)
aiifft01_lite	78687	[003]	2603279.015078	237210	cpu/event=0xC0,umask=0x00/u	401086	t_run_test	(/home/koga/autobench_perf/src/autobench/aiifft01_lite)
aiifft01_lite	78687	[003]	2603279.015176	236001	cpu/event=0xC0,umask=0x00/u	400d09	t_run_test	(/home/koga/autobench_perf/src/autobench/aiifft01_lite)
aiifft01_lite	78687	[003]	2603279.015275	236489	cpu/event=0xC0,umask=0x00/u	40145e	t_run_test	(/home/koga/autobench_perf/src/autobench/aiifft01_lite)
aiifft01_lite	78687	[003]	2603279.015375	236683	cpu/event=0xC0,umask=0x00/u	40106f	t_run_test	(/home/koga/autobench_perf/src/autobench/aiifft01_lite)
aiifft01_lite	78687	[003]	2603279.015471	236863	cpu/event=0xC0,umask=0x00/u	4015e0	t_run_test	(/home/koga/autobench_perf/src/autobench/aiifft01_lite)
aiifft01_lite	78687	[003]	2603279.015570	238038	cpu/event=0xC0,umask=0x00/u	401008	t_run_test	(/home/koga/autobench_perf/src/autobench/aiifft01_lite)
aiifft01_lite	78687	[003]	2603279.015675	238192	cpu/event=0xC0,umask=0x00/u	400d54	t_run_test	(/home/koga/autobench_perf/src/autobench/aiifft01_lite)
aiifft01_lite	78687	[003]	2603279.015775	236946	cpu/event=0xC0,umask=0x00/u	401439	t_run_test	(/home/koga/autobench_perf/src/autobench/aiifft01_lite)
aiifft01_lite	78687	[003]	2603279.015874	236889	cpu/event=0xC0,umask=0x00/u	401039	t_run_test	(/home/koga/autobench_perf/src/autobench/aiifft01_lite)
aiifft01_lite	78687	[003]	2603279.015972	237139	cpu/event=0xC0,umask=0x00/u	400cb3	t_run_test	(/home/koga/autobench_perf/src/autobench/aiifft01_lite)
aiifft01_lite	78687	[003]	2603279.016072	237679	cpu/event=0xC0,umask=0x00/u	401426	t_run_test	(/home/koga/autobench_perf/src/autobench/aiifft01_lite)
aiifft01_lite	78687	[003]	2603279.016172	237789	cpu/event=0xC0,umask=0x00/u	4010b4	t_run_test	(/home/koga/autobench_perf/src/autobench/aiifft01_lite)
aiifft01_lite	78687	[003]	2603279.016273	237848	cpu/event=0xC0,umask=0x00/u	4015ad	t_run_test	(/home/koga/autobench_perf/src/autobench/aiifft01_lite)
aiifft01_lite	78687	[003]	2603279.016373	237422	cpu/event=0xC0,umask=0x00/u	4010ec	t_run_test	(/home/koga/autobench_perf/src/autobench/aiifft01_lite)
aiifft01_lite	78687	[003]	2603279.016472	237436	cpu/event=0xC0,umask=0x00/u	400ce9	t_run_test	(/home/koga/autobench_perf/src/autobench/aiifft01_lite)
aiifft01_lite	78687	[003]	2603279.016572	237854	cpu/event=0xC0,umask=0x00/u	401440	t_run_test	(/home/koga/autobench_perf/src/autobench/aiifft01_lite)
aiifft01_lite	78687	[003]	2603279.016671	237905	cpu/event=0xC0,umask=0x00/u	401039	t_run_test	(/home/koga/autobench_perf/src/autobench/aiifft01_lite)
aiifft01_lite	78687	[003]	2603279.016775	238091	cpu/event=0xC0,umask=0x00/u	400cc2	t_run_test	(/home/koga/autobench_perf/src/autobench/aiifft01_lite)
aiifft01_lite	78687	[003]	2603279.016875	237084	cpu/event=0xC0,umask=0x00/u	401413	t_run_test	(/home/koga/autobench_perf/src/autobench/aiifft01_lite)
aiifft01_lite	78687	[003]	2603279.016974	237121	cpu/event=0xC0,umask=0x00/u	401039	t_run_test	(/home/koga/autobench_perf/src/autobench/aiifft01_lite)
aiifft01_lite	78687	[003]	2603279.017070	237291	cpu/event=0xC0,umask=0x00/u	4015ad	t_run_test	(/home/koga/autobench_perf/src/autobench/aiifft01_lite)
aiifft01_lite	78687	[003]	2603279.017169	238570	cpu/event=0xC0,umask=0x00/u	401050	t_run_test	(/home/koga/autobench_perf/src/autobench/aiifft01_lite)
aiifft01_lite	78687	[003]	2603279.017273	238697	cpu/event=0xC0,umask=0x00/u	400cf1	t_run_test	(/home/koga/autobench_perf/src/autobench/aiifft01_lite)
aiifft01_lite	78687	[003]	2603279.017373	237678	cpu/event=0xC0,umask=0x00/u	40140e	t_run_test	(/home/koga/autobench_perf/src/autobench/aiifft01_lite)
aiifft01_lite	78687	[003]	2603279.017472	237639	cpu/event=0xC0,umask=0x00/u	400ff5	t_run_test	(/home/koga/autobench_perf/src/autobench/aiifft01_lite)
aiifft01_lite	78687	[003]	2603279.017571	237862	cpu/event=0xC0,umask=0x00/u	400d05	t_run_test	(/home/koga/autobench_perf/src/autobench/aiifft01_lite)
aiifft01_lite	78687	[003]	2603279.017675	238370	cpu/event=0xC0,umask=0x00/u	401449	t_run_test	(/home/koga/autobench_perf/src/autobench/aiifft01_lite)
aiifft01_lite	78687	[003]	2603279.017775	237019	cpu/event=0xC0,umask=0x00/u	401078	t_run_test	(/home/koga/autobench_perf/src/autobench/aiifft01_lite)
aiifft01_lite	78687	[003]	2603279.017873	237080	cpu/event=0xC0,umask=0x00/u	400904	GetInputValues	(/home/koga/autobench_perf/src/autobench/aiifft01_lite)
aiifft01_lite	78687	[003]	2603279.017971	237729	cpu/event=0xC0,umask=0x00/u	40108e	t_run_test	(/home/koga/autobench_perf/src/autobench/aiifft01_lite)
aiifft01_lite	78687	[003]	2603279.018069	238357	cpu/event=0xC0,umask=0x00/u	400d65	t_run_test	(/home/koga/autobench_perf/src/autobench/aiifft01_lite)
aiifft01_lite	78687	[003]	2603279.018174	238946	cpu/event=0xC0,umask=0x00/u	4013ff	t_run_test	(/home/koga/autobench_perf/src/autobench/aiifft01_lite)
aiifft01_lite	78687	[003]	2603279.018289	237332	cpu/event=0xC0,umask=0x00/u	4010a6	t_run_test	(/home/koga/autobench_perf/src/autobench/aiifft01_lite)
aiifft01_lite	78687	[003]	2603279.018388	233427	cpu/event=0xC0,umask=0x00/u	400d09	t_run_test	(/home/koga/autobench_perf/src/autobench/aiifft01_lite)
aiifft01_lite	78687	[003]	2603279.018491	233864	cpu/event=0xC0,umask=0x00/u	40145e	t_run_test	(/home/koga/autobench_perf/src/autobench/aiifft01_lite)
aiifft01_lite	78687	[003]	2603279.018589	232978	cpu/event=0xC0,umask=0x00/u	401086	t_run_test	(/home/koga/autobench_perf/src/autobench/aiifft01_lite)
aiifft01_lite	78687	[003]	2603279.018684	233610	cpu/event=0xC0,umask=0x00/u	4015c3	t_run_test	(/home/koga/autobench_perf/src/autobench/aiifft01_lite)
aiifft01_lite	78687	[003]	2603279.018788	235119	cpu/event=0xC0,umask=0x00/u	401095	t_run_test	(/home/koga/autobench_perf/src/autobench/aiifft01_lite)
aiifft01_lite	78687	[003]	2603279.018885	234086	cpu/event=0xC0,umask=0x00/u	400ced	t_run_test	(/home/koga/autobench_perf/src/autobench/aiifft01_lite)
aiifft01_lite	78687	[003]	2603279.018984	234842	cpu/event=0xC0,umask=0x00/u	40145e	t_run_test	(/home/koga/autobench_perf/src/autobench/aiifft01_lite)
aiifft01_lite	78687	[003]	2603279.019087	235269	cpu/event=0xC0,umask=0x00/u	401095	t_run_test	(/home/koga/autobench_perf/src/autobench/aiifft01_lite)
aiifft01_lite	78687	[003]	2603279.019185	234267	cpu/event=0xC0,umask=0x00/u	400cf1	t_run_test	(/home/koga/autobench_perf/src/autobench/aiifft01_lite)
aiifft01_lite	78687	[003]	2603279.019289	235005	cpu/event=0xC0,umask=0x00/u	4012c5	t_run_test	(/home/koga/autobench_perf/src/autobench/aiifft01_lite)
aiifft01_lite	78687	[003]	2603279.019384	233945	cpu/event=0xC0,umask=0x00/u	400cca	t_run_test	(/home/koga/autobench_perf/src/autobench/aiifft01_lite)
aiifft01_lite	78687	[003]	2603279.019482	235345	cpu/event=0xC0,umask=0x00/u	401426	t_run_test	(/home/koga/autobench_perf/src/autobench/aiifft01_lite)
aiifft01_lite	78687	[003]	2603279.019586	236036	cpu/event=0xC0,umask=0x00/u	401063	t_run_test	(/home/koga/autobench_perf/src/autobench/aiifft01_lite)
aiifft01_lite	78687	[003]	2603279.019684	234767	cpu/event=0xC0,umask=0x00/u	400d13	t_run_test	(/home/koga/autobench_perf/src/autobench/aiifft01_lite)
aiifft01_lite	78687	[003]	2603279.019788	235305	cpu/event=0xC0,umask=0x00/u	401440	t_run_test	(/home/koga/autobench_perf/src/autobench/aiifft01_lite)
aiifft01_lite	78687	[003]	2603279.019886	234298	cpu/event=0xC0,umask=0x00/u	4010a6	t_run_test	(/home/koga/autobench_perf/src/autobench/aiifft01_lite)
aiifft01_lite	78687	[003]	2603279.019989	234768	cpu/event=0xC0,umask=0x00/u	400b82	t_run_test	(/home/koga/autobench_perf/src/autobench/aiifft01_lite)
aiifft01_lite	78687	[003]	2603279.020086	233978	cpu/event=0xC0,umask=0x00/u	40106f	t_run_test	(/home/koga/autobench_perf/src/autobench/aiifft01_lite)
aiifft01_lite	78687	[003]	2603279.020188	234971	cpu/event=0xC0,umask=0x00/u	400cf7	t_run_test	(/home/koga/autobench_perf/src/autobench/aiifft01_lite)
aiifft01_lite	78687	[003]	2603279.020287	234328	cpu/event=0xC0,umask=0x00/u	40139d	t_run_test	(/home/koga/autobench_perf/src/autobench/aiifft01_lite)
aiifft01_lite	78687	[003]	2603279.020390	234694	cpu/event=0xC0,umask=0x00/u	401005	t_run_test	(/home/koga/autobench_perf/src/autobench/aiifft01_lite)
aiifft01_lite	78687	[003]	2603279.020488	233799	cpu/event=0xC0,umask=0x00/u	400caa	t_run_test	(/home/koga/autobench_perf/src/autobench/aiifft01_lite)
aiifft01_lite	78687	[003]	2603279.020591	234553	cpu/event=0xC0,umask=0x00/u	4013e0	t_run_test	(/home/koga/autobench_perf/src/autobench/aiifft01_lite)
aiifft01_lite	78687	[003]	2603279.020694	233581	cpu/event=0xC0,umask=0x00/u	400ed8	t_run_test	(/home/koga/autobench_perf/src/autobench/aiifft01_lite)
aiifft01_lite	78687	[003]	2603279.020790	232733	cpu/event=0xC0,umask=0x00/u	4013ef	t_run_test	(/home/koga/autobench_perf/src/autobench/aiifft01_lite)
aiifft01_lite	78687	[003]	2603279.020892	234065	cpu/event=0xC0,umask=0x00/u	400ffd	t_run_test	(/home/koga/autobench_perf/src/autobench/aiifft01_lite)
aiifft01_lite	78687	[003]	2603279.020995	233260	cpu/event=0xC0,umask=0x00/u	400cdb	t_run_test	(/home/koga/autobench_perf/src/autobench/aiifft01_lite)
aiifft01_lite	78687	[003]	2603279.021094	232540	cpu/event=0xC0,umask=0x00/u	401407	t_run_test	(/home/koga/autobench_perf/src/autobench/aiifft01_lite)
aiifft01_lite	78687	[003]	2603279.021197	232878	cpu/event=0xC0,umask=0x00/u	401039	t_run_test	(/home/koga/autobench_perf/src/autobench/aiifft01_lite)
aiifft01_lite	78687	[003]	2603279.021299	231982	cpu/event=0xC0,umask=0x00/u	400ca5	t_run_test	(/home/koga/autobench_perf/src/autobench/aiifft01_lite)
aiifft01_lite	78687	[003]	2603279.021400	231357	cpu/event=0xC0,umask=0x00/u	4010be	t_run_test	(/home/koga/autobench_perf/src/autobench/aiifft01_lite)
aiifft01_lite	78687	[003]	2603279.021501	231208	cpu/event=0xC0,umask=0x00/u	400cfb	t_run_test	(/home/koga/autobench_perf/src/autobench/aiifft01_lite)
aiifft01_lite	78687	[003]	2603279.021598	230825	cpu/event=0xC0,umask=0x00/u	4013a8	t_run_test	(/home/koga/autobench_perf/src/autobench/aiifft01_lite)
aiifft01_lite	78687	[003]	2603279.021701	231578	cpu/event=0xC0,umask=0x00/u	4010be	t_run_test	(/home/koga/autobench_perf/src/autobench/aiifft01_lite)
aiifft01_lite	78687	[003]	2603279.021802	230836	cpu/event=0xC0,umask=0x00/u	400ce1	t_run_test	(/home/koga/autobench_perf/src/autobench/aiifft01_lite)
aiifft01_lite	78687	[003]	2603279.021906	230452	cpu/event=0xC0,umask=0x00/u	40127e	t_run_test	(/home/koga/autobench_perf/src/autobench/aiifft01_lite)
aiifft01_lite	78687	[003]	2603279.022005	229471	cpu/event=0xC0,umask=0x00/u	400ce9	t_run_test	(/home/koga/autobench_perf/src/autobench/aiifft01_lite)
aiifft01_lite	78687	[003]	2603279.022101	229803	cpu/event=0xC0,umask=0x00/u	401482	t_run_test	(/home/koga/autobench_perf/src/autobench/aiifft01_lite)
aiifft01_lite	78687	[003]	2603279.022223	230968	cpu/event=0xC0,umask=0x00/u	401047	t_run_test	(/home/koga/autobench_perf/src/autobench/aiifft01_lite)
aiifft01_lite	78687	[003]	2603279.022325	225803	cpu/event=0xC0,umask=0x00/u	400cf7	t_run_test	(/home/koga/autobench_perf/src/autobench/aiifft01_lite)
aiifft01_lite	78687	[003]	2603279.022427	225219	cpu/event=0xC0,umask=0x00/u	40141e	t_run_test	(/home/koga/autobench_perf/src/autobench/aiifft01_lite)
aiifft01_lite	78687	[003]	2603279.022524	224865	cpu/event=0xC0,umask=0x00/u	400c98	t_run_test	(/home/koga/autobench_perf/src/autobench/aiifft01_lite)
aiifft01_lite	78687	[003]	2603279.022619	225628	cpu/event=0xC0,umask=0x00/u	401440	t_run_test	(/home/koga/autobench_perf/src/autobench/aiifft01_lite)
aiifft01_lite	78687	[003]	2603279.022725	227037	cpu/event=0xC0,umask=0x00/u	4010b4	t_run_test	(/home/koga/autobench_perf/src/autobench/aiifft01_lite)
aiifft01_lite	78687	[003]	2603279.022817	225364	cpu/event=0xC0,umask=0x00/u	400c9c	t_run_test	(/home/koga/autobench_perf/src/autobench/aiifft01_lite)
aiifft01_lite	78687	[003]	2603279.022910	227848	cpu/event=0xC0,umask=0x00/u	40127e	t_run_test	(/home/koga/autobench_perf/src/autobench/aiifft01_lite)
aiifft01_lite	78687	[003]	2603279.023001	230016	cpu/event=0xC0,umask=0x00/u	400c65	t_run_test	(/home/koga/autobench_perf/src/autobench/aiifft01_lite)
aiifft01_lite	78687	[003]	2603279.023096	232867	cpu/event=0xC0,umask=0x00/u	401443	t_run_test	(/home/koga/autobench_perf/src/autobench/aiifft01_lite)
aiifft01_lite	78687	[003]	2603279.023191	234549	cpu/event=0xC0,umask=0x00/u	401078	t_run_test	(/home/koga/autobench_perf/src/autobench/aiifft01_lite)
aiifft01_lite	78687	[003]	2603279.023285	236050	cpu/event=0xC0,umask=0x00/u	400cd2	t_run_test	(/home/koga/autobench_perf/src/autobench/aiifft01_lite)
aiifft01_lite	78687	[003]	2603279.023377	237758	cpu/event=0xC0,umask=0x00/u	4013ff	t_run_test	(/home/koga/autobench_perf/src/autobench/aiifft01_lite)
aiifft01_lite	78687	[003]	2603279.023473	240593	cpu/event=0xC0,umask=0x00/u	400f27	t_run_test	(/home/koga/autobench_perf/src/autobench/aiifft01_lite)
aiifft01_lite	78687	[003]	2603279.023568	241647	cpu/event=0xC0,umask=0x00/u	4015ad	t_run_test	(/home/koga/autobench_perf/src/autobench/aiifft01_lite)
aiifft01_lite	78687	[003]	2603279.023667	243258	cpu/event=0xC0,umask=0x00/u	401063	t_run_test	(/home/koga/autobench_perf/src/autobench/aiifft01_lite)
aiifft01_lite	78687	[003]	2603279.023764	243730	cpu/event=0xC0,umask=0x00/u	400c98	t_run_test	(/home/koga/autobench_perf/src/autobench/aiifft01_lite)
aiifft01_lite	78687	[003]	2603279.023862	244725	cpu/event=0xC0,umask=0x00/u	401443	t_run_test	(/home/koga/autobench_perf/src/autobench/aiifft01_lite)
aiifft01_lite	78687	[003]	2603279.023960	245344	cpu/event=0xC0,umask=0x00/u	401068	t_run_test	(/home/koga/autobench_perf/src/autobench/aiifft01_lite)
aiifft01_lite	78687	[003]	2603279.024058	245848	cpu/event=0xC0,umask=0x00/u	400d5f	t_run_test	(/home/koga/autobench_perf/src/autobench/aiifft01_lite)
aiifft01_lite	78687	[003]	2603279.024157	246563	cpu/event=0xC0,umask=0x00/u	40139d	t_run_test	(/home/koga/autobench_perf/src/autobench/aiifft01_lite)
aiifft01_lite	78687	[003]	2603279.024256	246866	cpu/event=0xC0,umask=0x00/u	40108e	t_run_test	(/home/koga/autobench_perf/src/autobench/aiifft01_lite)
aiifft01_lite	78687	[003]	2603279.024354	247162	cpu/event=0xC0,umask=0x00/u	400cb6	t_run_test	(/home/koga/autobench_perf/src/autobench/aiifft01_lite)
aiifft01_lite	78687	[003]	2603279.024453	247809	cpu/event=0xC0,umask=0x00/u	401407	t_run_test	(/home/koga/autobench_perf/src/autobench/aiifft01_lite)
aiifft01_lite	78687	[003]	2603279.024553	247992	cpu/event=0xC0,umask=0x00/u	40108e	t_run_test	(/home/koga/autobench_perf/src/autobench/aiifft01_lite)
aiifft01_lite	78687	[003]	2603279.024651	248143	cpu/event=0xC0,umask=0x00/u	400ca5	t_run_test	(/home/koga/autobench_perf/src/autobench/aiifft01_lite)
aiifft01_lite	78687	[003]	2603279.024751	248597	cpu/event=0xC0,umask=0x00/u	4013e0	t_run_test	(/home/koga/autobench_perf/src/autobench/aiifft01_lite)
aiifft01_lite	78687	[003]	2603279.024851	248716	cpu/event=0xC0,umask=0x00/u	401047	t_run_test	(/home/koga/autobench_perf/src/autobench/aiifft01_lite)
aiifft01_lite	78687	[003]	2603279.024950	248712	cpu/event=0xC0,umask=0x00/u	400cb3	t_run_test	(/home/koga/autobench_perf/src/autobench/aiifft01_lite)
aiifft01_lite	78687	[003]	2603279.025050	249050	cpu/event=0xC0,umask=0x00/u	40145e	t_run_test	(/home/koga/autobench_perf/src/autobench/aiifft01_lite)
aiifft01_lite	78687	[003]	2603279.025149	249061	cpu/event=0xC0,umask=0x00/u	401041	t_run_test	(/home/koga/autobench_perf/src/autobench/aiifft01_lite)
aiifft01_lite	78687	[003]	2603279.025248	249182	cpu/event=0xC0,umask=0x00/u	400d1a	t_run_test	(/home/koga/autobench_perf/src/autobench/aiifft01_lite)
aiifft01_lite	78687	[003]	2603279.025348	249530	cpu/event=0xC0,umask=0x00/u	4012c5	t_run_test	(/home/koga/autobench_perf/src/autobench/aiifft01_lite)
aiifft01_lite	78687	[003]	2603279.025448	249507	cpu/event=0xC0,umask=0x00/u	400ef0	t_run_test	(/home/koga/autobench_perf/src/autobench/aiifft01_lite)
aiifft01_lite	78687	[003]	2603279.025547	249465	cpu/event=0xC0,umask=0x00/u	400b43	t_run_test	(/home/koga/autobench_perf/src/autobench/aiifft01_lite)
aiifft01_lite	78687	[003]	2603279.025641	249834	cpu/event=0xC0,umask=0x00/u	400908	GetInputValues	(/home/koga/autobench_perf/src/autobench/aiifft01_lite)
aiifft01_lite	78687	[003]	2603279.025740	251889	cpu/event=0xC0,umask=0x00/u	400e88	t_run_test	(/home/koga/autobench_perf/src/autobench/aiifft01_lite)
aiifft01_lite	78687	[003]	2603279.025841	252145	cpu/event=0xC0,umask=0x00/u	4015ad	t_run_test	(/home/koga/autobench_perf/src/autobench/aiifft01_lite)
aiifft01_lite	78687	[003]	2603279.025942	251922	cpu/event=0xC0,umask=0x00/u	40120d	t_run_test	(/home/koga/autobench_perf/src/autobench/aiifft01_lite)
aiifft01_lite	78687	[003]	2603279.026042	251558	cpu/event=0xC0,umask=0x00/u	400e88	t_run_test	(/home/koga/autobench_perf/src/autobench/aiifft01_lite)
aiifft01_lite	78687	[003]	2603279.026142	251611	cpu/event=0xC0,umask=0x00/u	401432	t_run_test	(/home/koga/autobench_perf/src/autobench/aiifft01_lite)
aiifft01_lite	78687	[003]	2603279.026257	250901	cpu/event=0xC0,umask=0x00/u	40103d	t_run_test	(/home/koga/autobench_perf/src/autobench/aiifft01_lite)
aiifft01_lite	78687	[003]	2603279.026357	246746	cpu/event=0xC0,umask=0x00/u	400cdb	t_run_test	(/home/koga/autobench_perf/src/autobench/aiifft01_lite)
aiifft01_lite	78687	[003]	2603279.026457	246711	cpu/event=0xC0,umask=0x00/u	401440	t_run_test	(/home/koga/autobench_perf/src/autobench/aiifft01_lite)
aiifft01_lite	78687	[003]	2603279.026556	246894	cpu/event=0xC0,umask=0x00/u	401099	t_run_test	(/home/koga/autobench_perf/src/autobench/aiifft01_lite)
aiifft01_lite	78687	[003]	2603279.026655	247054	cpu/event=0xC0,umask=0x00/u	400cb3	t_run_test	(/home/koga/autobench_perf/src/autobench/aiifft01_lite)
aiifft01_lite	78687	[003]	2603279.026754	247582	cpu/event=0xC0,umask=0x00/u	401418	t_run_test	(/home/koga/autobench_perf/src/autobench/aiifft01_lite)
aiifft01_lite	78687	[003]	2603279.026853	247820	cpu/event=0xC0,umask=0x00/u	401060	t_run_test	(/home/koga/autobench_perf/src/autobench/aiifft01_lite)
aiifft01_lite	78687	[003]	2603279.026952	247961	cpu/event=0xC0,umask=0x00/u	400cd2	t_run_test	(/home/koga/autobench_perf/src/autobench/aiifft01_lite)
aiifft01_lite	78687	[003]	2603279.027051	248377	cpu/event=0xC0,umask=0x00/u	40144d	t_run_test	(/home/koga/autobench_perf/src/autobench/aiifft01_lite)
aiifft01_lite	78687	[003]	2603279.027151	248598	cpu/event=0xC0,umask=0x00/u	401021	t_run_test	(/home/koga/autobench_perf/src/autobench/aiifft01_lite)
aiifft01_lite	78687	[003]	2603279.027246	248648	cpu/event=0xC0,umask=0x00/u	400d1a	t_run_test	(/home/koga/autobench_perf/src/autobench/aiifft01_lite)
aiifft01_lite	78687	[003]	2603279.027346	250448	cpu/event=0xC0,umask=0x00/u	401426	t_run_test	(/home/koga/autobench_perf/src/autobench/aiifft01_lite)
aiifft01_lite	78687	[003]	2603279.027446	250453	cpu/event=0xC0,umask=0x00/u	401086	t_run_test	(/home/koga/autobench_perf/src/autobench/aiifft01_lite)
aiifft01_lite	78687	[003]	2603279.027546	250265	cpu/event=0xC0,umask=0x00/u	400d13	t_run_test	(/home/koga/autobench_perf/src/autobench/aiifft01_lite)
aiifft01_lite	78687	[003]	2603279.027645	250501	cpu/event=0xC0,umask=0x00/u	40145b	t_run_test	(/home/koga/autobench_perf/src/autobench/aiifft01_lite)
aiifft01_lite	78687	[003]	2603279.027745	250611	cpu/event=0xC0,umask=0x00/u	401060	t_run_test	(/home/koga/autobench_perf/src/autobench/aiifft01_lite)
aiifft01_lite	78687	[003]	2603279.027844	250610	cpu/event=0xC0,umask=0x00/u	400ccf	t_run_test	(/home/koga/autobench_perf/src/autobench/aiifft01_lite)
aiifft01_lite	78687	[003]	2603279.027945	250917	cpu/event=0xC0,umask=0x00/u	401407	t_run_test	(/home/koga/autobench_perf/src/autobench/aiifft01_lite)
aiifft01_lite	78687	[003]	2603279.028045	250769	cpu/event=0xC0,umask=0x00/u	401041	t_run_test	(/home/koga/autobench_perf/src/autobench/aiifft01_lite)
aiifft01_lite	78687	[003]	2603279.028144	250750	cpu/event=0xC0,umask=0x00/u	400cff	t_run_test	(/home/koga/autobench_perf/src/autobench/aiifft01_lite)
aiifft01_lite	78687	[003]	2603279.028245	250942	cpu/event=0xC0,umask=0x00/u	4013e6	t_run_test	(/home/koga/autobench_perf/src/autobench/aiifft01_lite)
aiifft01_lite	78687	[003]	2603279.028346	250646	cpu/event=0xC0,umask=0x00/u	4010d7	t_run_test	(/home/koga/autobench_perf/src/autobench/aiifft01_lite)
aiifft01_lite	78687	[003]	2603279.028445	250542	cpu/event=0xC0,umask=0x00/u	400ced	t_run_test	(/home/koga/autobench_perf/src/autobench/aiifft01_lite)
aiifft01_lite	78687	[003]	2603279.028546	250577	cpu/event=0xC0,umask=0x00/u	401422	t_run_test	(/home/koga/autobench_perf/src/autobench/aiifft01_lite)
aiifft01_lite	78687	[003]	2603279.028646	250500	cpu/event=0xC0,umask=0x00/u	401086	t_run_test	(/home/koga/autobench_perf/src/autobench/aiifft01_lite)
aiifft01_lite	78687	[003]	2603279.028746	250286	cpu/event=0xC0,umask=0x00/u	400caa	t_run_test	(/home/koga/autobench_perf/src/autobench/aiifft01_lite)
aiifft01_lite	78687	[003]	2603279.028842	250467	cpu/event=0xC0,umask=0x00/u	40145e	t_run_test	(/home/koga/autobench_perf/src/autobench/aiifft01_lite)
aiifft01_lite	78687	[003]	2603279.028942	251718	cpu/event=0xC0,umask=0x00/u	40109c	t_run_test	(/home/koga/autobench_perf/src/autobench/aiifft01_lite)
aiifft01_lite	78687	[003]	2603279.029042	251798	cpu/event=0xC0,umask=0x00/u	400cde	t_run_test	(/home/koga/autobench_perf/src/autobench/aiifft01_lite)
aiifft01_lite	78687	[003]	2603279.029143	251803	cpu/event=0xC0,umask=0x00/u	4013ef	t_run_test	(/home/koga/autobench_perf/src/autobench/aiifft01_lite)
aiifft01_lite	78687	[003]	2603279.029243	251463	cpu/event=0xC0,umask=0x00/u	4010a6	t_run_test	(/home/koga/autobench_perf/src/autobench/aiifft01_lite)
aiifft01_lite	78687	[003]	2603279.029343	251370	cpu/event=0xC0,umask=0x00/u	400ccf	t_run_test	(/home/koga/autobench_perf/src/autobench/aiifft01_lite)
aiifft01_lite	78687	[003]	2603279.029443	251394	cpu/event=0xC0,umask=0x00/u	40143c	t_run_test	(/home/koga/autobench_perf/src/autobench/aiifft01_lite)
aiifft01_lite	78687	[003]	2603279.029544	251254	cpu/event=0xC0,umask=0x00/u	400f27	t_run_test	(/home/koga/autobench_perf/src/autobench/aiifft01_lite)
aiifft01_lite	78687	[003]	2603279.029644	251129	cpu/event=0xC0,umask=0x00/u	400b82	t_run_test	(/home/koga/autobench_perf/src/autobench/aiifft01_lite)
aiifft01_lite	78687	[003]	2603279.029745	251133	cpu/event=0xC0,umask=0x00/u	401286	t_run_test	(/home/koga/autobench_perf/src/autobench/aiifft01_lite)
aiifft01_lite	78687	[003]	2603279.029844	250928	cpu/event=0xC0,umask=0x00/u	400ef0	t_run_test	(/home/koga/autobench_perf/src/autobench/aiifft01_lite)
aiifft01_lite	78687	[003]	2603279.029943	250965	cpu/event=0xC0,umask=0x00/u	400904	GetInputValues	(/home/koga/autobench_perf/src/autobench/aiifft01_lite)
aiifft01_lite	78687	[003]	2603279.030043	251377	cpu/event=0xC0,umask=0x00/u	40124b	t_run_test	(/home/koga/autobench_perf/src/autobench/aiifft01_lite)
aiifft01_lite	78687	[003]	2603279.030142	251519	cpu/event=0xC0,umask=0x00/u	400e88	t_run_test	(/home/koga/autobench_perf/src/autobench/aiifft01_lite)
aiifft01_lite	78687	[003]	2603279.030256	251585	cpu/event=0xC0,umask=0x00/u	4015e0	t_run_test	(/home/koga/autobench_perf/src/autobench/aiifft01_lite)
aiifft01_lite	78687	[003]	2603279.030357	247716	cpu/event=0xC0,umask=0x00/u	401223	t_run_test	(/home/koga/autobench_perf/src/autobench/aiifft01_lite)
aiifft01_lite	78687	[003]	2603279.030455	247443	cpu/event=0xC0,umask=0x00/u	400c5d	t_run_test	(/home/koga/autobench_perf/src/autobench/aiifft01_lite)
aiifft01_lite	78687	[003]	2603279.030554	248005	cpu/event=0xC0,umask=0x00/u	4014b2	t_run_test	(/home/koga/autobench_perf/src/autobench/aiifft01_lite)
aiifft01_lite	78687	[003]	2603279.030654	248298	cpu/event=0xC0,umask=0x00/u	401092	t_run_test	(/home/koga/autobench_perf/src/autobench/aiifft01_lite)
aiifft01_lite	78687	[003]	2603279.030753	248404	cpu/event=0xC0,umask=0x00/u	400d4b	t_run_test	(/home/koga/autobench_perf/src/autobench/aiifft01_lite)
aiifft01_lite	78687	[003]	2603279.030852	248769	cpu/event=0xC0,umask=0x00/u	401426	t_run_test	(/home/koga/autobench_perf/src/autobench/aiifft01_lite)
aiifft01_lite	78687	[003]	2603279.030952	248896	cpu/event=0xC0,umask=0x00/u	401058	t_run_test	(/home/koga/autobench_perf/src/autobench/aiifft01_lite)
aiifft01_lite	78687	[003]	2603279.031051	248876	cpu/event=0xC0,umask=0x00/u	400cbf	t_run_test	(/home/koga/autobench_perf/src/autobench/aiifft01_lite)
aiifft01_lite	78687	[003]	2603279.031150	249366	cpu/event=0xC0,umask=0x00/u	40145e	t_run_test	(/home/koga/autobench_perf/src/autobench/aiifft01_lite)
aiifft01_lite	78687	[003]	2603279.031246	249517	cpu/event=0xC0,umask=0x00/u	401050	t_run_test	(/home/koga/autobench_perf/src/autobench/aiifft01_lite)
aiifft01_lite	78687	[003]	2603279.031344	251025	cpu/event=0xC0,umask=0x00/u	400cf1	t_run_test	(/home/koga/autobench_perf/src/autobench/aiifft01_lite)
aiifft01_lite	78687	[003]	2603279.031445	251418	cpu/event=0xC0,umask=0x00/u	40145e	t_run_test	(/home/koga/autobench_perf/src/autobench/aiifft01_lite)
aiifft01_lite	78687	[003]	2603279.031546	251284	cpu/event=0xC0,umask=0x00/u	40107e	t_run_test	(/home/koga/autobench_perf/src/autobench/aiifft01_lite)
aiifft01_lite	78687	[003]	2603279.031645	251061	cpu/event=0xC0,umask=0x00/u	400c9c	t_run_test	(/home/koga/autobench_perf/src/autobench/aiifft01_lite)
aiifft01_lite	78687	[003]	2603279.031745	251180	cpu/event=0xC0,umask=0x00/u	4013d0	t_run_test	(/home/koga/autobench_perf/src/autobench/aiifft01_lite)
aiifft01_lite	78687	[003]	2603279.031846	251118	cpu/event=0xC0,umask=0x00/u	401058	t_run_test	(/home/koga/autobench_perf/src/autobench/aiifft01_lite)
aiifft01_lite	78687	[003]	2603279.031946	250881	cpu/event=0xC0,umask=0x00/u	400c55	t_run_test	(/home/koga/autobench_perf/src/autobench/aiifft01_lite)
aiifft01_lite	78687	[003]	2603279.032042	251053	cpu/event=0xC0,umask=0x00/u	4013d0	t_run_test	(/home/koga/autobench_perf/src/autobench/aiifft01_lite)
aiifft01_lite	78687	[003]	2603279.032142	252396	cpu/event=0xC0,umask=0x00/u	401047	t_run_test	(/home/koga/autobench_perf/src/autobench/aiifft01_lite)
aiifft01_lite	78687	[003]	2603279.032241	252289	cpu/event=0xC0,umask=0x00/u	400d1a	t_run_test	(/home/koga/autobench_perf/src/autobench/aiifft01_lite)
aiifft01_lite	78687	[003]	2603279.032342	252411	cpu/event=0xC0,umask=0x00/u	40143c	t_run_test	(/home/koga/autobench_perf/src/autobench/aiifft01_lite)
aiifft01_lite	78687	[003]	2603279.032443	252235	cpu/event=0xC0,umask=0x00/u	401086	t_run_test	(/home/koga/autobench_perf/src/autobench/aiifft01_lite)
aiifft01_lite	78687	[003]	2603279.032543	251916	cpu/event=0xC0,umask=0x00/u	400cdb	t_run_test	(/home/koga/autobench_perf/src/autobench/aiifft01_lite)
aiifft01_lite	78687	[003]	2603279.032644	251963	cpu/event=0xC0,umask=0x00/u	40145e	t_run_test	(/home/koga/autobench_perf/src/autobench/aiifft01_lite)
aiifft01_lite	78687	[003]	2603279.032745	251655	cpu/event=0xC0,umask=0x00/u	401078	t_run_test	(/home/koga/autobench_perf/src/autobench/aiifft01_lite)
aiifft01_lite	78687	[003]	2603279.032844	251419	cpu/event=0xC0,umask=0x00/u	400cb3	t_run_test	(/home/koga/autobench_perf/src/autobench/aiifft01_lite)
aiifft01_lite	78687	[003]	2603279.032945	251586	cpu/event=0xC0,umask=0x00/u	401426	t_run_test	(/home/koga/autobench_perf/src/autobench/aiifft01_lite)
aiifft01_lite	78687	[003]	2603279.033046	251305	cpu/event=0xC0,umask=0x00/u	401068	t_run_test	(/home/koga/autobench_perf/src/autobench/aiifft01_lite)
aiifft01_lite	78687	[003]	2603279.033145	251066	cpu/event=0xC0,umask=0x00/u	400cff	t_run_test	(/home/koga/autobench_perf/src/autobench/aiifft01_lite)
aiifft01_lite	78687	[003]	2603279.033246	251252	cpu/event=0xC0,umask=0x00/u	40145e	t_run_test	(/home/koga/autobench_perf/src/autobench/aiifft01_lite)
aiifft01_lite	78687	[003]	2603279.033341	251050	cpu/event=0xC0,umask=0x00/u	40107e	t_run_test	(/home/koga/autobench_perf/src/autobench/aiifft01_lite)
aiifft01_lite	78687	[003]	2603279.033441	252522	cpu/event=0xC0,umask=0x00/u	400cf4	t_run_test	(/home/koga/autobench_perf/src/autobench/aiifft01_lite)
aiifft01_lite	78687	[003]	2603279.033541	252740	cpu/event=0xC0,umask=0x00/u	401418	t_run_test	(/home/koga/autobench_perf/src/autobench/aiifft01_lite)
aiifft01_lite	78687	[003]	2603279.033642	252576	cpu/event=0xC0,umask=0x00/u	401095	t_run_test	(/home/koga/autobench_perf/src/autobench/aiifft01_lite)
aiifft01_lite	78687	[003]	2603279.033741	252491	cpu/event=0xC0,umask=0x00/u	400d1a	t_run_test	(/home/koga/autobench_perf/src/autobench/aiifft01_lite)
aiifft01_lite	78687	[003]	2603279.033842	252627	cpu/event=0xC0,umask=0x00/u	401435	t_run_test	(/home/koga/autobench_perf/src/autobench/aiifft01_lite)
aiifft01_lite	78687	[003]	2603279.033943	252436	cpu/event=0xC0,umask=0x00/u	4010a6	t_run_test	(/home/koga/autobench_perf/src/autobench/aiifft01_lite)
aiifft01_lite	78687	[003]	2603279.034042	252147	cpu/event=0xC0,umask=0x00/u	400c9c	t_run_test	(/home/koga/autobench_perf/src/autobench/aiifft01_lite)
aiifft01_lite	78687	[003]	2603279.034143	252293	cpu/event=0xC0,umask=0x00/u	401439	t_run_test	(/home/koga/autobench_perf/src/autobench/aiifft01_lite)
aiifft01_lite	78687	[003]	2603279.034258	251944	cpu/event=0xC0,umask=0x00/u	4010bb	t_run_test	(/home/koga/autobench_perf/src/autobench/aiifft01_lite)
aiifft01_lite	78687	[003]	2603279.034353	247756	cpu/event=0xC0,umask=0x00/u	400d10	t_run_test	(/home/koga/autobench_perf/src/autobench/aiifft01_lite)
aiifft01_lite	78687	[003]	2603279.034453	249518	cpu/event=0xC0,umask=0x00/u	4013e6	t_run_test	(/home/koga/autobench_perf/src/autobench/aiifft01_lite)
aiifft01_lite	78687	[003]	2603279.034553	249567	cpu/event=0xC0,umask=0x00/u	40108e	t_run_test	(/home/koga/autobench_perf/src/autobench/aiifft01_lite)
aiifft01_lite	78687	[003]	2603279.034652	249586	cpu/event=0xC0,umask=0x00/u	400d13	t_run_test	(/home/koga/autobench_perf/src/autobench/aiifft01_lite)
aiifft01_lite	78687	[003]	2603279.034757	249853	cpu/event=0xC0,umask=0x00/u	40141e	t_run_test	(/home/koga/autobench_perf/src/autobench/aiifft01_lite)
aiifft01_lite	78687	[003]	2603279.034849	248446	cpu/event=0xC0,umask=0x00/u	401047	t_run_test	(/home/koga/autobench_perf/src/autobench/aiifft01_lite)
aiifft01_lite	78687	[003]	2603279.034941	250810	cpu/event=0xC0,umask=0x00/u	400cf7	t_run_test	(/home/koga/autobench_perf/src/autobench/aiifft01_lite)
aiifft01_lite	78687	[003]	2603279.035035	253579	cpu/event=0xC0,umask=0x00/u	4012b7	t_run_test	(/home/koga/autobench_perf/src/autobench/aiifft01_lite)
aiifft01_lite	78687	[003]	2603279.035129	255682	cpu/event=0xC0,umask=0x00/u	400f0e	t_run_test	(/home/koga/autobench_perf/src/autobench/aiifft01_lite)
aiifft01_lite	78687	[003]	2603279.035223	257773	cpu/event=0xC0,umask=0x00/u	400cff	t_run_test	(/home/koga/autobench_perf/src/autobench/aiifft01_lite)
aiifft01_lite	78687	[003]	2603279.035318	259833	cpu/event=0xC0,umask=0x00/u	401461	t_run_test	(/home/koga/autobench_perf/src/autobench/aiifft01_lite)
aiifft01_lite	78687	[003]	2603279.035413	261548	cpu/event=0xC0,umask=0x00/u	4010c1	t_run_test	(/home/koga/autobench_perf/src/autobench/aiifft01_lite)
aiifft01_lite	78687	[003]	2603279.035509	263082	cpu/event=0xC0,umask=0x00/u	400d17	t_run_test	(/home/koga/autobench_perf/src/autobench/aiifft01_lite)
aiifft01_lite	78687	[003]	2603279.035602	264566	cpu/event=0xC0,umask=0x00/u	40142e	t_run_test	(/home/koga/autobench_perf/src/autobench/aiifft01_lite)
aiifft01_lite	78687	[003]	2603279.035699	267153	cpu/event=0xC0,umask=0x00/u	401078	t_run_test	(/home/koga/autobench_perf/src/autobench/aiifft01_lite)
aiifft01_lite	78687	[003]	2603279.035795	268181	cpu/event=0xC0,umask=0x00/u	400c5d	t_run_test	(/home/koga/autobench_perf/src/autobench/aiifft01_lite)
aiifft01_lite	78687	[003]	2603279.035893	269434	cpu/event=0xC0,umask=0x00/u	401426	t_run_test	(/home/koga/autobench_perf/src/autobench/aiifft01_lite)
aiifft01_lite	78687	[003]	2603279.035991	270178	cpu/event=0xC0,umask=0x00/u	4010be	t_run_test	(/home/koga/autobench_perf/src/autobench/aiifft01_lite)
aiifft01_lite	78687	[003]	2603279.036089	270837	cpu/event=0xC0,umask=0x00/u	400cbf	t_run_test	(/home/koga/autobench_perf/src/autobench/aiifft01_lite)
aiifft01_lite	78687	[003]	2603279.036189	271525	cpu/event=0xC0,umask=0x00/u	400b4b	t_run_test	(/home/koga/autobench_perf/src/autobench/aiifft01_lite)
aiifft01_lite	78687	[003]	2603279.036288	271504	cpu/event=0xC0,umask=0x00/u	4013e0	t_run_test	(/home/koga/autobench_perf/src/autobench/aiifft01_lite)
aiifft01_lite	78687	[003]	2603279.036387	271848	cpu/event=0xC0,umask=0x00/u	4010a3	t_run_test	(/home/koga/autobench_perf/src/autobench/aiifft01_lite)
aiifft01_lite	78687	[003]	2603279.036485	272282	cpu/event=0xC0,umask=0x00/u	400cf1	t_run_test	(/home/koga/autobench_perf/src/autobench/aiifft01_lite)
aiifft01_lite	78687	[003]	2603279.036580	272834	cpu/event=0xC0,umask=0x00/u	4013e3	t_run_test	(/home/koga/autobench_perf/src/autobench/aiifft01_lite)
aiifft01_lite	78687	[003]	2603279.036679	274900	cpu/event=0xC0,umask=0x00/u	401078	t_run_test	(/home/koga/autobench_perf/src/autobench/aiifft01_lite)
aiifft01_lite	78687	[003]	2603279.036777	275265	cpu/event=0xC0,umask=0x00/u	400e85	t_run_test	(/home/koga/autobench_perf/src/autobench/aiifft01_lite)
aiifft01_lite	78687	[003]	2603279.036879	275847	cpu/event=0xC0,umask=0x00/u	400ca2	t_run_test	(/home/koga/autobench_perf/src/autobench/aiifft01_lite)
aiifft01_lite	78687	[003]	2603279.036978	275304	cpu/event=0xC0,umask=0x00/u	401422	t_run_test	(/home/koga/autobench_perf/src/autobench/aiifft01_lite)
aiifft01_lite	78687	[003]	2603279.037078	275375	cpu/event=0xC0,umask=0x00/u	401058	t_run_test	(/home/koga/autobench_perf/src/autobench/aiifft01_lite)
aiifft01_lite	78687	[003]	2603279.037177	275405	cpu/event=0xC0,umask=0x00/u	400d10	t_run_test	(/home/koga/autobench_perf/src/autobench/aiifft01_lite)
aiifft01_lite	78687	[003]	2603279.037277	275882	cpu/event=0xC0,umask=0x00/u	4013d4	t_run_test	(/home/koga/autobench_perf/src/autobench/aiifft01_lite)
aiifft01_lite	78687	[003]	2603279.037378	276030	cpu/event=0xC0,umask=0x00/u	401286	t_run_test	(/home/koga/autobench_perf/src/autobench/aiifft01_lite)
aiifft01_lite	78687	[003]	2603279.037478	275439	cpu/event=0xC0,umask=0x00/u	400ff5	t_run_test	(/home/koga/autobench_perf/src/autobench/aiifft01_lite)
aiifft01_lite	78687	[003]	2603279.037577	275521	cpu/event=0xC0,umask=0x00/u	400d1a	t_run_test	(/home/koga/autobench_perf/src/autobench/aiifft01_lite)
aiifft01_lite	78687	[003]	2603279.037677	275773	cpu/event=0xC0,umask=0x00/u	40149a	t_run_test	(/home/koga/autobench_perf/src/autobench/aiifft01_lite)
aiifft01_lite	78687	[003]	2603279.037776	275948	cpu/event=0xC0,umask=0x00/u	400ff0	t_run_test	(/home/koga/autobench_perf/src/autobench/aiifft01_lite)
aiifft01_lite	78687	[003]	2603279.037875	276178	cpu/event=0xC0,umask=0x00/u	400cb3	t_run_test	(/home/koga/autobench_perf/src/autobench/aiifft01_lite)
aiifft01_lite	78687	[003]	2603279.037972	276688	cpu/event=0xC0,umask=0x00/u	400ce9	t_run_test	(/home/koga/autobench_perf/src/autobench/aiifft01_lite)
aiifft01_lite	78687	[003]	2603279.038072	277711	cpu/event=0xC0,umask=0x00/u	401418	t_run_test	(/home/koga/autobench_perf/src/autobench/aiifft01_lite)
aiifft01_lite	78687	[003]	2603279.038173	277588	cpu/event=0xC0,umask=0x00/u	4010f1	t_run_test	(/home/koga/autobench_perf/src/autobench/aiifft01_lite)
aiifft01_lite	78687	[003]	2603279.038281	276583	cpu/event=0xC0,umask=0x00/u	400d40	t_run_test	(/home/koga/autobench_perf/src/autobench/aiifft01_lite)
aiifft01_lite	78687	[003]	2603279.038382	273780	cpu/event=0xC0,umask=0x00/u	40140e	t_run_test	(/home/koga/autobench_perf/src/autobench/aiifft01_lite)
aiifft01_lite	78687	[003]	2603279.038483	273606	cpu/event=0xC0,umask=0x00/u	401276	t_run_test	(/home/koga/autobench_perf/src/autobench/aiifft01_lite)
aiifft01_lite	78687	[003]	2603279.038583	273239	cpu/event=0xC0,umask=0x00/u	401086	t_run_test	(/home/koga/autobench_perf/src/autobench/aiifft01_lite)
aiifft01_lite	78687	[003]	2603279.038682	273315	cpu/event=0xC0,umask=0x00/u	400cff	t_run_test	(/home/koga/autobench_perf/src/autobench/aiifft01_lite)
aiifft01_lite	78687	[003]	2603279.038780	273756	cpu/event=0xC0,umask=0x00/u	401386	t_run_test	(/home/koga/autobench_perf/src/autobench/aiifft01_lite)
aiifft01_lite	78687	[003]	2603279.038876	274152	cpu/event=0xC0,umask=0x00/u	401086	t_run_test	(/home/koga/autobench_perf/src/autobench/aiifft01_lite)
aiifft01_lite	78687	[003]	2603279.038975	275567	cpu/event=0xC0,umask=0x00/u	400d10	t_run_test	(/home/koga/autobench_perf/src/autobench/aiifft01_lite)
aiifft01_lite	78687	[003]	2603279.039087	276115	cpu/event=0xC0,umask=0x00/u	401a47	Calc_crc32	(/home/koga/autobench_perf/src/autobench/aiifft01_lite)
aiifft01_lite	78687	[003]	2603279.039398	272427	cpu/event=0xC0,umask=0x00/u	401b07	Calc_crc32	(/home/koga/autobench_perf/src/autobench/aiifft01_lite)
aiifft01_lite	78687	[003]	2603279.039680	249322	cpu/event=0xC0,umask=0x00/u	401a8b	Calc_crc32	(/home/koga/autobench_perf/src/autobench/aiifft01_lite)
aiifft01_lite	78687	[003]	2603279.039942	229223	cpu/event=0xC0,umask=0x00/u	401a4b	Calc_crc32	(/home/koga/autobench_perf/src/autobench/aiifft01_lite)
