idctrn01_lite	82161	[027]	2603814.462184	1	cpu/event=0xC0,umask=0x00/u	7f42e473ac30	_start	(/lib/x86_64-linux-gnu/ld-2.23.so)
idctrn01_lite	82161	[027]	2603814.462197	1	cpu/event=0xC0,umask=0x00/u	7f42e473ac30	_start	(/lib/x86_64-linux-gnu/ld-2.23.so)
idctrn01_lite	82161	[027]	2603814.462209	2	cpu/event=0xC0,umask=0x00/u	7f42e473ac30	_start	(/lib/x86_64-linux-gnu/ld-2.23.so)
idctrn01_lite	82161	[027]	2603814.462220	4	cpu/event=0xC0,umask=0x00/u	7f42e473ac30	_start	(/lib/x86_64-linux-gnu/ld-2.23.so)
idctrn01_lite	82161	[027]	2603814.462245	8	cpu/event=0xC0,umask=0x00/u	7f42e473ac30	_start	(/lib/x86_64-linux-gnu/ld-2.23.so)
idctrn01_lite	82161	[027]	2603814.462251	11	cpu/event=0xC0,umask=0x00/u	7f42e473b9c6	_dl_start	(/lib/x86_64-linux-gnu/ld-2.23.so)
idctrn01_lite	82161	[027]	2603814.462261	31	cpu/event=0xC0,umask=0x00/u	7f42e473b9dd	_dl_start	(/lib/x86_64-linux-gnu/ld-2.23.so)
idctrn01_lite	82161	[027]	2603814.462269	68	cpu/event=0xC0,umask=0x00/u	7f42e473bc68	_dl_start	(/lib/x86_64-linux-gnu/ld-2.23.so)
idctrn01_lite	82161	[027]	2603814.462281	173	cpu/event=0xC0,umask=0x00/u	7f42e473ba53	_dl_start	(/lib/x86_64-linux-gnu/ld-2.23.so)
idctrn01_lite	82161	[027]	2603814.462307	331	cpu/event=0xC0,umask=0x00/u	7f42e473bd36	_dl_start	(/lib/x86_64-linux-gnu/ld-2.23.so)
idctrn01_lite	82161	[027]	2603814.462343	449	cpu/event=0xC0,umask=0x00/u	7f42e47535b2	_dl_sysdep_start	(/lib/x86_64-linux-gnu/ld-2.23.so)
idctrn01_lite	82161	[027]	2603814.462374	547	cpu/event=0xC0,umask=0x00/u	7f42e4753389	init_cpu_features.constprop.0	(/lib/x86_64-linux-gnu/ld-2.23.so)
idctrn01_lite	82161	[027]	2603814.462402	704	cpu/event=0xC0,umask=0x00/u	7f42e4745e0e	_dl_new_object	(/lib/x86_64-linux-gnu/ld-2.23.so)
idctrn01_lite	82161	[027]	2603814.462436	929	cpu/event=0xC0,umask=0x00/u	7f42e4745e50	_dl_new_object	(/lib/x86_64-linux-gnu/ld-2.23.so)
idctrn01_lite	82161	[027]	2603814.462469	1148	cpu/event=0xC0,umask=0x00/u	7f42e4757cf0	mempcpy	(/lib/x86_64-linux-gnu/ld-2.23.so)
idctrn01_lite	82161	[027]	2603814.462504	1448	cpu/event=0xC0,umask=0x00/u	7f42e4755aca	strcmp	(/lib/x86_64-linux-gnu/ld-2.23.so)
idctrn01_lite	82161	[027]	2603814.462551	1773	cpu/event=0xC0,umask=0x00/u	7f42e4752247	_dl_load_cache_lookup	(/lib/x86_64-linux-gnu/ld-2.23.so)
idctrn01_lite	82161	[027]	2603814.462629	2024	cpu/event=0xC0,umask=0x00/u	7f42e4740c1d	_dl_map_object_from_fd	(/lib/x86_64-linux-gnu/ld-2.23.so)
idctrn01_lite	82161	[027]	2603814.462663	2097	cpu/event=0xC0,umask=0x00/u	7f42e4752085	_dl_cache_libcmp	(/lib/x86_64-linux-gnu/ld-2.23.so)
idctrn01_lite	82161	[027]	2603814.462716	2616	cpu/event=0xC0,umask=0x00/u	7f42e4757c49	memset	(/lib/x86_64-linux-gnu/ld-2.23.so)
idctrn01_lite	82161	[027]	2603814.462766	2907	cpu/event=0xC0,umask=0x00/u	7f42e4753d71	__libc_memalign	(/lib/x86_64-linux-gnu/ld-2.23.so)
idctrn01_lite	82161	[027]	2603814.462795	3271	cpu/event=0xC0,umask=0x00/u	7f42e474c12a	_dl_check_map_versions	(/lib/x86_64-linux-gnu/ld-2.23.so)
idctrn01_lite	82161	[027]	2603814.462818	4265	cpu/event=0xC0,umask=0x00/u	7f42e474c1de	_dl_check_map_versions	(/lib/x86_64-linux-gnu/ld-2.23.so)
idctrn01_lite	82161	[027]	2603814.462885	5990	cpu/event=0xC0,umask=0x00/u	7f42e4746650	_dl_relocate_object	(/lib/x86_64-linux-gnu/ld-2.23.so)
idctrn01_lite	82161	[027]	2603814.462907	6365	cpu/event=0xC0,umask=0x00/u	7f42e4746650	_dl_relocate_object	(/lib/x86_64-linux-gnu/ld-2.23.so)
idctrn01_lite	82161	[027]	2603814.462924	9186	cpu/event=0xC0,umask=0x00/u	7f42e4746633	_dl_relocate_object	(/lib/x86_64-linux-gnu/ld-2.23.so)
idctrn01_lite	82161	[027]	2603814.462964	14864	cpu/event=0xC0,umask=0x00/u	7f42e4744004	do_lookup_x	(/lib/x86_64-linux-gnu/ld-2.23.so)
idctrn01_lite	82161	[027]	2603814.462996	17590	cpu/event=0xC0,umask=0x00/u	7f42e4746706	_dl_relocate_object	(/lib/x86_64-linux-gnu/ld-2.23.so)
idctrn01_lite	82161	[027]	2603814.463029	22341	cpu/event=0xC0,umask=0x00/u	7f42e47445b4	do_lookup_x	(/lib/x86_64-linux-gnu/ld-2.23.so)
idctrn01_lite	82161	[027]	2603814.463214	28105	cpu/event=0xC0,umask=0x00/u	7f42e4749a5d	_dl_fixup	(/lib/x86_64-linux-gnu/ld-2.23.so)
idctrn01_lite	82161	[027]	2603814.463285	26493	cpu/event=0xC0,umask=0x00/u	7f42e41aa399	_dl_addr	(/lib/x86_64-linux-gnu/libc-2.23.so)
idctrn01_lite	82161	[027]	2603814.463329	27847	cpu/event=0xC0,umask=0x00/u	7f42e41aa3a8	_dl_addr	(/lib/x86_64-linux-gnu/libc-2.23.so)
idctrn01_lite	82161	[027]	2603814.463378	32221	cpu/event=0xC0,umask=0x00/u	4008be	GetTestData	(/home/koga/autobench_perf/src/autobench/idctrn01_lite)
idctrn01_lite	82161	[027]	2603814.463454	36343	cpu/event=0xC0,umask=0x00/u	7f42e44a00e1	__cos_avx	(/lib/x86_64-linux-gnu/libm-2.23.so)
idctrn01_lite	82161	[027]	2603814.463526	33743	cpu/event=0xC0,umask=0x00/u	400de8	t_run_test	(/home/koga/autobench_perf/src/autobench/idctrn01_lite)
idctrn01_lite	82161	[027]	2603814.463552	35398	cpu/event=0xC0,umask=0x00/u	400eb7	t_run_test	(/home/koga/autobench_perf/src/autobench/idctrn01_lite)
idctrn01_lite	82161	[027]	2603814.463584	47985	cpu/event=0xC0,umask=0x00/u	4012f0	t_run_test	(/home/koga/autobench_perf/src/autobench/idctrn01_lite)
idctrn01_lite	82161	[027]	2603814.463613	61171	cpu/event=0xC0,umask=0x00/u	400e54	t_run_test	(/home/koga/autobench_perf/src/autobench/idctrn01_lite)
idctrn01_lite	82161	[027]	2603814.463651	79412	cpu/event=0xC0,umask=0x00/u	401298	t_run_test	(/home/koga/autobench_perf/src/autobench/idctrn01_lite)
idctrn01_lite	82161	[027]	2603814.463691	95450	cpu/event=0xC0,umask=0x00/u	400e54	t_run_test	(/home/koga/autobench_perf/src/autobench/idctrn01_lite)
idctrn01_lite	82161	[027]	2603814.463735	113460	cpu/event=0xC0,umask=0x00/u	401438	t_run_test	(/home/koga/autobench_perf/src/autobench/idctrn01_lite)
idctrn01_lite	82161	[027]	2603814.463788	131964	cpu/event=0xC0,umask=0x00/u	401768	t_run_test	(/home/koga/autobench_perf/src/autobench/idctrn01_lite)
idctrn01_lite	82161	[027]	2603814.463847	146225	cpu/event=0xC0,umask=0x00/u	4012c7	t_run_test	(/home/koga/autobench_perf/src/autobench/idctrn01_lite)
idctrn01_lite	82161	[027]	2603814.463910	159027	cpu/event=0xC0,umask=0x00/u	401360	t_run_test	(/home/koga/autobench_perf/src/autobench/idctrn01_lite)
idctrn01_lite	82161	[027]	2603814.463981	170764	cpu/event=0xC0,umask=0x00/u	400e78	t_run_test	(/home/koga/autobench_perf/src/autobench/idctrn01_lite)
idctrn01_lite	82161	[027]	2603814.464052	179259	cpu/event=0xC0,umask=0x00/u	4012a8	t_run_test	(/home/koga/autobench_perf/src/autobench/idctrn01_lite)
idctrn01_lite	82161	[027]	2603814.464124	188753	cpu/event=0xC0,umask=0x00/u	401768	t_run_test	(/home/koga/autobench_perf/src/autobench/idctrn01_lite)
idctrn01_lite	82161	[027]	2603814.464200	197638	cpu/event=0xC0,umask=0x00/u	4012ac	t_run_test	(/home/koga/autobench_perf/src/autobench/idctrn01_lite)
idctrn01_lite	82161	[027]	2603814.464278	205693	cpu/event=0xC0,umask=0x00/u	401303	t_run_test	(/home/koga/autobench_perf/src/autobench/idctrn01_lite)
idctrn01_lite	82161	[027]	2603814.464358	213019	cpu/event=0xC0,umask=0x00/u	4017d4	t_run_test	(/home/koga/autobench_perf/src/autobench/idctrn01_lite)
idctrn01_lite	82161	[027]	2603814.464441	219394	cpu/event=0xC0,umask=0x00/u	401298	t_run_test	(/home/koga/autobench_perf/src/autobench/idctrn01_lite)
idctrn01_lite	82161	[027]	2603814.464531	225035	cpu/event=0xC0,umask=0x00/u	400e54	t_run_test	(/home/koga/autobench_perf/src/autobench/idctrn01_lite)
idctrn01_lite	82161	[027]	2603814.464617	228346	cpu/event=0xC0,umask=0x00/u	400e54	t_run_test	(/home/koga/autobench_perf/src/autobench/idctrn01_lite)
idctrn01_lite	82161	[027]	2603814.464704	232916	cpu/event=0xC0,umask=0x00/u	401298	t_run_test	(/home/koga/autobench_perf/src/autobench/idctrn01_lite)
idctrn01_lite	82161	[027]	2603814.464793	237182	cpu/event=0xC0,umask=0x00/u	401438	t_run_test	(/home/koga/autobench_perf/src/autobench/idctrn01_lite)
idctrn01_lite	82161	[027]	2603814.464882	241048	cpu/event=0xC0,umask=0x00/u	400ddb	t_run_test	(/home/koga/autobench_perf/src/autobench/idctrn01_lite)
idctrn01_lite	82161	[027]	2603814.464978	244518	cpu/event=0xC0,umask=0x00/u	401768	t_run_test	(/home/koga/autobench_perf/src/autobench/idctrn01_lite)
idctrn01_lite	82161	[027]	2603814.465070	245826	cpu/event=0xC0,umask=0x00/u	401292	t_run_test	(/home/koga/autobench_perf/src/autobench/idctrn01_lite)
idctrn01_lite	82161	[027]	2603814.465161	248585	cpu/event=0xC0,umask=0x00/u	400e54	t_run_test	(/home/koga/autobench_perf/src/autobench/idctrn01_lite)
idctrn01_lite	82161	[027]	2603814.465255	251445	cpu/event=0xC0,umask=0x00/u	400da8	t_run_test	(/home/koga/autobench_perf/src/autobench/idctrn01_lite)
idctrn01_lite	82161	[027]	2603814.465353	253705	cpu/event=0xC0,umask=0x00/u	401899	t_run_test	(/home/koga/autobench_perf/src/autobench/idctrn01_lite)
idctrn01_lite	82161	[027]	2603814.465447	254180	cpu/event=0xC0,umask=0x00/u	400c2a	t_run_test	(/home/koga/autobench_perf/src/autobench/idctrn01_lite)
idctrn01_lite	82161	[027]	2603814.465542	256137	cpu/event=0xC0,umask=0x00/u	400de0	t_run_test	(/home/koga/autobench_perf/src/autobench/idctrn01_lite)
idctrn01_lite	82161	[027]	2603814.465642	258018	cpu/event=0xC0,umask=0x00/u	400e54	t_run_test	(/home/koga/autobench_perf/src/autobench/idctrn01_lite)
idctrn01_lite	82161	[027]	2603814.465738	257923	cpu/event=0xC0,umask=0x00/u	401298	t_run_test	(/home/koga/autobench_perf/src/autobench/idctrn01_lite)
idctrn01_lite	82161	[027]	2603814.465833	259478	cpu/event=0xC0,umask=0x00/u	401300	t_run_test	(/home/koga/autobench_perf/src/autobench/idctrn01_lite)
idctrn01_lite	82161	[027]	2603814.465934	261073	cpu/event=0xC0,umask=0x00/u	401768	t_run_test	(/home/koga/autobench_perf/src/autobench/idctrn01_lite)
idctrn01_lite	82161	[027]	2603814.466031	260661	cpu/event=0xC0,umask=0x00/u	400ddb	t_run_test	(/home/koga/autobench_perf/src/autobench/idctrn01_lite)
idctrn01_lite	82161	[027]	2603814.466132	261865	cpu/event=0xC0,umask=0x00/u	4012a0	t_run_test	(/home/koga/autobench_perf/src/autobench/idctrn01_lite)
idctrn01_lite	82161	[027]	2603814.466229	261384	cpu/event=0xC0,umask=0x00/u	40176c	t_run_test	(/home/koga/autobench_perf/src/autobench/idctrn01_lite)
idctrn01_lite	82161	[027]	2603814.466325	262542	cpu/event=0xC0,umask=0x00/u	400d9c	t_run_test	(/home/koga/autobench_perf/src/autobench/idctrn01_lite)
idctrn01_lite	82161	[027]	2603814.466426	263829	cpu/event=0xC0,umask=0x00/u	401298	t_run_test	(/home/koga/autobench_perf/src/autobench/idctrn01_lite)
idctrn01_lite	82161	[027]	2603814.466523	263352	cpu/event=0xC0,umask=0x00/u	401768	t_run_test	(/home/koga/autobench_perf/src/autobench/idctrn01_lite)
idctrn01_lite	82161	[027]	2603814.466625	264338	cpu/event=0xC0,umask=0x00/u	400de8	t_run_test	(/home/koga/autobench_perf/src/autobench/idctrn01_lite)
idctrn01_lite	82161	[027]	2603814.466723	263706	cpu/event=0xC0,umask=0x00/u	40130c	t_run_test	(/home/koga/autobench_perf/src/autobench/idctrn01_lite)
idctrn01_lite	82161	[027]	2603814.466825	264518	cpu/event=0xC0,umask=0x00/u	4017d4	t_run_test	(/home/koga/autobench_perf/src/autobench/idctrn01_lite)
idctrn01_lite	82161	[027]	2603814.466923	263864	cpu/event=0xC0,umask=0x00/u	4012a8	t_run_test	(/home/koga/autobench_perf/src/autobench/idctrn01_lite)
idctrn01_lite	82161	[027]	2603814.467025	264470	cpu/event=0xC0,umask=0x00/u	401768	t_run_test	(/home/koga/autobench_perf/src/autobench/idctrn01_lite)
idctrn01_lite	82161	[027]	2603814.467122	263775	cpu/event=0xC0,umask=0x00/u	400e58	t_run_test	(/home/koga/autobench_perf/src/autobench/idctrn01_lite)
idctrn01_lite	82161	[027]	2603814.467225	264767	cpu/event=0xC0,umask=0x00/u	401314	t_run_test	(/home/koga/autobench_perf/src/autobench/idctrn01_lite)
idctrn01_lite	82161	[027]	2603814.467323	263941	cpu/event=0xC0,umask=0x00/u	400ac0	t_run_test	(/home/koga/autobench_perf/src/autobench/idctrn01_lite)
idctrn01_lite	82161	[027]	2603814.467425	264623	cpu/event=0xC0,umask=0x00/u	40129b	t_run_test	(/home/koga/autobench_perf/src/autobench/idctrn01_lite)
idctrn01_lite	82161	[027]	2603814.467544	262664	cpu/event=0xC0,umask=0x00/u	4017d4	t_run_test	(/home/koga/autobench_perf/src/autobench/idctrn01_lite)
idctrn01_lite	82161	[027]	2603814.467641	257324	cpu/event=0xC0,umask=0x00/u	400e54	t_run_test	(/home/koga/autobench_perf/src/autobench/idctrn01_lite)
idctrn01_lite	82161	[027]	2603814.467742	258355	cpu/event=0xC0,umask=0x00/u	401191	t_run_test	(/home/koga/autobench_perf/src/autobench/idctrn01_lite)
idctrn01_lite	82161	[027]	2603814.467843	257996	cpu/event=0xC0,umask=0x00/u	401314	t_run_test	(/home/koga/autobench_perf/src/autobench/idctrn01_lite)
idctrn01_lite	82161	[027]	2603814.467943	257731	cpu/event=0xC0,umask=0x00/u	401760	t_run_test	(/home/koga/autobench_perf/src/autobench/idctrn01_lite)
idctrn01_lite	82161	[027]	2603814.468039	257547	cpu/event=0xC0,umask=0x00/u	4017d4	t_run_test	(/home/koga/autobench_perf/src/autobench/idctrn01_lite)
idctrn01_lite	82161	[027]	2603814.468140	259143	cpu/event=0xC0,umask=0x00/u	400dd8	t_run_test	(/home/koga/autobench_perf/src/autobench/idctrn01_lite)
idctrn01_lite	82161	[027]	2603814.468240	258839	cpu/event=0xC0,umask=0x00/u	400f12	t_run_test	(/home/koga/autobench_perf/src/autobench/idctrn01_lite)
idctrn01_lite	82161	[027]	2603814.468341	258619	cpu/event=0xC0,umask=0x00/u	401314	t_run_test	(/home/koga/autobench_perf/src/autobench/idctrn01_lite)
idctrn01_lite	82161	[027]	2603814.468437	258334	cpu/event=0xC0,umask=0x00/u	40175b	t_run_test	(/home/koga/autobench_perf/src/autobench/idctrn01_lite)
idctrn01_lite	82161	[027]	2603814.468539	259636	cpu/event=0xC0,umask=0x00/u	4017d4	t_run_test	(/home/koga/autobench_perf/src/autobench/idctrn01_lite)
idctrn01_lite	82161	[027]	2603814.468640	259266	cpu/event=0xC0,umask=0x00/u	400e34	t_run_test	(/home/koga/autobench_perf/src/autobench/idctrn01_lite)
idctrn01_lite	82161	[027]	2603814.468740	258927	cpu/event=0xC0,umask=0x00/u	4012a8	t_run_test	(/home/koga/autobench_perf/src/autobench/idctrn01_lite)
idctrn01_lite	82161	[027]	2603814.468841	258653	cpu/event=0xC0,umask=0x00/u	4013d6	t_run_test	(/home/koga/autobench_perf/src/autobench/idctrn01_lite)
idctrn01_lite	82161	[027]	2603814.468942	258462	cpu/event=0xC0,umask=0x00/u	4017ef	t_run_test	(/home/koga/autobench_perf/src/autobench/idctrn01_lite)
idctrn01_lite	82161	[027]	2603814.469038	258212	cpu/event=0xC0,umask=0x00/u	400de8	t_run_test	(/home/koga/autobench_perf/src/autobench/idctrn01_lite)
idctrn01_lite	82161	[027]	2603814.469139	259659	cpu/event=0xC0,umask=0x00/u	400e43	t_run_test	(/home/koga/autobench_perf/src/autobench/idctrn01_lite)
idctrn01_lite	82161	[027]	2603814.469240	259149	cpu/event=0xC0,umask=0x00/u	401314	t_run_test	(/home/koga/autobench_perf/src/autobench/idctrn01_lite)
idctrn01_lite	82161	[027]	2603814.469341	258907	cpu/event=0xC0,umask=0x00/u	401768	t_run_test	(/home/koga/autobench_perf/src/autobench/idctrn01_lite)
idctrn01_lite	82161	[027]	2603814.469442	258623	cpu/event=0xC0,umask=0x00/u	401820	t_run_test	(/home/koga/autobench_perf/src/autobench/idctrn01_lite)
idctrn01_lite	82161	[027]	2603814.469542	258363	cpu/event=0xC0,umask=0x00/u	400e30	t_run_test	(/home/koga/autobench_perf/src/autobench/idctrn01_lite)
idctrn01_lite	82161	[027]	2603814.469643	258192	cpu/event=0xC0,umask=0x00/u	4012ac	t_run_test	(/home/koga/autobench_perf/src/autobench/idctrn01_lite)
idctrn01_lite	82161	[027]	2603814.469744	257797	cpu/event=0xC0,umask=0x00/u	40130c	t_run_test	(/home/koga/autobench_perf/src/autobench/idctrn01_lite)
idctrn01_lite	82161	[027]	2603814.469844	257638	cpu/event=0xC0,umask=0x00/u	401760	t_run_test	(/home/koga/autobench_perf/src/autobench/idctrn01_lite)
idctrn01_lite	82161	[027]	2603814.469944	257522	cpu/event=0xC0,umask=0x00/u	4017c3	t_run_test	(/home/koga/autobench_perf/src/autobench/idctrn01_lite)
idctrn01_lite	82161	[027]	2603814.470045	257507	cpu/event=0xC0,umask=0x00/u	400ddb	t_run_test	(/home/koga/autobench_perf/src/autobench/idctrn01_lite)
idctrn01_lite	82161	[027]	2603814.470146	257318	cpu/event=0xC0,umask=0x00/u	400e54	t_run_test	(/home/koga/autobench_perf/src/autobench/idctrn01_lite)
idctrn01_lite	82161	[027]	2603814.470246	257095	cpu/event=0xC0,umask=0x00/u	4012a8	t_run_test	(/home/koga/autobench_perf/src/autobench/idctrn01_lite)
idctrn01_lite	82161	[027]	2603814.470345	257026	cpu/event=0xC0,umask=0x00/u	40130c	t_run_test	(/home/koga/autobench_perf/src/autobench/idctrn01_lite)
idctrn01_lite	82161	[027]	2603814.470446	257372	cpu/event=0xC0,umask=0x00/u	401752	t_run_test	(/home/koga/autobench_perf/src/autobench/idctrn01_lite)
idctrn01_lite	82161	[027]	2603814.470547	257029	cpu/event=0xC0,umask=0x00/u	4017cc	t_run_test	(/home/koga/autobench_perf/src/autobench/idctrn01_lite)
idctrn01_lite	82161	[027]	2603814.470647	256758	cpu/event=0xC0,umask=0x00/u	400dd8	t_run_test	(/home/koga/autobench_perf/src/autobench/idctrn01_lite)
idctrn01_lite	82161	[027]	2603814.470747	256678	cpu/event=0xC0,umask=0x00/u	400e54	t_run_test	(/home/koga/autobench_perf/src/autobench/idctrn01_lite)
idctrn01_lite	82161	[027]	2603814.470843	256511	cpu/event=0xC0,umask=0x00/u	400f78	t_run_test	(/home/koga/autobench_perf/src/autobench/idctrn01_lite)
idctrn01_lite	82161	[027]	2603814.470943	258133	cpu/event=0xC0,umask=0x00/u	4012bf	t_run_test	(/home/koga/autobench_perf/src/autobench/idctrn01_lite)
idctrn01_lite	82161	[027]	2603814.471042	258163	cpu/event=0xC0,umask=0x00/u	400906	GetInputValues	(/home/koga/autobench_perf/src/autobench/idctrn01_lite)
idctrn01_lite	82161	[027]	2603814.471143	258208	cpu/event=0xC0,umask=0x00/u	4017d4	t_run_test	(/home/koga/autobench_perf/src/autobench/idctrn01_lite)
idctrn01_lite	82161	[027]	2603814.471244	257996	cpu/event=0xC0,umask=0x00/u	400dd8	t_run_test	(/home/koga/autobench_perf/src/autobench/idctrn01_lite)
idctrn01_lite	82161	[027]	2603814.471345	257808	cpu/event=0xC0,umask=0x00/u	400e54	t_run_test	(/home/koga/autobench_perf/src/autobench/idctrn01_lite)
idctrn01_lite	82161	[027]	2603814.471446	257487	cpu/event=0xC0,umask=0x00/u	401298	t_run_test	(/home/koga/autobench_perf/src/autobench/idctrn01_lite)
idctrn01_lite	82161	[027]	2603814.471558	257174	cpu/event=0xC0,umask=0x00/u	4012f0	t_run_test	(/home/koga/autobench_perf/src/autobench/idctrn01_lite)
idctrn01_lite	82161	[027]	2603814.471658	253637	cpu/event=0xC0,umask=0x00/u	401768	t_run_test	(/home/koga/autobench_perf/src/autobench/idctrn01_lite)
idctrn01_lite	82161	[027]	2603814.471757	253548	cpu/event=0xC0,umask=0x00/u	401760	t_run_test	(/home/koga/autobench_perf/src/autobench/idctrn01_lite)
idctrn01_lite	82161	[027]	2603814.471857	253831	cpu/event=0xC0,umask=0x00/u	401768	t_run_test	(/home/koga/autobench_perf/src/autobench/idctrn01_lite)
idctrn01_lite	82161	[027]	2603814.471956	254102	cpu/event=0xC0,umask=0x00/u	4017b0	t_run_test	(/home/koga/autobench_perf/src/autobench/idctrn01_lite)
idctrn01_lite	82161	[027]	2603814.472051	254353	cpu/event=0xC0,umask=0x00/u	4017ef	t_run_test	(/home/koga/autobench_perf/src/autobench/idctrn01_lite)
idctrn01_lite	82161	[027]	2603814.472145	255897	cpu/event=0xC0,umask=0x00/u	401837	t_run_test	(/home/koga/autobench_perf/src/autobench/idctrn01_lite)
idctrn01_lite	82161	[027]	2603814.472251	257923	cpu/event=0xC0,umask=0x00/u	400de8	t_run_test	(/home/koga/autobench_perf/src/autobench/idctrn01_lite)
idctrn01_lite	82161	[027]	2603814.472351	256296	cpu/event=0xC0,umask=0x00/u	400e30	t_run_test	(/home/koga/autobench_perf/src/autobench/idctrn01_lite)
idctrn01_lite	82161	[027]	2603814.472446	256145	cpu/event=0xC0,umask=0x00/u	4012a8	t_run_test	(/home/koga/autobench_perf/src/autobench/idctrn01_lite)
idctrn01_lite	82161	[027]	2603814.472546	257787	cpu/event=0xC0,umask=0x00/u	401314	t_run_test	(/home/koga/autobench_perf/src/autobench/idctrn01_lite)
idctrn01_lite	82161	[027]	2603814.472647	257760	cpu/event=0xC0,umask=0x00/u	401720	t_run_test	(/home/koga/autobench_perf/src/autobench/idctrn01_lite)
idctrn01_lite	82161	[027]	2603814.472747	257631	cpu/event=0xC0,umask=0x00/u	4017d4	t_run_test	(/home/koga/autobench_perf/src/autobench/idctrn01_lite)
idctrn01_lite	82161	[027]	2603814.472848	257520	cpu/event=0xC0,umask=0x00/u	400df6	t_run_test	(/home/koga/autobench_perf/src/autobench/idctrn01_lite)
idctrn01_lite	82161	[027]	2603814.472949	257234	cpu/event=0xC0,umask=0x00/u	400e4c	t_run_test	(/home/koga/autobench_perf/src/autobench/idctrn01_lite)
idctrn01_lite	82161	[027]	2603814.473050	256869	cpu/event=0xC0,umask=0x00/u	4012a8	t_run_test	(/home/koga/autobench_perf/src/autobench/idctrn01_lite)
idctrn01_lite	82161	[027]	2603814.473150	256688	cpu/event=0xC0,umask=0x00/u	401314	t_run_test	(/home/koga/autobench_perf/src/autobench/idctrn01_lite)
idctrn01_lite	82161	[027]	2603814.473250	256711	cpu/event=0xC0,umask=0x00/u	401438	t_run_test	(/home/koga/autobench_perf/src/autobench/idctrn01_lite)
idctrn01_lite	82161	[027]	2603814.473350	256575	cpu/event=0xC0,umask=0x00/u	401760	t_run_test	(/home/koga/autobench_perf/src/autobench/idctrn01_lite)
idctrn01_lite	82161	[027]	2603814.473450	256569	cpu/event=0xC0,umask=0x00/u	4017d4	t_run_test	(/home/koga/autobench_perf/src/autobench/idctrn01_lite)
idctrn01_lite	82161	[027]	2603814.473551	256418	cpu/event=0xC0,umask=0x00/u	400de8	t_run_test	(/home/koga/autobench_perf/src/autobench/idctrn01_lite)
idctrn01_lite	82161	[027]	2603814.473651	256308	cpu/event=0xC0,umask=0x00/u	400e4c	t_run_test	(/home/koga/autobench_perf/src/autobench/idctrn01_lite)
idctrn01_lite	82161	[027]	2603814.473752	256187	cpu/event=0xC0,umask=0x00/u	400f78	t_run_test	(/home/koga/autobench_perf/src/autobench/idctrn01_lite)
idctrn01_lite	82161	[027]	2603814.473851	255990	cpu/event=0xC0,umask=0x00/u	4012a8	t_run_test	(/home/koga/autobench_perf/src/autobench/idctrn01_lite)
idctrn01_lite	82161	[027]	2603814.473952	256103	cpu/event=0xC0,umask=0x00/u	4012f0	t_run_test	(/home/koga/autobench_perf/src/autobench/idctrn01_lite)
idctrn01_lite	82161	[027]	2603814.474052	256060	cpu/event=0xC0,umask=0x00/u	401768	t_run_test	(/home/koga/autobench_perf/src/autobench/idctrn01_lite)
idctrn01_lite	82161	[027]	2603814.474151	256031	cpu/event=0xC0,umask=0x00/u	401758	t_run_test	(/home/koga/autobench_perf/src/autobench/idctrn01_lite)
idctrn01_lite	82161	[027]	2603814.474251	256099	cpu/event=0xC0,umask=0x00/u	4017d4	t_run_test	(/home/koga/autobench_perf/src/autobench/idctrn01_lite)
idctrn01_lite	82161	[027]	2603814.474351	256284	cpu/event=0xC0,umask=0x00/u	400dd2	t_run_test	(/home/koga/autobench_perf/src/autobench/idctrn01_lite)
idctrn01_lite	82161	[027]	2603814.474451	256252	cpu/event=0xC0,umask=0x00/u	400e54	t_run_test	(/home/koga/autobench_perf/src/autobench/idctrn01_lite)
idctrn01_lite	82161	[027]	2603814.474552	256244	cpu/event=0xC0,umask=0x00/u	400f19	t_run_test	(/home/koga/autobench_perf/src/autobench/idctrn01_lite)
idctrn01_lite	82161	[027]	2603814.474652	255974	cpu/event=0xC0,umask=0x00/u	4012a8	t_run_test	(/home/koga/autobench_perf/src/autobench/idctrn01_lite)
idctrn01_lite	82161	[027]	2603814.474752	255925	cpu/event=0xC0,umask=0x00/u	401314	t_run_test	(/home/koga/autobench_perf/src/autobench/idctrn01_lite)
idctrn01_lite	82161	[027]	2603814.474852	255977	cpu/event=0xC0,umask=0x00/u	401438	t_run_test	(/home/koga/autobench_perf/src/autobench/idctrn01_lite)
idctrn01_lite	82161	[027]	2603814.474952	255884	cpu/event=0xC0,umask=0x00/u	40177f	t_run_test	(/home/koga/autobench_perf/src/autobench/idctrn01_lite)
idctrn01_lite	82161	[027]	2603814.475052	255914	cpu/event=0xC0,umask=0x00/u	4017d4	t_run_test	(/home/koga/autobench_perf/src/autobench/idctrn01_lite)
idctrn01_lite	82161	[027]	2603814.475152	255860	cpu/event=0xC0,umask=0x00/u	400beb	t_run_test	(/home/koga/autobench_perf/src/autobench/idctrn01_lite)
idctrn01_lite	82161	[027]	2603814.475251	256057	cpu/event=0xC0,umask=0x00/u	400de8	t_run_test	(/home/koga/autobench_perf/src/autobench/idctrn01_lite)
idctrn01_lite	82161	[027]	2603814.475346	256158	cpu/event=0xC0,umask=0x00/u	400e54	t_run_test	(/home/koga/autobench_perf/src/autobench/idctrn01_lite)
idctrn01_lite	82161	[027]	2603814.475447	257897	cpu/event=0xC0,umask=0x00/u	4012bf	t_run_test	(/home/koga/autobench_perf/src/autobench/idctrn01_lite)
idctrn01_lite	82161	[027]	2603814.475564	257493	cpu/event=0xC0,umask=0x00/u	40130c	t_run_test	(/home/koga/autobench_perf/src/autobench/idctrn01_lite)
idctrn01_lite	82161	[027]	2603814.475686	252759	cpu/event=0xC0,umask=0x00/u	401768	t_run_test	(/home/koga/autobench_perf/src/autobench/idctrn01_lite)
idctrn01_lite	82161	[027]	2603814.475784	247147	cpu/event=0xC0,umask=0x00/u	401768	t_run_test	(/home/koga/autobench_perf/src/autobench/idctrn01_lite)
idctrn01_lite	82161	[027]	2603814.475882	247466	cpu/event=0xC0,umask=0x00/u	4012f4	t_run_test	(/home/koga/autobench_perf/src/autobench/idctrn01_lite)
idctrn01_lite	82161	[027]	2603814.475979	248288	cpu/event=0xC0,umask=0x00/u	400f78	t_run_test	(/home/koga/autobench_perf/src/autobench/idctrn01_lite)
idctrn01_lite	82161	[027]	2603814.476083	249090	cpu/event=0xC0,umask=0x00/u	400e4c	t_run_test	(/home/koga/autobench_perf/src/autobench/idctrn01_lite)
idctrn01_lite	82161	[027]	2603814.476174	248095	cpu/event=0xC0,umask=0x00/u	400de0	t_run_test	(/home/koga/autobench_perf/src/autobench/idctrn01_lite)
idctrn01_lite	82161	[027]	2603814.476264	251140	cpu/event=0xC0,umask=0x00/u	4017d4	t_run_test	(/home/koga/autobench_perf/src/autobench/idctrn01_lite)
idctrn01_lite	82161	[027]	2603814.476356	254442	cpu/event=0xC0,umask=0x00/u	4017d4	t_run_test	(/home/koga/autobench_perf/src/autobench/idctrn01_lite)
idctrn01_lite	82161	[027]	2603814.476448	257365	cpu/event=0xC0,umask=0x00/u	4017d4	t_run_test	(/home/koga/autobench_perf/src/autobench/idctrn01_lite)
idctrn01_lite	82161	[027]	2603814.476541	260018	cpu/event=0xC0,umask=0x00/u	400de0	t_run_test	(/home/koga/autobench_perf/src/autobench/idctrn01_lite)
idctrn01_lite	82161	[027]	2603814.476630	262490	cpu/event=0xC0,umask=0x00/u	400f08	t_run_test	(/home/koga/autobench_perf/src/autobench/idctrn01_lite)
idctrn01_lite	82161	[027]	2603814.476728	266756	cpu/event=0xC0,umask=0x00/u	40090f	GetInputValues	(/home/koga/autobench_perf/src/autobench/idctrn01_lite)
idctrn01_lite	82161	[027]	2603814.476824	267170	cpu/event=0xC0,umask=0x00/u	400e4c	t_run_test	(/home/koga/autobench_perf/src/autobench/idctrn01_lite)
idctrn01_lite	82161	[027]	2603814.476919	268793	cpu/event=0xC0,umask=0x00/u	4015dd	t_run_test	(/home/koga/autobench_perf/src/autobench/idctrn01_lite)
idctrn01_lite	82161	[027]	2603814.477010	270415	cpu/event=0xC0,umask=0x00/u	400e6f	t_run_test	(/home/koga/autobench_perf/src/autobench/idctrn01_lite)
idctrn01_lite	82161	[027]	2603814.477106	273889	cpu/event=0xC0,umask=0x00/u	4017d4	t_run_test	(/home/koga/autobench_perf/src/autobench/idctrn01_lite)
idctrn01_lite	82161	[027]	2603814.477204	275184	cpu/event=0xC0,umask=0x00/u	4013d2	t_run_test	(/home/koga/autobench_perf/src/autobench/idctrn01_lite)
idctrn01_lite	82161	[027]	2603814.477301	276032	cpu/event=0xC0,umask=0x00/u	4012ac	t_run_test	(/home/koga/autobench_perf/src/autobench/idctrn01_lite)
idctrn01_lite	82161	[027]	2603814.477399	277054	cpu/event=0xC0,umask=0x00/u	400e54	t_run_test	(/home/koga/autobench_perf/src/autobench/idctrn01_lite)
idctrn01_lite	82161	[027]	2603814.477497	277619	cpu/event=0xC0,umask=0x00/u	400de8	t_run_test	(/home/koga/autobench_perf/src/autobench/idctrn01_lite)
idctrn01_lite	82161	[027]	2603814.477595	278388	cpu/event=0xC0,umask=0x00/u	400da8	t_run_test	(/home/koga/autobench_perf/src/autobench/idctrn01_lite)
idctrn01_lite	82161	[027]	2603814.477694	279028	cpu/event=0xC0,umask=0x00/u	4017b4	t_run_test	(/home/koga/autobench_perf/src/autobench/idctrn01_lite)
idctrn01_lite	82161	[027]	2603814.477793	279622	cpu/event=0xC0,umask=0x00/u	4017ef	t_run_test	(/home/koga/autobench_perf/src/autobench/idctrn01_lite)
idctrn01_lite	82161	[027]	2603814.477892	280019	cpu/event=0xC0,umask=0x00/u	4017cc	t_run_test	(/home/koga/autobench_perf/src/autobench/idctrn01_lite)
idctrn01_lite	82161	[027]	2603814.477991	280230	cpu/event=0xC0,umask=0x00/u	40175b	t_run_test	(/home/koga/autobench_perf/src/autobench/idctrn01_lite)
idctrn01_lite	82161	[027]	2603814.478090	280595	cpu/event=0xC0,umask=0x00/u	401752	t_run_test	(/home/koga/autobench_perf/src/autobench/idctrn01_lite)
idctrn01_lite	82161	[027]	2603814.478189	281032	cpu/event=0xC0,umask=0x00/u	401768	t_run_test	(/home/koga/autobench_perf/src/autobench/idctrn01_lite)
idctrn01_lite	82161	[027]	2603814.478288	281358	cpu/event=0xC0,umask=0x00/u	401760	t_run_test	(/home/koga/autobench_perf/src/autobench/idctrn01_lite)
idctrn01_lite	82161	[027]	2603814.478387	281638	cpu/event=0xC0,umask=0x00/u	401760	t_run_test	(/home/koga/autobench_perf/src/autobench/idctrn01_lite)
idctrn01_lite	82161	[027]	2603814.478486	281848	cpu/event=0xC0,umask=0x00/u	4017cc	t_run_test	(/home/koga/autobench_perf/src/autobench/idctrn01_lite)
idctrn01_lite	82161	[027]	2603814.478586	282190	cpu/event=0xC0,umask=0x00/u	4017d4	t_run_test	(/home/koga/autobench_perf/src/autobench/idctrn01_lite)
idctrn01_lite	82161	[027]	2603814.478686	282283	cpu/event=0xC0,umask=0x00/u	4017cc	t_run_test	(/home/koga/autobench_perf/src/autobench/idctrn01_lite)
idctrn01_lite	82161	[027]	2603814.478786	282409	cpu/event=0xC0,umask=0x00/u	401888	t_run_test	(/home/koga/autobench_perf/src/autobench/idctrn01_lite)
idctrn01_lite	82161	[027]	2603814.478885	282462	cpu/event=0xC0,umask=0x00/u	400ddb	t_run_test	(/home/koga/autobench_perf/src/autobench/idctrn01_lite)
idctrn01_lite	82161	[027]	2603814.478985	282672	cpu/event=0xC0,umask=0x00/u	400de8	t_run_test	(/home/koga/autobench_perf/src/autobench/idctrn01_lite)
idctrn01_lite	82161	[027]	2603814.479084	282804	cpu/event=0xC0,umask=0x00/u	400dd8	t_run_test	(/home/koga/autobench_perf/src/autobench/idctrn01_lite)
idctrn01_lite	82161	[027]	2603814.479184	282926	cpu/event=0xC0,umask=0x00/u	400e54	t_run_test	(/home/koga/autobench_perf/src/autobench/idctrn01_lite)
idctrn01_lite	82161	[027]	2603814.479284	283025	cpu/event=0xC0,umask=0x00/u	400f19	t_run_test	(/home/koga/autobench_perf/src/autobench/idctrn01_lite)
idctrn01_lite	82161	[027]	2603814.479384	283074	cpu/event=0xC0,umask=0x00/u	4012a0	t_run_test	(/home/koga/autobench_perf/src/autobench/idctrn01_lite)
idctrn01_lite	82161	[027]	2603814.479496	281922	cpu/event=0xC0,umask=0x00/u	4012a8	t_run_test	(/home/koga/autobench_perf/src/autobench/idctrn01_lite)
idctrn01_lite	82161	[027]	2603814.479596	278196	cpu/event=0xC0,umask=0x00/u	401314	t_run_test	(/home/koga/autobench_perf/src/autobench/idctrn01_lite)
idctrn01_lite	82161	[027]	2603814.479973	278413	cpu/event=0xC0,umask=0x00/u	7f42e40fd882	__strchrnul	(/lib/x86_64-linux-gnu/libc-2.23.so)
