aifftr01_lite	77831	[021]	2603120.611191	1	cpu/event=0x3C,umask=0x00/u	7f33f5045c30	_start	(/lib/x86_64-linux-gnu/ld-2.23.so)
aifftr01_lite	77831	[021]	2603120.611206	1	cpu/event=0x3C,umask=0x00/u	7f33f5045c30	_start	(/lib/x86_64-linux-gnu/ld-2.23.so)
aifftr01_lite	77831	[021]	2603120.611213	2	cpu/event=0x3C,umask=0x00/u	7f33f5045c30	_start	(/lib/x86_64-linux-gnu/ld-2.23.so)
aifftr01_lite	77831	[021]	2603120.611219	6	cpu/event=0x3C,umask=0x00/u	7f33f5045c30	_start	(/lib/x86_64-linux-gnu/ld-2.23.so)
aifftr01_lite	77831	[021]	2603120.611225	18	cpu/event=0x3C,umask=0x00/u	7f33f5045c30	_start	(/lib/x86_64-linux-gnu/ld-2.23.so)
aifftr01_lite	77831	[021]	2603120.611230	53	cpu/event=0x3C,umask=0x00/u	7f33f5045c30	_start	(/lib/x86_64-linux-gnu/ld-2.23.so)
aifftr01_lite	77831	[021]	2603120.611237	181	cpu/event=0x3C,umask=0x00/u	7f33f5045c30	_start	(/lib/x86_64-linux-gnu/ld-2.23.so)
aifftr01_lite	77831	[021]	2603120.611244	478	cpu/event=0x3C,umask=0x00/u	ffffffff8186d5d0	page_fault	([kernel.kallsyms])
aifftr01_lite	77831	[021]	2603120.611256	1380	cpu/event=0x3C,umask=0x00/u	7f33f50469b0	_dl_start	(/lib/x86_64-linux-gnu/ld-2.23.so)
aifftr01_lite	77831	[021]	2603120.611274	2569	cpu/event=0x3C,umask=0x00/u	7f33f5046a33	_dl_start	(/lib/x86_64-linux-gnu/ld-2.23.so)
aifftr01_lite	77831	[021]	2603120.611304	4083	cpu/event=0x3C,umask=0x00/u	7f33f5046a75	_dl_start	(/lib/x86_64-linux-gnu/ld-2.23.so)
aifftr01_lite	77831	[021]	2603120.611341	5253	cpu/event=0x3C,umask=0x00/u	7f33f5046dc8	_dl_start	(/lib/x86_64-linux-gnu/ld-2.23.so)
aifftr01_lite	77831	[021]	2603120.611375	6406	cpu/event=0x3C,umask=0x00/u	7f33f505e7ac	_dl_sysdep_start	(/lib/x86_64-linux-gnu/ld-2.23.so)
aifftr01_lite	77831	[021]	2603120.611406	7909	cpu/event=0x3C,umask=0x00/u	7f33f505ee1a	__libc_memalign	(/lib/x86_64-linux-gnu/ld-2.23.so)
aifftr01_lite	77831	[021]	2603120.611445	10186	cpu/event=0x3C,umask=0x00/u	7f33f5047af2	dl_main	(/lib/x86_64-linux-gnu/ld-2.23.so)
aifftr01_lite	77831	[021]	2603120.611503	12103	cpu/event=0x3C,umask=0x00/u	7f33f5055542	_dl_catch_error	(/lib/x86_64-linux-gnu/ld-2.23.so)
aifftr01_lite	77831	[021]	2603120.611574	13202	cpu/event=0x3C,umask=0x00/u	7f33f504b427	_dl_map_object_from_fd	(/lib/x86_64-linux-gnu/ld-2.23.so)
aifftr01_lite	77831	[021]	2603120.611669	13889	cpu/event=0x3C,umask=0x00/u	7f33f505d19d	_dl_load_cache_lookup	(/lib/x86_64-linux-gnu/ld-2.23.so)
aifftr01_lite	77831	[021]	2603120.611776	13982	cpu/event=0x3C,umask=0x00/u	ffffffff8186d5d0	page_fault	([kernel.kallsyms])
aifftr01_lite	77831	[021]	2603120.611823	13870	cpu/event=0x3C,umask=0x00/u	7f33f5056ad1	match_symbol	(/lib/x86_64-linux-gnu/ld-2.23.so)
aifftr01_lite	77831	[021]	2603120.611898	15818	cpu/event=0x3C,umask=0x00/u	7f33f5051639	_dl_relocate_object	(/lib/x86_64-linux-gnu/ld-2.23.so)
aifftr01_lite	77831	[021]	2603120.611948	16468	cpu/event=0x3C,umask=0x00/u	7f33f504f620	do_lookup_x	(/lib/x86_64-linux-gnu/ld-2.23.so)
aifftr01_lite	77831	[021]	2603120.611990	18569	cpu/event=0x3C,umask=0x00/u	7f33f504ed60	check_match	(/lib/x86_64-linux-gnu/ld-2.23.so)
aifftr01_lite	77831	[021]	2603120.612023	21800	cpu/event=0x3C,umask=0x00/u	7f33f504f038	do_lookup_x	(/lib/x86_64-linux-gnu/ld-2.23.so)
aifftr01_lite	77831	[021]	2603120.612097	27184	cpu/event=0x3C,umask=0x00/u	7f33f49ffb00	strspn	(/lib/x86_64-linux-gnu/libc-2.23.so)
aifftr01_lite	77831	[021]	2603120.612196	28394	cpu/event=0x3C,umask=0x00/u	7f33f504ef1c	do_lookup_x	(/lib/x86_64-linux-gnu/ld-2.23.so)
aifftr01_lite	77831	[021]	2603120.612272	28418	cpu/event=0x3C,umask=0x00/u	7f33f4ab5383	_dl_addr	(/lib/x86_64-linux-gnu/libc-2.23.so)
aifftr01_lite	77831	[021]	2603120.612319	29529	cpu/event=0x3C,umask=0x00/u	7f33f4ab53b7	_dl_addr	(/lib/x86_64-linux-gnu/libc-2.23.so)
aifftr01_lite	77831	[021]	2603120.612362	33785	cpu/event=0x3C,umask=0x00/u	7f33f4ab53f4	_dl_addr	(/lib/x86_64-linux-gnu/libc-2.23.so)
aifftr01_lite	77831	[021]	2603120.612450	39423	cpu/event=0x3C,umask=0x00/u	7f33f504ef4a	do_lookup_x	(/lib/x86_64-linux-gnu/ld-2.23.so)
aifftr01_lite	77831	[021]	2603120.612533	40097	cpu/event=0x3C,umask=0x00/u	7f33f4d60a15	__sincos	(/lib/x86_64-linux-gnu/libm-2.23.so)
aifftr01_lite	77831	[021]	2603120.612618	41120	cpu/event=0x3C,umask=0x00/u	400d30	t_run_test	(/home/koga/autobench_perf/src/autobench/aifftr01_lite)
aifftr01_lite	77831	[021]	2603120.612675	42044	cpu/event=0x3C,umask=0x00/u	ffffffff8186d5d0	page_fault	([kernel.kallsyms])
aifftr01_lite	77831	[021]	2603120.612743	45989	cpu/event=0x3C,umask=0x00/u	401155	t_run_test	(/home/koga/autobench_perf/src/autobench/aifftr01_lite)
aifftr01_lite	77831	[021]	2603120.612810	48645	cpu/event=0x3C,umask=0x00/u	40153f	t_run_test	(/home/koga/autobench_perf/src/autobench/aifftr01_lite)
aifftr01_lite	77831	[021]	2603120.612869	51640	cpu/event=0x3C,umask=0x00/u	400cc9	t_run_test	(/home/koga/autobench_perf/src/autobench/aifftr01_lite)
aifftr01_lite	77831	[021]	2603120.612936	56089	cpu/event=0x3C,umask=0x00/u	4010e8	t_run_test	(/home/koga/autobench_perf/src/autobench/aifftr01_lite)
aifftr01_lite	77831	[021]	2603120.613001	59655	cpu/event=0x3C,umask=0x00/u	401517	t_run_test	(/home/koga/autobench_perf/src/autobench/aifftr01_lite)
aifftr01_lite	77831	[021]	2603120.613070	63550	cpu/event=0x3C,umask=0x00/u	400cc5	t_run_test	(/home/koga/autobench_perf/src/autobench/aifftr01_lite)
aifftr01_lite	77831	[021]	2603120.613146	67216	cpu/event=0x3C,umask=0x00/u	40115c	t_run_test	(/home/koga/autobench_perf/src/autobench/aifftr01_lite)
aifftr01_lite	77831	[021]	2603120.613221	69796	cpu/event=0x3C,umask=0x00/u	4015d1	t_run_test	(/home/koga/autobench_perf/src/autobench/aifftr01_lite)
aifftr01_lite	77831	[021]	2603120.613298	72740	cpu/event=0x3C,umask=0x00/u	401112	t_run_test	(/home/koga/autobench_perf/src/autobench/aifftr01_lite)
aifftr01_lite	77831	[021]	2603120.613378	75439	cpu/event=0x3C,umask=0x00/u	401574	t_run_test	(/home/koga/autobench_perf/src/autobench/aifftr01_lite)
aifftr01_lite	77831	[021]	2603120.613460	77799	cpu/event=0x3C,umask=0x00/u	400ed2	t_run_test	(/home/koga/autobench_perf/src/autobench/aifftr01_lite)
aifftr01_lite	77831	[021]	2603120.613544	79960	cpu/event=0x3C,umask=0x00/u	401571	t_run_test	(/home/koga/autobench_perf/src/autobench/aifftr01_lite)
aifftr01_lite	77831	[021]	2603120.613630	81825	cpu/event=0x3C,umask=0x00/u	400c96	t_run_test	(/home/koga/autobench_perf/src/autobench/aifftr01_lite)
aifftr01_lite	77831	[021]	2603120.613717	83564	cpu/event=0x3C,umask=0x00/u	401544	t_run_test	(/home/koga/autobench_perf/src/autobench/aifftr01_lite)
aifftr01_lite	77831	[021]	2603120.613806	85032	cpu/event=0x3C,umask=0x00/u	400f09	t_run_test	(/home/koga/autobench_perf/src/autobench/aifftr01_lite)
aifftr01_lite	77831	[021]	2603120.613896	86394	cpu/event=0x3C,umask=0x00/u	40157e	t_run_test	(/home/koga/autobench_perf/src/autobench/aifftr01_lite)
aifftr01_lite	77831	[021]	2603120.613992	87565	cpu/event=0x3C,umask=0x00/u	401107	t_run_test	(/home/koga/autobench_perf/src/autobench/aifftr01_lite)
aifftr01_lite	77831	[021]	2603120.614084	88061	cpu/event=0x3C,umask=0x00/u	4015a9	t_run_test	(/home/koga/autobench_perf/src/autobench/aifftr01_lite)
aifftr01_lite	77831	[021]	2603120.614177	88996	cpu/event=0x3C,umask=0x00/u	40114f	t_run_test	(/home/koga/autobench_perf/src/autobench/aifftr01_lite)
aifftr01_lite	77831	[021]	2603120.614270	89882	cpu/event=0x3C,umask=0x00/u	400b6a	t_run_test	(/home/koga/autobench_perf/src/autobench/aifftr01_lite)
aifftr01_lite	77831	[021]	2603120.614364	90674	cpu/event=0x3C,umask=0x00/u	4010ec	t_run_test	(/home/koga/autobench_perf/src/autobench/aifftr01_lite)
aifftr01_lite	77831	[021]	2603120.614459	91342	cpu/event=0x3C,umask=0x00/u	400d22	t_run_test	(/home/koga/autobench_perf/src/autobench/aifftr01_lite)
aifftr01_lite	77831	[021]	2603120.614554	91966	cpu/event=0x3C,umask=0x00/u	401577	t_run_test	(/home/koga/autobench_perf/src/autobench/aifftr01_lite)
aifftr01_lite	77831	[021]	2603120.614650	92551	cpu/event=0x3C,umask=0x00/u	400eb9	t_run_test	(/home/koga/autobench_perf/src/autobench/aifftr01_lite)
aifftr01_lite	77831	[021]	2603120.614747	93052	cpu/event=0x3C,umask=0x00/u	40150d	t_run_test	(/home/koga/autobench_perf/src/autobench/aifftr01_lite)
aifftr01_lite	77831	[021]	2603120.614843	93473	cpu/event=0x3C,umask=0x00/u	401107	t_run_test	(/home/koga/autobench_perf/src/autobench/aifftr01_lite)
aifftr01_lite	77831	[021]	2603120.614961	89914	cpu/event=0x3C,umask=0x00/u	400ba3	t_run_test	(/home/koga/autobench_perf/src/autobench/aifftr01_lite)
aifftr01_lite	77831	[021]	2603120.615055	88257	cpu/event=0x3C,umask=0x00/u	40116d	t_run_test	(/home/koga/autobench_perf/src/autobench/aifftr01_lite)
aifftr01_lite	77831	[021]	2603120.615153	88884	cpu/event=0x3C,umask=0x00/u	400cc9	t_run_test	(/home/koga/autobench_perf/src/autobench/aifftr01_lite)
aifftr01_lite	77831	[021]	2603120.615246	89189	cpu/event=0x3C,umask=0x00/u	4013a2	t_run_test	(/home/koga/autobench_perf/src/autobench/aifftr01_lite)
aifftr01_lite	77831	[021]	2603120.615339	90046	cpu/event=0x3C,umask=0x00/u	400d3a	t_run_test	(/home/koga/autobench_perf/src/autobench/aifftr01_lite)
aifftr01_lite	77831	[021]	2603120.615433	90820	cpu/event=0x3C,umask=0x00/u	401577	t_run_test	(/home/koga/autobench_perf/src/autobench/aifftr01_lite)
aifftr01_lite	77831	[021]	2603120.615528	91500	cpu/event=0x3C,umask=0x00/u	4010f0	t_run_test	(/home/koga/autobench_perf/src/autobench/aifftr01_lite)
aifftr01_lite	77831	[021]	2603120.615624	92139	cpu/event=0x3C,umask=0x00/u	4014d6	t_run_test	(/home/koga/autobench_perf/src/autobench/aifftr01_lite)
aifftr01_lite	77831	[021]	2603120.615720	92645	cpu/event=0x3C,umask=0x00/u	401155	t_run_test	(/home/koga/autobench_perf/src/autobench/aifftr01_lite)
aifftr01_lite	77831	[021]	2603120.615817	93111	cpu/event=0x3C,umask=0x00/u	400d03	t_run_test	(/home/koga/autobench_perf/src/autobench/aifftr01_lite)
aifftr01_lite	77831	[021]	2603120.615914	93535	cpu/event=0x3C,umask=0x00/u	4013c2	t_run_test	(/home/koga/autobench_perf/src/autobench/aifftr01_lite)
aifftr01_lite	77831	[021]	2603120.616011	93903	cpu/event=0x3C,umask=0x00/u	400d41	t_run_test	(/home/koga/autobench_perf/src/autobench/aifftr01_lite)
aifftr01_lite	77831	[021]	2603120.616113	94235	cpu/event=0x3C,umask=0x00/u	401511	t_run_test	(/home/koga/autobench_perf/src/autobench/aifftr01_lite)
aifftr01_lite	77831	[021]	2603120.616211	93968	cpu/event=0x3C,umask=0x00/u	40112d	t_run_test	(/home/koga/autobench_perf/src/autobench/aifftr01_lite)
aifftr01_lite	77831	[021]	2603120.616309	94256	cpu/event=0x3C,umask=0x00/u	400b98	t_run_test	(/home/koga/autobench_perf/src/autobench/aifftr01_lite)
aifftr01_lite	77831	[021]	2603120.616407	94507	cpu/event=0x3C,umask=0x00/u	4011b5	t_run_test	(/home/koga/autobench_perf/src/autobench/aifftr01_lite)
aifftr01_lite	77831	[021]	2603120.616505	94750	cpu/event=0x3C,umask=0x00/u	400d25	t_run_test	(/home/koga/autobench_perf/src/autobench/aifftr01_lite)
aifftr01_lite	77831	[021]	2603120.616603	94980	cpu/event=0x3C,umask=0x00/u	4014de	t_run_test	(/home/koga/autobench_perf/src/autobench/aifftr01_lite)
aifftr01_lite	77831	[021]	2603120.616701	95180	cpu/event=0x3C,umask=0x00/u	401166	t_run_test	(/home/koga/autobench_perf/src/autobench/aifftr01_lite)
aifftr01_lite	77831	[021]	2603120.616800	95379	cpu/event=0x3C,umask=0x00/u	400908	GetInputValues	(/home/koga/autobench_perf/src/autobench/aifftr01_lite)
aifftr01_lite	77831	[021]	2603120.616899	95514	cpu/event=0x3C,umask=0x00/u	4010be	t_run_test	(/home/koga/autobench_perf/src/autobench/aifftr01_lite)
aifftr01_lite	77831	[021]	2603120.617002	95667	cpu/event=0x3C,umask=0x00/u	400c3f	t_run_test	(/home/koga/autobench_perf/src/autobench/aifftr01_lite)
aifftr01_lite	77831	[021]	2603120.617101	95287	cpu/event=0x3C,umask=0x00/u	401566	t_run_test	(/home/koga/autobench_perf/src/autobench/aifftr01_lite)
aifftr01_lite	77831	[021]	2603120.617200	95451	cpu/event=0x3C,umask=0x00/u	401135	t_run_test	(/home/koga/autobench_perf/src/autobench/aifftr01_lite)
aifftr01_lite	77831	[021]	2603120.617298	95625	cpu/event=0x3C,umask=0x00/u	40175b	t_run_test	(/home/koga/autobench_perf/src/autobench/aifftr01_lite)
aifftr01_lite	77831	[021]	2603120.617397	95762	cpu/event=0x3C,umask=0x00/u	4010ae	t_run_test	(/home/koga/autobench_perf/src/autobench/aifftr01_lite)
aifftr01_lite	77831	[021]	2603120.617496	95886	cpu/event=0x3C,umask=0x00/u	400c96	t_run_test	(/home/koga/autobench_perf/src/autobench/aifftr01_lite)
aifftr01_lite	77831	[021]	2603120.617596	96040	cpu/event=0x3C,umask=0x00/u	40153f	t_run_test	(/home/koga/autobench_perf/src/autobench/aifftr01_lite)
aifftr01_lite	77831	[021]	2603120.617695	96109	cpu/event=0x3C,umask=0x00/u	4010e4	t_run_test	(/home/koga/autobench_perf/src/autobench/aifftr01_lite)
aifftr01_lite	77831	[021]	2603120.617799	96202	cpu/event=0x3C,umask=0x00/u	401735	t_run_test	(/home/koga/autobench_perf/src/autobench/aifftr01_lite)
aifftr01_lite	77831	[021]	2603120.617898	95729	cpu/event=0x3C,umask=0x00/u	401155	t_run_test	(/home/koga/autobench_perf/src/autobench/aifftr01_lite)
aifftr01_lite	77831	[021]	2603120.617997	95792	cpu/event=0x3C,umask=0x00/u	400d7c	t_run_test	(/home/koga/autobench_perf/src/autobench/aifftr01_lite)
aifftr01_lite	77831	[021]	2603120.618096	95951	cpu/event=0x3C,umask=0x00/u	401530	t_run_test	(/home/koga/autobench_perf/src/autobench/aifftr01_lite)
aifftr01_lite	77831	[021]	2603120.618196	96027	cpu/event=0x3C,umask=0x00/u	4010e0	t_run_test	(/home/koga/autobench_perf/src/autobench/aifftr01_lite)
aifftr01_lite	77831	[021]	2603120.618295	96135	cpu/event=0x3C,umask=0x00/u	401778	t_run_test	(/home/koga/autobench_perf/src/autobench/aifftr01_lite)
aifftr01_lite	77831	[021]	2603120.618395	96185	cpu/event=0x3C,umask=0x00/u	40114f	t_run_test	(/home/koga/autobench_perf/src/autobench/aifftr01_lite)
aifftr01_lite	77831	[021]	2603120.618498	96248	cpu/event=0x3C,umask=0x00/u	400cc0	t_run_test	(/home/koga/autobench_perf/src/autobench/aifftr01_lite)
aifftr01_lite	77831	[021]	2603120.618598	95830	cpu/event=0x3C,umask=0x00/u	40158f	t_run_test	(/home/koga/autobench_perf/src/autobench/aifftr01_lite)
aifftr01_lite	77831	[021]	2603120.618697	95867	cpu/event=0x3C,umask=0x00/u	40114b	t_run_test	(/home/koga/autobench_perf/src/autobench/aifftr01_lite)
aifftr01_lite	77831	[021]	2603120.618796	95992	cpu/event=0x3C,umask=0x00/u	40176c	t_run_test	(/home/koga/autobench_perf/src/autobench/aifftr01_lite)
aifftr01_lite	77831	[021]	2603120.618896	96082	cpu/event=0x3C,umask=0x00/u	40111e	t_run_test	(/home/koga/autobench_perf/src/autobench/aifftr01_lite)
aifftr01_lite	77831	[021]	2603120.619007	96051	cpu/event=0x3C,umask=0x00/u	400d2c	t_run_test	(/home/koga/autobench_perf/src/autobench/aifftr01_lite)
aifftr01_lite	77831	[021]	2603120.619111	94814	cpu/event=0x3C,umask=0x00/u	40154f	t_run_test	(/home/koga/autobench_perf/src/autobench/aifftr01_lite)
aifftr01_lite	77831	[021]	2603120.619210	94326	cpu/event=0x3C,umask=0x00/u	4010e8	t_run_test	(/home/koga/autobench_perf/src/autobench/aifftr01_lite)
aifftr01_lite	77831	[021]	2603120.619308	94541	cpu/event=0x3C,umask=0x00/u	4015bd	t_run_test	(/home/koga/autobench_perf/src/autobench/aifftr01_lite)
aifftr01_lite	77831	[021]	2603120.619406	94760	cpu/event=0x3C,umask=0x00/u	4010e8	t_run_test	(/home/koga/autobench_perf/src/autobench/aifftr01_lite)
aifftr01_lite	77831	[021]	2603120.619504	95006	cpu/event=0x3C,umask=0x00/u	400d48	t_run_test	(/home/koga/autobench_perf/src/autobench/aifftr01_lite)
aifftr01_lite	77831	[021]	2603120.619607	95227	cpu/event=0x3C,umask=0x00/u	401530	t_run_test	(/home/koga/autobench_perf/src/autobench/aifftr01_lite)
aifftr01_lite	77831	[021]	2603120.619706	94852	cpu/event=0x3C,umask=0x00/u	40090d	GetInputValues	(/home/koga/autobench_perf/src/autobench/aifftr01_lite)
aifftr01_lite	77831	[021]	2603120.619804	95054	cpu/event=0x3C,umask=0x00/u	40156a	t_run_test	(/home/koga/autobench_perf/src/autobench/aifftr01_lite)
aifftr01_lite	77831	[021]	2603120.619902	95219	cpu/event=0x3C,umask=0x00/u	4010e8	t_run_test	(/home/koga/autobench_perf/src/autobench/aifftr01_lite)
aifftr01_lite	77831	[021]	2603120.620001	95439	cpu/event=0x3C,umask=0x00/u	400d00	t_run_test	(/home/koga/autobench_perf/src/autobench/aifftr01_lite)
aifftr01_lite	77831	[021]	2603120.620105	95577	cpu/event=0x3C,umask=0x00/u	40158f	t_run_test	(/home/koga/autobench_perf/src/autobench/aifftr01_lite)
aifftr01_lite	77831	[021]	2603120.620204	95173	cpu/event=0x3C,umask=0x00/u	400eae	t_run_test	(/home/koga/autobench_perf/src/autobench/aifftr01_lite)
aifftr01_lite	77831	[021]	2603120.620303	95303	cpu/event=0x3C,umask=0x00/u	401538	t_run_test	(/home/koga/autobench_perf/src/autobench/aifftr01_lite)
aifftr01_lite	77831	[021]	2603120.620401	95407	cpu/event=0x3C,umask=0x00/u	401144	t_run_test	(/home/koga/autobench_perf/src/autobench/aifftr01_lite)
aifftr01_lite	77831	[021]	2603120.620505	95598	cpu/event=0x3C,umask=0x00/u	400d44	t_run_test	(/home/koga/autobench_perf/src/autobench/aifftr01_lite)
aifftr01_lite	77831	[021]	2603120.620603	95195	cpu/event=0x3C,umask=0x00/u	4013a2	t_run_test	(/home/koga/autobench_perf/src/autobench/aifftr01_lite)
aifftr01_lite	77831	[021]	2603120.620702	95341	cpu/event=0x3C,umask=0x00/u	400d81	t_run_test	(/home/koga/autobench_perf/src/autobench/aifftr01_lite)
aifftr01_lite	77831	[021]	2603120.620801	95522	cpu/event=0x3C,umask=0x00/u	401571	t_run_test	(/home/koga/autobench_perf/src/autobench/aifftr01_lite)
aifftr01_lite	77831	[021]	2603120.620904	95644	cpu/event=0x3C,umask=0x00/u	4010f0	t_run_test	(/home/koga/autobench_perf/src/autobench/aifftr01_lite)
aifftr01_lite	77831	[021]	2603120.621003	95303	cpu/event=0x3C,umask=0x00/u	400cc5	t_run_test	(/home/koga/autobench_perf/src/autobench/aifftr01_lite)
aifftr01_lite	77831	[021]	2603120.621102	95384	cpu/event=0x3C,umask=0x00/u	400904	GetInputValues	(/home/koga/autobench_perf/src/autobench/aifftr01_lite)
aifftr01_lite	77831	[021]	2603120.621205	95541	cpu/event=0x3C,umask=0x00/u	400cdf	t_run_test	(/home/koga/autobench_perf/src/autobench/aifftr01_lite)
aifftr01_lite	77831	[021]	2603120.621304	95176	cpu/event=0x3C,umask=0x00/u	40158f	t_run_test	(/home/koga/autobench_perf/src/autobench/aifftr01_lite)
aifftr01_lite	77831	[021]	2603120.621402	95329	cpu/event=0x3C,umask=0x00/u	401135	t_run_test	(/home/koga/autobench_perf/src/autobench/aifftr01_lite)
aifftr01_lite	77831	[021]	2603120.621506	95532	cpu/event=0x3C,umask=0x00/u	400cf7	t_run_test	(/home/koga/autobench_perf/src/autobench/aifftr01_lite)
aifftr01_lite	77831	[021]	2603120.621605	95124	cpu/event=0x3C,umask=0x00/u	401319	t_run_test	(/home/koga/autobench_perf/src/autobench/aifftr01_lite)
aifftr01_lite	77831	[021]	2603120.621703	95245	cpu/event=0x3C,umask=0x00/u	400cd6	t_run_test	(/home/koga/autobench_perf/src/autobench/aifftr01_lite)
aifftr01_lite	77831	[021]	2603120.621806	95446	cpu/event=0x3C,umask=0x00/u	4014b2	t_run_test	(/home/koga/autobench_perf/src/autobench/aifftr01_lite)
aifftr01_lite	77831	[021]	2603120.621905	95075	cpu/event=0x3C,umask=0x00/u	4010f6	t_run_test	(/home/koga/autobench_perf/src/autobench/aifftr01_lite)
aifftr01_lite	77831	[021]	2603120.622009	95231	cpu/event=0x3C,umask=0x00/u	400bb1	t_run_test	(/home/koga/autobench_perf/src/autobench/aifftr01_lite)
aifftr01_lite	77831	[021]	2603120.622107	94828	cpu/event=0x3C,umask=0x00/u	40116a	t_run_test	(/home/koga/autobench_perf/src/autobench/aifftr01_lite)
aifftr01_lite	77831	[021]	2603120.622205	94998	cpu/event=0x3C,umask=0x00/u	400d08	t_run_test	(/home/koga/autobench_perf/src/autobench/aifftr01_lite)
aifftr01_lite	77831	[021]	2603120.622308	95202	cpu/event=0x3C,umask=0x00/u	401549	t_run_test	(/home/koga/autobench_perf/src/autobench/aifftr01_lite)
aifftr01_lite	77831	[021]	2603120.622407	94885	cpu/event=0x3C,umask=0x00/u	40113d	t_run_test	(/home/koga/autobench_perf/src/autobench/aifftr01_lite)
aifftr01_lite	77831	[021]	2603120.622510	95071	cpu/event=0x3C,umask=0x00/u	400904	GetInputValues	(/home/koga/autobench_perf/src/autobench/aifftr01_lite)
aifftr01_lite	77831	[021]	2603120.622608	94730	cpu/event=0x3C,umask=0x00/u	401135	t_run_test	(/home/koga/autobench_perf/src/autobench/aifftr01_lite)
aifftr01_lite	77831	[021]	2603120.622710	94923	cpu/event=0x3C,umask=0x00/u	400d03	t_run_test	(/home/koga/autobench_perf/src/autobench/aifftr01_lite)
aifftr01_lite	77831	[021]	2603120.622809	94644	cpu/event=0x3C,umask=0x00/u	401530	t_run_test	(/home/koga/autobench_perf/src/autobench/aifftr01_lite)
aifftr01_lite	77831	[021]	2603120.622912	94820	cpu/event=0x3C,umask=0x00/u	400fc1	t_run_test	(/home/koga/autobench_perf/src/autobench/aifftr01_lite)
aifftr01_lite	77831	[021]	2603120.623024	94564	cpu/event=0x3C,umask=0x00/u	40158c	t_run_test	(/home/koga/autobench_perf/src/autobench/aifftr01_lite)
aifftr01_lite	77831	[021]	2603120.623126	93280	cpu/event=0x3C,umask=0x00/u	4010f6	t_run_test	(/home/koga/autobench_perf/src/autobench/aifftr01_lite)
aifftr01_lite	77831	[021]	2603120.623228	92989	cpu/event=0x3C,umask=0x00/u	400cdf	t_run_test	(/home/koga/autobench_perf/src/autobench/aifftr01_lite)
aifftr01_lite	77831	[021]	2603120.623324	92836	cpu/event=0x3C,umask=0x00/u	4013e3	t_run_test	(/home/koga/autobench_perf/src/autobench/aifftr01_lite)
aifftr01_lite	77831	[021]	2603120.623425	93236	cpu/event=0x3C,umask=0x00/u	400d4b	t_run_test	(/home/koga/autobench_perf/src/autobench/aifftr01_lite)
aifftr01_lite	77831	[021]	2603120.623527	93115	cpu/event=0x3C,umask=0x00/u	40157e	t_run_test	(/home/koga/autobench_perf/src/autobench/aifftr01_lite)
aifftr01_lite	77831	[021]	2603120.623624	92916	cpu/event=0x3C,umask=0x00/u	401163	t_run_test	(/home/koga/autobench_perf/src/autobench/aifftr01_lite)
aifftr01_lite	77831	[021]	2603120.623725	93323	cpu/event=0x3C,umask=0x00/u	400b72	t_run_test	(/home/koga/autobench_perf/src/autobench/aifftr01_lite)
aifftr01_lite	77831	[021]	2603120.623827	93159	cpu/event=0x3C,umask=0x00/u	40113d	t_run_test	(/home/koga/autobench_perf/src/autobench/aifftr01_lite)
aifftr01_lite	77831	[021]	2603120.623924	92951	cpu/event=0x3C,umask=0x00/u	400d1a	t_run_test	(/home/koga/autobench_perf/src/autobench/aifftr01_lite)
aifftr01_lite	77831	[021]	2603120.624025	93325	cpu/event=0x3C,umask=0x00/u	401566	t_run_test	(/home/koga/autobench_perf/src/autobench/aifftr01_lite)
aifftr01_lite	77831	[021]	2603120.624127	93207	cpu/event=0x3C,umask=0x00/u	40090d	GetInputValues	(/home/koga/autobench_perf/src/autobench/aifftr01_lite)
aifftr01_lite	77831	[021]	2603120.624228	93025	cpu/event=0x3C,umask=0x00/u	4015b7	t_run_test	(/home/koga/autobench_perf/src/autobench/aifftr01_lite)
aifftr01_lite	77831	[021]	2603120.624324	92839	cpu/event=0x3C,umask=0x00/u	401152	t_run_test	(/home/koga/autobench_perf/src/autobench/aifftr01_lite)
aifftr01_lite	77831	[021]	2603120.624425	93303	cpu/event=0x3C,umask=0x00/u	400ce4	t_run_test	(/home/koga/autobench_perf/src/autobench/aifftr01_lite)
aifftr01_lite	77831	[021]	2603120.624527	93175	cpu/event=0x3C,umask=0x00/u	401393	t_run_test	(/home/koga/autobench_perf/src/autobench/aifftr01_lite)
aifftr01_lite	77831	[021]	2603120.624628	92987	cpu/event=0x3C,umask=0x00/u	400d08	t_run_test	(/home/koga/autobench_perf/src/autobench/aifftr01_lite)
aifftr01_lite	77831	[021]	2603120.624729	92851	cpu/event=0x3C,umask=0x00/u	40155f	t_run_test	(/home/koga/autobench_perf/src/autobench/aifftr01_lite)
aifftr01_lite	77831	[021]	2603120.624826	92718	cpu/event=0x3C,umask=0x00/u	4010ec	t_run_test	(/home/koga/autobench_perf/src/autobench/aifftr01_lite)
aifftr01_lite	77831	[021]	2603120.624927	93170	cpu/event=0x3C,umask=0x00/u	401747	t_run_test	(/home/koga/autobench_perf/src/autobench/aifftr01_lite)
aifftr01_lite	77831	[021]	2603120.625028	93028	cpu/event=0x3C,umask=0x00/u	401144	t_run_test	(/home/koga/autobench_perf/src/autobench/aifftr01_lite)
aifftr01_lite	77831	[021]	2603120.625129	92873	cpu/event=0x3C,umask=0x00/u	400d33	t_run_test	(/home/koga/autobench_perf/src/autobench/aifftr01_lite)
aifftr01_lite	77831	[021]	2603120.625231	92770	cpu/event=0x3C,umask=0x00/u	40155f	t_run_test	(/home/koga/autobench_perf/src/autobench/aifftr01_lite)
aifftr01_lite	77831	[021]	2603120.625327	92599	cpu/event=0x3C,umask=0x00/u	400d28	t_run_test	(/home/koga/autobench_perf/src/autobench/aifftr01_lite)
aifftr01_lite	77831	[021]	2603120.625428	93037	cpu/event=0x3C,umask=0x00/u	40158c	t_run_test	(/home/koga/autobench_perf/src/autobench/aifftr01_lite)
aifftr01_lite	77831	[021]	2603120.625529	92932	cpu/event=0x3C,umask=0x00/u	40112d	t_run_test	(/home/koga/autobench_perf/src/autobench/aifftr01_lite)
aifftr01_lite	77831	[021]	2603120.625631	92801	cpu/event=0x3C,umask=0x00/u	400b6a	t_run_test	(/home/koga/autobench_perf/src/autobench/aifftr01_lite)
aifftr01_lite	77831	[021]	2603120.625732	92630	cpu/event=0x3C,umask=0x00/u	401131	t_run_test	(/home/koga/autobench_perf/src/autobench/aifftr01_lite)
aifftr01_lite	77831	[021]	2603120.625833	92493	cpu/event=0x3C,umask=0x00/u	400d00	t_run_test	(/home/koga/autobench_perf/src/autobench/aifftr01_lite)
aifftr01_lite	77831	[021]	2603120.625933	92392	cpu/event=0x3C,umask=0x00/u	401528	t_run_test	(/home/koga/autobench_perf/src/autobench/aifftr01_lite)
aifftr01_lite	77831	[021]	2603120.626034	92333	cpu/event=0x3C,umask=0x00/u	400f27	t_run_test	(/home/koga/autobench_perf/src/autobench/aifftr01_lite)
aifftr01_lite	77831	[021]	2603120.626135	92251	cpu/event=0x3C,umask=0x00/u	4015e3	t_run_test	(/home/koga/autobench_perf/src/autobench/aifftr01_lite)
aifftr01_lite	77831	[021]	2603120.626230	92185	cpu/event=0x3C,umask=0x00/u	401117	t_run_test	(/home/koga/autobench_perf/src/autobench/aifftr01_lite)
aifftr01_lite	77831	[021]	2603120.626331	92719	cpu/event=0x3C,umask=0x00/u	400d16	t_run_test	(/home/koga/autobench_perf/src/autobench/aifftr01_lite)
aifftr01_lite	77831	[021]	2603120.626432	92614	cpu/event=0x3C,umask=0x00/u	4011b5	t_run_test	(/home/koga/autobench_perf/src/autobench/aifftr01_lite)
aifftr01_lite	77831	[021]	2603120.626533	92481	cpu/event=0x3C,umask=0x00/u	400cc9	t_run_test	(/home/koga/autobench_perf/src/autobench/aifftr01_lite)
aifftr01_lite	77831	[021]	2603120.626634	92385	cpu/event=0x3C,umask=0x00/u	40155f	t_run_test	(/home/koga/autobench_perf/src/autobench/aifftr01_lite)
aifftr01_lite	77831	[021]	2603120.626735	92292	cpu/event=0x3C,umask=0x00/u	400f90	t_run_test	(/home/koga/autobench_perf/src/autobench/aifftr01_lite)
aifftr01_lite	77831	[021]	2603120.626831	92209	cpu/event=0x3C,umask=0x00/u	40156d	t_run_test	(/home/koga/autobench_perf/src/autobench/aifftr01_lite)
aifftr01_lite	77831	[021]	2603120.626950	92614	cpu/event=0x3C,umask=0x00/u	401093	t_run_test	(/home/koga/autobench_perf/src/autobench/aifftr01_lite)
aifftr01_lite	77831	[021]	2603120.627051	90809	cpu/event=0x3C,umask=0x00/u	400d51	t_run_test	(/home/koga/autobench_perf/src/autobench/aifftr01_lite)
aifftr01_lite	77831	[021]	2603120.627150	90689	cpu/event=0x3C,umask=0x00/u	4012f4	t_run_test	(/home/koga/autobench_perf/src/autobench/aifftr01_lite)
aifftr01_lite	77831	[021]	2603120.627249	90734	cpu/event=0x3C,umask=0x00/u	400cf0	t_run_test	(/home/koga/autobench_perf/src/autobench/aifftr01_lite)
aifftr01_lite	77831	[021]	2603120.627349	90824	cpu/event=0x3C,umask=0x00/u	40153b	t_run_test	(/home/koga/autobench_perf/src/autobench/aifftr01_lite)
aifftr01_lite	77831	[021]	2603120.627455	90874	cpu/event=0x3C,umask=0x00/u	400904	GetInputValues	(/home/koga/autobench_perf/src/autobench/aifftr01_lite)
aifftr01_lite	77831	[021]	2603120.627547	90218	cpu/event=0x3C,umask=0x00/u	401528	t_run_test	(/home/koga/autobench_perf/src/autobench/aifftr01_lite)
aifftr01_lite	77831	[021]	2603120.627639	91193	cpu/event=0x3C,umask=0x00/u	4010e0	t_run_test	(/home/koga/autobench_perf/src/autobench/aifftr01_lite)
aifftr01_lite	77831	[021]	2603120.627726	92259	cpu/event=0x3C,umask=0x00/u	400b98	t_run_test	(/home/koga/autobench_perf/src/autobench/aifftr01_lite)
aifftr01_lite	77831	[021]	2603120.627819	93889	cpu/event=0x3C,umask=0x00/u	401139	t_run_test	(/home/koga/autobench_perf/src/autobench/aifftr01_lite)
aifftr01_lite	77831	[021]	2603120.627913	94796	cpu/event=0x3C,umask=0x00/u	400d3d	t_run_test	(/home/koga/autobench_perf/src/autobench/aifftr01_lite)
aifftr01_lite	77831	[021]	2603120.628008	95537	cpu/event=0x3C,umask=0x00/u	401566	t_run_test	(/home/koga/autobench_perf/src/autobench/aifftr01_lite)
aifftr01_lite	77831	[021]	2603120.628103	96182	cpu/event=0x3C,umask=0x00/u	401093	t_run_test	(/home/koga/autobench_perf/src/autobench/aifftr01_lite)
aifftr01_lite	77831	[021]	2603120.628200	96779	cpu/event=0x3C,umask=0x00/u	4016fa	t_run_test	(/home/koga/autobench_perf/src/autobench/aifftr01_lite)
aifftr01_lite	77831	[021]	2603120.628296	97247	cpu/event=0x3C,umask=0x00/u	401155	t_run_test	(/home/koga/autobench_perf/src/autobench/aifftr01_lite)
aifftr01_lite	77831	[021]	2603120.628393	97690	cpu/event=0x3C,umask=0x00/u	400ccd	t_run_test	(/home/koga/autobench_perf/src/autobench/aifftr01_lite)
aifftr01_lite	77831	[021]	2603120.628490	98093	cpu/event=0x3C,umask=0x00/u	40156a	t_run_test	(/home/koga/autobench_perf/src/autobench/aifftr01_lite)
aifftr01_lite	77831	[021]	2603120.628587	98476	cpu/event=0x3C,umask=0x00/u	401141	t_run_test	(/home/koga/autobench_perf/src/autobench/aifftr01_lite)
aifftr01_lite	77831	[021]	2603120.628685	98792	cpu/event=0x3C,umask=0x00/u	400b72	t_run_test	(/home/koga/autobench_perf/src/autobench/aifftr01_lite)
aifftr01_lite	77831	[021]	2603120.628784	99042	cpu/event=0x3C,umask=0x00/u	401122	t_run_test	(/home/koga/autobench_perf/src/autobench/aifftr01_lite)
aifftr01_lite	77831	[021]	2603120.628882	99270	cpu/event=0x3C,umask=0x00/u	400d7c	t_run_test	(/home/koga/autobench_perf/src/autobench/aifftr01_lite)
aifftr01_lite	77831	[021]	2603120.628981	99480	cpu/event=0x3C,umask=0x00/u	40158f	t_run_test	(/home/koga/autobench_perf/src/autobench/aifftr01_lite)
aifftr01_lite	77831	[021]	2603120.629079	99668	cpu/event=0x3C,umask=0x00/u	401135	t_run_test	(/home/koga/autobench_perf/src/autobench/aifftr01_lite)
aifftr01_lite	77831	[021]	2603120.629174	99815	cpu/event=0x3C,umask=0x00/u	400d44	t_run_test	(/home/koga/autobench_perf/src/autobench/aifftr01_lite)
aifftr01_lite	77831	[021]	2603120.629272	100578	cpu/event=0x3C,umask=0x00/u	40158f	t_run_test	(/home/koga/autobench_perf/src/autobench/aifftr01_lite)
aifftr01_lite	77831	[021]	2603120.629372	100733	cpu/event=0x3C,umask=0x00/u	400f88	t_run_test	(/home/koga/autobench_perf/src/autobench/aifftr01_lite)
aifftr01_lite	77831	[021]	2603120.629472	100825	cpu/event=0x3C,umask=0x00/u	401778	t_run_test	(/home/koga/autobench_perf/src/autobench/aifftr01_lite)
aifftr01_lite	77831	[021]	2603120.629571	100838	cpu/event=0x3C,umask=0x00/u	4010e8	t_run_test	(/home/koga/autobench_perf/src/autobench/aifftr01_lite)
aifftr01_lite	77831	[021]	2603120.629671	100864	cpu/event=0x3C,umask=0x00/u	400cc9	t_run_test	(/home/koga/autobench_perf/src/autobench/aifftr01_lite)
aifftr01_lite	77831	[021]	2603120.629771	100921	cpu/event=0x3C,umask=0x00/u	401566	t_run_test	(/home/koga/autobench_perf/src/autobench/aifftr01_lite)
aifftr01_lite	77831	[021]	2603120.629871	100924	cpu/event=0x3C,umask=0x00/u	40113d	t_run_test	(/home/koga/autobench_perf/src/autobench/aifftr01_lite)
aifftr01_lite	77831	[021]	2603120.629970	100960	cpu/event=0x3C,umask=0x00/u	400cd0	t_run_test	(/home/koga/autobench_perf/src/autobench/aifftr01_lite)
aifftr01_lite	77831	[021]	2603120.630070	101025	cpu/event=0x3C,umask=0x00/u	401520	t_run_test	(/home/koga/autobench_perf/src/autobench/aifftr01_lite)
aifftr01_lite	77831	[021]	2603120.630170	101018	cpu/event=0x3C,umask=0x00/u	401093	t_run_test	(/home/koga/autobench_perf/src/autobench/aifftr01_lite)
aifftr01_lite	77831	[021]	2603120.630270	101052	cpu/event=0x3C,umask=0x00/u	400b62	t_run_test	(/home/koga/autobench_perf/src/autobench/aifftr01_lite)
aifftr01_lite	77831	[021]	2603120.630370	101059	cpu/event=0x3C,umask=0x00/u	40133f	t_run_test	(/home/koga/autobench_perf/src/autobench/aifftr01_lite)
aifftr01_lite	77831	[021]	2603120.630465	101060	cpu/event=0x3C,umask=0x00/u	400cd0	t_run_test	(/home/koga/autobench_perf/src/autobench/aifftr01_lite)
aifftr01_lite	77831	[021]	2603120.630565	101666	cpu/event=0x3C,umask=0x00/u	401530	t_run_test	(/home/koga/autobench_perf/src/autobench/aifftr01_lite)
aifftr01_lite	77831	[021]	2603120.630665	101677	cpu/event=0x3C,umask=0x00/u	4010d2	t_run_test	(/home/koga/autobench_perf/src/autobench/aifftr01_lite)
aifftr01_lite	77831	[021]	2603120.630766	101647	cpu/event=0x3C,umask=0x00/u	400d41	t_run_test	(/home/koga/autobench_perf/src/autobench/aifftr01_lite)
aifftr01_lite	77831	[021]	2603120.630866	101634	cpu/event=0x3C,umask=0x00/u	401574	t_run_test	(/home/koga/autobench_perf/src/autobench/aifftr01_lite)
aifftr01_lite	77831	[021]	2603120.630979	101272	cpu/event=0x3C,umask=0x00/u	4010e8	t_run_test	(/home/koga/autobench_perf/src/autobench/aifftr01_lite)
aifftr01_lite	77831	[021]	2603120.631079	99844	cpu/event=0x3C,umask=0x00/u	400cec	t_run_test	(/home/koga/autobench_perf/src/autobench/aifftr01_lite)
aifftr01_lite	77831	[021]	2603120.631178	99826	cpu/event=0x3C,umask=0x00/u	4013b2	t_run_test	(/home/koga/autobench_perf/src/autobench/aifftr01_lite)
aifftr01_lite	77831	[021]	2603120.631276	99973	cpu/event=0x3C,umask=0x00/u	400f24	t_run_test	(/home/koga/autobench_perf/src/autobench/aifftr01_lite)
aifftr01_lite	77831	[021]	2603120.631375	100136	cpu/event=0x3C,umask=0x00/u	401509	t_run_test	(/home/koga/autobench_perf/src/autobench/aifftr01_lite)
aifftr01_lite	77831	[021]	2603120.631475	100275	cpu/event=0x3C,umask=0x00/u	4010ec	t_run_test	(/home/koga/autobench_perf/src/autobench/aifftr01_lite)
aifftr01_lite	77831	[021]	2603120.631574	100368	cpu/event=0x3C,umask=0x00/u	400d76	t_run_test	(/home/koga/autobench_perf/src/autobench/aifftr01_lite)
aifftr01_lite	77831	[021]	2603120.631673	100474	cpu/event=0x3C,umask=0x00/u	40155f	t_run_test	(/home/koga/autobench_perf/src/autobench/aifftr01_lite)
aifftr01_lite	77831	[021]	2603120.631772	100572	cpu/event=0x3C,umask=0x00/u	40116d	t_run_test	(/home/koga/autobench_perf/src/autobench/aifftr01_lite)
aifftr01_lite	77831	[021]	2603120.631872	100680	cpu/event=0x3C,umask=0x00/u	400ccd	t_run_test	(/home/koga/autobench_perf/src/autobench/aifftr01_lite)
aifftr01_lite	77831	[021]	2603120.631971	100744	cpu/event=0x3C,umask=0x00/u	4013e3	t_run_test	(/home/koga/autobench_perf/src/autobench/aifftr01_lite)
aifftr01_lite	77831	[021]	2603120.632071	100791	cpu/event=0x3C,umask=0x00/u	400904	GetInputValues	(/home/koga/autobench_perf/src/autobench/aifftr01_lite)
aifftr01_lite	77831	[021]	2603120.632166	100866	cpu/event=0x3C,umask=0x00/u	4014e9	t_run_test	(/home/koga/autobench_perf/src/autobench/aifftr01_lite)
aifftr01_lite	77831	[021]	2603120.632266	101495	cpu/event=0x3C,umask=0x00/u	401163	t_run_test	(/home/koga/autobench_perf/src/autobench/aifftr01_lite)
aifftr01_lite	77831	[021]	2603120.632366	101537	cpu/event=0x3C,umask=0x00/u	400d4b	t_run_test	(/home/koga/autobench_perf/src/autobench/aifftr01_lite)
aifftr01_lite	77831	[021]	2603120.632466	101539	cpu/event=0x3C,umask=0x00/u	40155f	t_run_test	(/home/koga/autobench_perf/src/autobench/aifftr01_lite)
aifftr01_lite	77831	[021]	2603120.632566	101523	cpu/event=0x3C,umask=0x00/u	401186	t_run_test	(/home/koga/autobench_perf/src/autobench/aifftr01_lite)
aifftr01_lite	77831	[021]	2603120.632666	101462	cpu/event=0x3C,umask=0x00/u	400d3a	t_run_test	(/home/koga/autobench_perf/src/autobench/aifftr01_lite)
aifftr01_lite	77831	[021]	2603120.632766	101475	cpu/event=0x3C,umask=0x00/u	401517	t_run_test	(/home/koga/autobench_perf/src/autobench/aifftr01_lite)
aifftr01_lite	77831	[021]	2603120.632866	101457	cpu/event=0x3C,umask=0x00/u	40116a	t_run_test	(/home/koga/autobench_perf/src/autobench/aifftr01_lite)
aifftr01_lite	77831	[021]	2603120.632967	101467	cpu/event=0x3C,umask=0x00/u	400b62	t_run_test	(/home/koga/autobench_perf/src/autobench/aifftr01_lite)
aifftr01_lite	77831	[021]	2603120.633067	101427	cpu/event=0x3C,umask=0x00/u	400908	GetInputValues	(/home/koga/autobench_perf/src/autobench/aifftr01_lite)
aifftr01_lite	77831	[021]	2603120.633167	101381	cpu/event=0x3C,umask=0x00/u	400d33	t_run_test	(/home/koga/autobench_perf/src/autobench/aifftr01_lite)
aifftr01_lite	77831	[021]	2603120.633267	101371	cpu/event=0x3C,umask=0x00/u	4014f2	t_run_test	(/home/koga/autobench_perf/src/autobench/aifftr01_lite)
aifftr01_lite	77831	[021]	2603120.633367	101366	cpu/event=0x3C,umask=0x00/u	401144	t_run_test	(/home/koga/autobench_perf/src/autobench/aifftr01_lite)
aifftr01_lite	77831	[021]	2603120.633467	101350	cpu/event=0x3C,umask=0x00/u	400d03	t_run_test	(/home/koga/autobench_perf/src/autobench/aifftr01_lite)
aifftr01_lite	77831	[021]	2603120.633567	101356	cpu/event=0x3C,umask=0x00/u	40155f	t_run_test	(/home/koga/autobench_perf/src/autobench/aifftr01_lite)
aifftr01_lite	77831	[021]	2603120.633667	101386	cpu/event=0x3C,umask=0x00/u	401155	t_run_test	(/home/koga/autobench_perf/src/autobench/aifftr01_lite)
aifftr01_lite	77831	[021]	2603120.633763	101361	cpu/event=0x3C,umask=0x00/u	400cf3	t_run_test	(/home/koga/autobench_perf/src/autobench/aifftr01_lite)
aifftr01_lite	77831	[021]	2603120.633863	101949	cpu/event=0x3C,umask=0x00/u	401509	t_run_test	(/home/koga/autobench_perf/src/autobench/aifftr01_lite)
aifftr01_lite	77831	[021]	2603120.633963	101941	cpu/event=0x3C,umask=0x00/u	400fa4	t_run_test	(/home/koga/autobench_perf/src/autobench/aifftr01_lite)
aifftr01_lite	77831	[021]	2603120.634064	101907	cpu/event=0x3C,umask=0x00/u	400911	GetInputValues	(/home/koga/autobench_perf/src/autobench/aifftr01_lite)
aifftr01_lite	77831	[021]	2603120.634165	101795	cpu/event=0x3C,umask=0x00/u	4012de	t_run_test	(/home/koga/autobench_perf/src/autobench/aifftr01_lite)
aifftr01_lite	77831	[021]	2603120.634265	101705	cpu/event=0x3C,umask=0x00/u	400cb2	t_run_test	(/home/koga/autobench_perf/src/autobench/aifftr01_lite)
aifftr01_lite	77831	[021]	2603120.634365	101681	cpu/event=0x3C,umask=0x00/u	401517	t_run_test	(/home/koga/autobench_perf/src/autobench/aifftr01_lite)
aifftr01_lite	77831	[021]	2603120.634466	101614	cpu/event=0x3C,umask=0x00/u	40116d	t_run_test	(/home/koga/autobench_perf/src/autobench/aifftr01_lite)
aifftr01_lite	77831	[021]	2603120.634566	101578	cpu/event=0x3C,umask=0x00/u	400cd3	t_run_test	(/home/koga/autobench_perf/src/autobench/aifftr01_lite)
aifftr01_lite	77831	[021]	2603120.634666	101568	cpu/event=0x3C,umask=0x00/u	4014de	t_run_test	(/home/koga/autobench_perf/src/autobench/aifftr01_lite)
aifftr01_lite	77831	[021]	2603120.634766	101573	cpu/event=0x3C,umask=0x00/u	401152	t_run_test	(/home/koga/autobench_perf/src/autobench/aifftr01_lite)
aifftr01_lite	77831	[021]	2603120.634866	101559	cpu/event=0x3C,umask=0x00/u	400d30	t_run_test	(/home/koga/autobench_perf/src/autobench/aifftr01_lite)
aifftr01_lite	77831	[021]	2603120.634977	101537	cpu/event=0x3C,umask=0x00/u	4013aa	t_run_test	(/home/koga/autobench_perf/src/autobench/aifftr01_lite)
aifftr01_lite	77831	[021]	2603120.635078	100215	cpu/event=0x3C,umask=0x00/u	400f37	t_run_test	(/home/koga/autobench_perf/src/autobench/aifftr01_lite)
aifftr01_lite	77831	[021]	2603120.635172	100204	cpu/event=0x3C,umask=0x00/u	40156d	t_run_test	(/home/koga/autobench_perf/src/autobench/aifftr01_lite)
aifftr01_lite	77831	[021]	2603120.635271	100893	cpu/event=0x3C,umask=0x00/u	4010e8	t_run_test	(/home/koga/autobench_perf/src/autobench/aifftr01_lite)
aifftr01_lite	77831	[021]	2603120.635371	101023	cpu/event=0x3C,umask=0x00/u	400d25	t_run_test	(/home/koga/autobench_perf/src/autobench/aifftr01_lite)
aifftr01_lite	77831	[021]	2603120.635470	101078	cpu/event=0x3C,umask=0x00/u	401577	t_run_test	(/home/koga/autobench_perf/src/autobench/aifftr01_lite)
aifftr01_lite	77831	[021]	2603120.635570	101136	cpu/event=0x3C,umask=0x00/u	401135	t_run_test	(/home/koga/autobench_perf/src/autobench/aifftr01_lite)
aifftr01_lite	77831	[021]	2603120.635669	101207	cpu/event=0x3C,umask=0x00/u	400d30	t_run_test	(/home/koga/autobench_perf/src/autobench/aifftr01_lite)
aifftr01_lite	77831	[021]	2603120.635769	101260	cpu/event=0x3C,umask=0x00/u	401581	t_run_test	(/home/koga/autobench_perf/src/autobench/aifftr01_lite)
aifftr01_lite	77831	[021]	2603120.635869	101277	cpu/event=0x3C,umask=0x00/u	400900	GetInputValues	(/home/koga/autobench_perf/src/autobench/aifftr01_lite)
aifftr01_lite	77831	[021]	2603120.635969	101305	cpu/event=0x3C,umask=0x00/u	401714	t_run_test	(/home/koga/autobench_perf/src/autobench/aifftr01_lite)
aifftr01_lite	77831	[021]	2603120.636065	101283	cpu/event=0x3C,umask=0x00/u	4010b6	t_run_test	(/home/koga/autobench_perf/src/autobench/aifftr01_lite)
aifftr01_lite	77831	[021]	2603120.636165	101831	cpu/event=0x3C,umask=0x00/u	400ccd	t_run_test	(/home/koga/autobench_perf/src/autobench/aifftr01_lite)
aifftr01_lite	77831	[021]	2603120.636265	101847	cpu/event=0x3C,umask=0x00/u	40156d	t_run_test	(/home/koga/autobench_perf/src/autobench/aifftr01_lite)
aifftr01_lite	77831	[021]	2603120.636366	101792	cpu/event=0x3C,umask=0x00/u	4010b6	t_run_test	(/home/koga/autobench_perf/src/autobench/aifftr01_lite)
aifftr01_lite	77831	[021]	2603120.636466	101756	cpu/event=0x3C,umask=0x00/u	400ce4	t_run_test	(/home/koga/autobench_perf/src/autobench/aifftr01_lite)
aifftr01_lite	77831	[021]	2603120.636566	101716	cpu/event=0x3C,umask=0x00/u	4014c9	t_run_test	(/home/koga/autobench_perf/src/autobench/aifftr01_lite)
aifftr01_lite	77831	[021]	2603120.636667	101687	cpu/event=0x3C,umask=0x00/u	4010f6	t_run_test	(/home/koga/autobench_perf/src/autobench/aifftr01_lite)
aifftr01_lite	77831	[021]	2603120.636767	101648	cpu/event=0x3C,umask=0x00/u	400d30	t_run_test	(/home/koga/autobench_perf/src/autobench/aifftr01_lite)
aifftr01_lite	77831	[021]	2603120.636867	101629	cpu/event=0x3C,umask=0x00/u	4013a2	t_run_test	(/home/koga/autobench_perf/src/autobench/aifftr01_lite)
aifftr01_lite	77831	[021]	2603120.636967	101587	cpu/event=0x3C,umask=0x00/u	400f1d	t_run_test	(/home/koga/autobench_perf/src/autobench/aifftr01_lite)
aifftr01_lite	77831	[021]	2603120.637067	101574	cpu/event=0x3C,umask=0x00/u	401533	t_run_test	(/home/koga/autobench_perf/src/autobench/aifftr01_lite)
aifftr01_lite	77831	[021]	2603120.637168	101559	cpu/event=0x3C,umask=0x00/u	40119b	t_run_test	(/home/koga/autobench_perf/src/autobench/aifftr01_lite)
aifftr01_lite	77831	[021]	2603120.637268	101529	cpu/event=0x3C,umask=0x00/u	400d36	t_run_test	(/home/koga/autobench_perf/src/autobench/aifftr01_lite)
aifftr01_lite	77831	[021]	2603120.637368	101526	cpu/event=0x3C,umask=0x00/u	401528	t_run_test	(/home/koga/autobench_perf/src/autobench/aifftr01_lite)
aifftr01_lite	77831	[021]	2603120.637468	101492	cpu/event=0x3C,umask=0x00/u	401144	t_run_test	(/home/koga/autobench_perf/src/autobench/aifftr01_lite)
aifftr01_lite	77831	[021]	2603120.637568	101454	cpu/event=0x3C,umask=0x00/u	400d1a	t_run_test	(/home/koga/autobench_perf/src/autobench/aifftr01_lite)
aifftr01_lite	77831	[021]	2603120.637664	101438	cpu/event=0x3C,umask=0x00/u	401563	t_run_test	(/home/koga/autobench_perf/src/autobench/aifftr01_lite)
aifftr01_lite	77831	[021]	2603120.637764	101998	cpu/event=0x3C,umask=0x00/u	401117	t_run_test	(/home/koga/autobench_perf/src/autobench/aifftr01_lite)
aifftr01_lite	77831	[021]	2603120.637865	102005	cpu/event=0x3C,umask=0x00/u	400d16	t_run_test	(/home/koga/autobench_perf/src/autobench/aifftr01_lite)
aifftr01_lite	77831	[021]	2603120.637966	101915	cpu/event=0x3C,umask=0x00/u	400904	GetInputValues	(/home/koga/autobench_perf/src/autobench/aifftr01_lite)
aifftr01_lite	77831	[021]	2603120.638066	101836	cpu/event=0x3C,umask=0x00/u	400f09	t_run_test	(/home/koga/autobench_perf/src/autobench/aifftr01_lite)
aifftr01_lite	77831	[021]	2603120.638166	101789	cpu/event=0x3C,umask=0x00/u	4014c0	t_run_test	(/home/koga/autobench_perf/src/autobench/aifftr01_lite)
aifftr01_lite	77831	[021]	2603120.638267	101750	cpu/event=0x3C,umask=0x00/u	4010b6	t_run_test	(/home/koga/autobench_perf/src/autobench/aifftr01_lite)
aifftr01_lite	77831	[021]	2603120.638367	101696	cpu/event=0x3C,umask=0x00/u	400cf3	t_run_test	(/home/koga/autobench_perf/src/autobench/aifftr01_lite)
aifftr01_lite	77831	[021]	2603120.638467	101667	cpu/event=0x3C,umask=0x00/u	401517	t_run_test	(/home/koga/autobench_perf/src/autobench/aifftr01_lite)
aifftr01_lite	77831	[021]	2603120.638568	101619	cpu/event=0x3C,umask=0x00/u	40114b	t_run_test	(/home/koga/autobench_perf/src/autobench/aifftr01_lite)
aifftr01_lite	77831	[021]	2603120.638668	101564	cpu/event=0x3C,umask=0x00/u	400c89	t_run_test	(/home/koga/autobench_perf/src/autobench/aifftr01_lite)
aifftr01_lite	77831	[021]	2603120.638768	101564	cpu/event=0x3C,umask=0x00/u	401528	t_run_test	(/home/koga/autobench_perf/src/autobench/aifftr01_lite)
aifftr01_lite	77831	[021]	2603120.638864	101516	cpu/event=0x3C,umask=0x00/u	40113d	t_run_test	(/home/koga/autobench_perf/src/autobench/aifftr01_lite)
aifftr01_lite	77831	[021]	2603120.638974	101987	cpu/event=0x3C,umask=0x00/u	400b82	t_run_test	(/home/koga/autobench_perf/src/autobench/aifftr01_lite)
aifftr01_lite	77831	[021]	2603120.639075	100795	cpu/event=0x3C,umask=0x00/u	40135c	t_run_test	(/home/koga/autobench_perf/src/autobench/aifftr01_lite)
aifftr01_lite	77831	[021]	2603120.639174	100727	cpu/event=0x3C,umask=0x00/u	400d00	t_run_test	(/home/koga/autobench_perf/src/autobench/aifftr01_lite)
aifftr01_lite	77831	[021]	2603120.639274	100791	cpu/event=0x3C,umask=0x00/u	401533	t_run_test	(/home/koga/autobench_perf/src/autobench/aifftr01_lite)
aifftr01_lite	77831	[021]	2603120.639374	100839	cpu/event=0x3C,umask=0x00/u	401186	t_run_test	(/home/koga/autobench_perf/src/autobench/aifftr01_lite)
aifftr01_lite	77831	[021]	2603120.639473	100869	cpu/event=0x3C,umask=0x00/u	400c96	t_run_test	(/home/koga/autobench_perf/src/autobench/aifftr01_lite)
aifftr01_lite	77831	[021]	2603120.639573	100912	cpu/event=0x3C,umask=0x00/u	401500	t_run_test	(/home/koga/autobench_perf/src/autobench/aifftr01_lite)
aifftr01_lite	77831	[021]	2603120.639672	100954	cpu/event=0x3C,umask=0x00/u	40110f	t_run_test	(/home/koga/autobench_perf/src/autobench/aifftr01_lite)
aifftr01_lite	77831	[021]	2603120.639772	101032	cpu/event=0x3C,umask=0x00/u	400d22	t_run_test	(/home/koga/autobench_perf/src/autobench/aifftr01_lite)
aifftr01_lite	77831	[021]	2603120.639872	101085	cpu/event=0x3C,umask=0x00/u	4013aa	t_run_test	(/home/koga/autobench_perf/src/autobench/aifftr01_lite)
aifftr01_lite	77831	[021]	2603120.639972	101122	cpu/event=0x3C,umask=0x00/u	400f3a	t_run_test	(/home/koga/autobench_perf/src/autobench/aifftr01_lite)
aifftr01_lite	77831	[021]	2603120.640071	101140	cpu/event=0x3C,umask=0x00/u	40158f	t_run_test	(/home/koga/autobench_perf/src/autobench/aifftr01_lite)
aifftr01_lite	77831	[021]	2603120.640171	101182	cpu/event=0x3C,umask=0x00/u	401135	t_run_test	(/home/koga/autobench_perf/src/autobench/aifftr01_lite)
aifftr01_lite	77831	[021]	2603120.640271	101217	cpu/event=0x3C,umask=0x00/u	400cc9	t_run_test	(/home/koga/autobench_perf/src/autobench/aifftr01_lite)
aifftr01_lite	77831	[021]	2603120.640371	101257	cpu/event=0x3C,umask=0x00/u	401553	t_run_test	(/home/koga/autobench_perf/src/autobench/aifftr01_lite)
aifftr01_lite	77831	[021]	2603120.640470	101265	cpu/event=0x3C,umask=0x00/u	40112d	t_run_test	(/home/koga/autobench_perf/src/autobench/aifftr01_lite)
aifftr01_lite	77831	[021]	2603120.640571	101285	cpu/event=0x3C,umask=0x00/u	400ccd	t_run_test	(/home/koga/autobench_perf/src/autobench/aifftr01_lite)
aifftr01_lite	77831	[021]	2603120.640666	101264	cpu/event=0x3C,umask=0x00/u	401511	t_run_test	(/home/koga/autobench_perf/src/autobench/aifftr01_lite)
aifftr01_lite	77831	[021]	2603120.640766	101838	cpu/event=0x3C,umask=0x00/u	400fc1	t_run_test	(/home/koga/autobench_perf/src/autobench/aifftr01_lite)
aifftr01_lite	77831	[021]	2603120.640867	101867	cpu/event=0x3C,umask=0x00/u	400904	GetInputValues	(/home/koga/autobench_perf/src/autobench/aifftr01_lite)
aifftr01_lite	77831	[021]	2603120.640967	101800	cpu/event=0x3C,umask=0x00/u	4012fb	t_run_test	(/home/koga/autobench_perf/src/autobench/aifftr01_lite)
aifftr01_lite	77831	[021]	2603120.641067	101748	cpu/event=0x3C,umask=0x00/u	400ccd	t_run_test	(/home/koga/autobench_perf/src/autobench/aifftr01_lite)
aifftr01_lite	77831	[021]	2603120.641168	101699	cpu/event=0x3C,umask=0x00/u	40154f	t_run_test	(/home/koga/autobench_perf/src/autobench/aifftr01_lite)
aifftr01_lite	77831	[021]	2603120.641268	101624	cpu/event=0x3C,umask=0x00/u	401155	t_run_test	(/home/koga/autobench_perf/src/autobench/aifftr01_lite)
aifftr01_lite	77831	[021]	2603120.641369	101575	cpu/event=0x3C,umask=0x00/u	400d44	t_run_test	(/home/koga/autobench_perf/src/autobench/aifftr01_lite)
aifftr01_lite	77831	[021]	2603120.641469	101545	cpu/event=0x3C,umask=0x00/u	401517	t_run_test	(/home/koga/autobench_perf/src/autobench/aifftr01_lite)
aifftr01_lite	77831	[021]	2603120.641569	101487	cpu/event=0x3C,umask=0x00/u	401117	t_run_test	(/home/koga/autobench_perf/src/autobench/aifftr01_lite)
aifftr01_lite	77831	[021]	2603120.641669	101506	cpu/event=0x3C,umask=0x00/u	400d30	t_run_test	(/home/koga/autobench_perf/src/autobench/aifftr01_lite)
aifftr01_lite	77831	[021]	2603120.641769	101490	cpu/event=0x3C,umask=0x00/u	40155f	t_run_test	(/home/koga/autobench_perf/src/autobench/aifftr01_lite)
aifftr01_lite	77831	[021]	2603120.641869	101473	cpu/event=0x3C,umask=0x00/u	400f80	t_run_test	(/home/koga/autobench_perf/src/autobench/aifftr01_lite)
aifftr01_lite	77831	[021]	2603120.641970	101473	cpu/event=0x3C,umask=0x00/u	40175b	t_run_test	(/home/koga/autobench_perf/src/autobench/aifftr01_lite)
aifftr01_lite	77831	[021]	2603120.642070	101424	cpu/event=0x3C,umask=0x00/u	4011a9	t_run_test	(/home/koga/autobench_perf/src/autobench/aifftr01_lite)
aifftr01_lite	77831	[021]	2603120.642170	101379	cpu/event=0x3C,umask=0x00/u	400d36	t_run_test	(/home/koga/autobench_perf/src/autobench/aifftr01_lite)
aifftr01_lite	77831	[021]	2603120.642270	101361	cpu/event=0x3C,umask=0x00/u	40156a	t_run_test	(/home/koga/autobench_perf/src/autobench/aifftr01_lite)
aifftr01_lite	77831	[021]	2603120.642371	101345	cpu/event=0x3C,umask=0x00/u	40112d	t_run_test	(/home/koga/autobench_perf/src/autobench/aifftr01_lite)
aifftr01_lite	77831	[021]	2603120.642470	101315	cpu/event=0x3C,umask=0x00/u	400d4b	t_run_test	(/home/koga/autobench_perf/src/autobench/aifftr01_lite)
aifftr01_lite	77831	[021]	2603120.642570	101336	cpu/event=0x3C,umask=0x00/u	401563	t_run_test	(/home/koga/autobench_perf/src/autobench/aifftr01_lite)
aifftr01_lite	77831	[021]	2603120.642670	101337	cpu/event=0x3C,umask=0x00/u	40116a	t_run_test	(/home/koga/autobench_perf/src/autobench/aifftr01_lite)
aifftr01_lite	77831	[021]	2603120.642770	101348	cpu/event=0x3C,umask=0x00/u	400d30	t_run_test	(/home/koga/autobench_perf/src/autobench/aifftr01_lite)
aifftr01_lite	77831	[021]	2603120.642870	101340	cpu/event=0x3C,umask=0x00/u	40090d	GetInputValues	(/home/koga/autobench_perf/src/autobench/aifftr01_lite)
aifftr01_lite	77831	[021]	2603120.642976	101341	cpu/event=0x3C,umask=0x00/u	400f09	t_run_test	(/home/koga/autobench_perf/src/autobench/aifftr01_lite)
aifftr01_lite	77831	[021]	2603120.643076	100695	cpu/event=0x3C,umask=0x00/u	4015a9	t_run_test	(/home/koga/autobench_perf/src/autobench/aifftr01_lite)
aifftr01_lite	77831	[021]	2603120.643175	100717	cpu/event=0x3C,umask=0x00/u	401127	t_run_test	(/home/koga/autobench_perf/src/autobench/aifftr01_lite)
aifftr01_lite	77831	[021]	2603120.643274	100783	cpu/event=0x3C,umask=0x00/u	400d1a	t_run_test	(/home/koga/autobench_perf/src/autobench/aifftr01_lite)
aifftr01_lite	77831	[021]	2603120.643374	100864	cpu/event=0x3C,umask=0x00/u	40158f	t_run_test	(/home/koga/autobench_perf/src/autobench/aifftr01_lite)
aifftr01_lite	77831	[021]	2603120.643473	100931	cpu/event=0x3C,umask=0x00/u	401107	t_run_test	(/home/koga/autobench_perf/src/autobench/aifftr01_lite)
aifftr01_lite	77831	[021]	2603120.643573	101030	cpu/event=0x3C,umask=0x00/u	400ccd	t_run_test	(/home/koga/autobench_perf/src/autobench/aifftr01_lite)
aifftr01_lite	77831	[021]	2603120.643673	101078	cpu/event=0x3C,umask=0x00/u	4013ba	t_run_test	(/home/koga/autobench_perf/src/autobench/aifftr01_lite)
aifftr01_lite	77831	[021]	2603120.643772	101093	cpu/event=0x3C,umask=0x00/u	400f1d	t_run_test	(/home/koga/autobench_perf/src/autobench/aifftr01_lite)
aifftr01_lite	77831	[021]	2603120.643872	101123	cpu/event=0x3C,umask=0x00/u	401585	t_run_test	(/home/koga/autobench_perf/src/autobench/aifftr01_lite)
aifftr01_lite	77831	[021]	2603120.643972	101139	cpu/event=0x3C,umask=0x00/u	4010f3	t_run_test	(/home/koga/autobench_perf/src/autobench/aifftr01_lite)
aifftr01_lite	77831	[021]	2603120.644072	101123	cpu/event=0x3C,umask=0x00/u	400d0c	t_run_test	(/home/koga/autobench_perf/src/autobench/aifftr01_lite)
aifftr01_lite	77831	[021]	2603120.644172	101127	cpu/event=0x3C,umask=0x00/u	40154f	t_run_test	(/home/koga/autobench_perf/src/autobench/aifftr01_lite)
aifftr01_lite	77831	[021]	2603120.644272	101146	cpu/event=0x3C,umask=0x00/u	4010f0	t_run_test	(/home/koga/autobench_perf/src/autobench/aifftr01_lite)
aifftr01_lite	77831	[021]	2603120.644372	101168	cpu/event=0x3C,umask=0x00/u	400d30	t_run_test	(/home/koga/autobench_perf/src/autobench/aifftr01_lite)
aifftr01_lite	77831	[021]	2603120.644472	101225	cpu/event=0x3C,umask=0x00/u	40153f	t_run_test	(/home/koga/autobench_perf/src/autobench/aifftr01_lite)
aifftr01_lite	77831	[021]	2603120.644572	101207	cpu/event=0x3C,umask=0x00/u	400f88	t_run_test	(/home/koga/autobench_perf/src/autobench/aifftr01_lite)
aifftr01_lite	77831	[021]	2603120.644667	101229	cpu/event=0x3C,umask=0x00/u	400900	GetInputValues	(/home/koga/autobench_perf/src/autobench/aifftr01_lite)
aifftr01_lite	77831	[021]	2603120.644767	101788	cpu/event=0x3C,umask=0x00/u	401139	t_run_test	(/home/koga/autobench_perf/src/autobench/aifftr01_lite)
aifftr01_lite	77831	[021]	2603120.644864	101802	cpu/event=0x3C,umask=0x00/u	400da2	t_run_test	(/home/koga/autobench_perf/src/autobench/aifftr01_lite)
aifftr01_lite	77831	[021]	2603120.644965	102179	cpu/event=0x3C,umask=0x00/u	40156d	t_run_test	(/home/koga/autobench_perf/src/autobench/aifftr01_lite)
aifftr01_lite	77831	[021]	2603120.645065	102141	cpu/event=0x3C,umask=0x00/u	40110c	t_run_test	(/home/koga/autobench_perf/src/autobench/aifftr01_lite)
aifftr01_lite	77831	[021]	2603120.645166	102047	cpu/event=0x3C,umask=0x00/u	400d48	t_run_test	(/home/koga/autobench_perf/src/autobench/aifftr01_lite)
aifftr01_lite	77831	[021]	2603120.645266	101991	cpu/event=0x3C,umask=0x00/u	40156d	t_run_test	(/home/koga/autobench_perf/src/autobench/aifftr01_lite)
aifftr01_lite	77831	[021]	2603120.645367	101913	cpu/event=0x3C,umask=0x00/u	4010e8	t_run_test	(/home/koga/autobench_perf/src/autobench/aifftr01_lite)
aifftr01_lite	77831	[021]	2603120.645481	101892	cpu/event=0x3C,umask=0x00/u	401cb3	Calc_crc32	(/home/koga/autobench_perf/src/autobench/aifftr01_lite)
aifftr01_lite	77831	[021]	2603120.645581	100289	cpu/event=0x3C,umask=0x00/u	401c68	Calc_crc32	(/home/koga/autobench_perf/src/autobench/aifftr01_lite)
aifftr01_lite	77831	[021]	2603120.645671	100324	cpu/event=0x3C,umask=0x00/u	401be3	Calc_crc32	(/home/koga/autobench_perf/src/autobench/aifftr01_lite)
aifftr01_lite	77831	[021]	2603120.645757	101658	cpu/event=0x3C,umask=0x00/u	401c7e	Calc_crc32	(/home/koga/autobench_perf/src/autobench/aifftr01_lite)
aifftr01_lite	77831	[021]	2603120.645844	103697	cpu/event=0x3C,umask=0x00/u	401cba	Calc_crc32	(/home/koga/autobench_perf/src/autobench/aifftr01_lite)
aifftr01_lite	77831	[021]	2603120.645937	105639	cpu/event=0x3C,umask=0x00/u	401c60	Calc_crc32	(/home/koga/autobench_perf/src/autobench/aifftr01_lite)
aifftr01_lite	77831	[021]	2603120.646032	106680	cpu/event=0x3C,umask=0x00/u	401c87	Calc_crc32	(/home/koga/autobench_perf/src/autobench/aifftr01_lite)
aifftr01_lite	77831	[021]	2603120.646123	107441	cpu/event=0x3C,umask=0x00/u	401be3	Calc_crc32	(/home/koga/autobench_perf/src/autobench/aifftr01_lite)
aifftr01_lite	77831	[021]	2603120.646214	108767	cpu/event=0x3C,umask=0x00/u	401c37	Calc_crc32	(/home/koga/autobench_perf/src/autobench/aifftr01_lite)
aifftr01_lite	77831	[021]	2603120.646311	109995	cpu/event=0x3C,umask=0x00/u	401c71	Calc_crc32	(/home/koga/autobench_perf/src/autobench/aifftr01_lite)
aifftr01_lite	77831	[021]	2603120.646405	110440	cpu/event=0x3C,umask=0x00/u	401ca0	Calc_crc32	(/home/koga/autobench_perf/src/autobench/aifftr01_lite)
aifftr01_lite	77831	[021]	2603120.646499	111382	cpu/event=0x3C,umask=0x00/u	401c77	Calc_crc32	(/home/koga/autobench_perf/src/autobench/aifftr01_lite)
aifftr01_lite	77831	[021]	2603120.646598	112266	cpu/event=0x3C,umask=0x00/u	401c63	Calc_crc32	(/home/koga/autobench_perf/src/autobench/aifftr01_lite)
aifftr01_lite	77831	[021]	2603120.646837	112405	cpu/event=0x3C,umask=0x00/u	7f33f49c39fc	__GI___printf_fp_l	(/lib/x86_64-linux-gnu/libc-2.23.so)
