aifftr01_lite	77747	[017]	2603113.654167	1	cpu/event=0xD0,umask=0x81/u	7f5530c2ec30	_start	(/lib/x86_64-linux-gnu/ld-2.23.so)
aifftr01_lite	77747	[017]	2603113.654177	1	cpu/event=0xD0,umask=0x81/u	7f5530c2ec30	_start	(/lib/x86_64-linux-gnu/ld-2.23.so)
aifftr01_lite	77747	[017]	2603113.654184	3	cpu/event=0xD0,umask=0x81/u	7f5530c2ec30	_start	(/lib/x86_64-linux-gnu/ld-2.23.so)
aifftr01_lite	77747	[017]	2603113.654190	8	cpu/event=0xD0,umask=0x81/u	7f5530c2ec30	_start	(/lib/x86_64-linux-gnu/ld-2.23.so)
aifftr01_lite	77747	[017]	2603113.654211	25	cpu/event=0xD0,umask=0x81/u	7f5530c2ec30	_start	(/lib/x86_64-linux-gnu/ld-2.23.so)
aifftr01_lite	77747	[017]	2603113.654261	37	cpu/event=0xD0,umask=0x81/u	7f5530c2fa5a	_dl_start	(/lib/x86_64-linux-gnu/ld-2.23.so)
aifftr01_lite	77747	[017]	2603113.654286	42	cpu/event=0xD0,umask=0x81/u	7f5530c2fb1b	_dl_start	(/lib/x86_64-linux-gnu/ld-2.23.so)
aifftr01_lite	77747	[017]	2603113.654296	59	cpu/event=0xD0,umask=0x81/u	7f5530c2fd5b	_dl_start	(/lib/x86_64-linux-gnu/ld-2.23.so)
aifftr01_lite	77747	[017]	2603113.654306	124	cpu/event=0xD0,umask=0x81/u	7f5530c2fbc5	_dl_start	(/lib/x86_64-linux-gnu/ld-2.23.so)
aifftr01_lite	77747	[017]	2603113.654337	256	cpu/event=0xD0,umask=0x81/u	7f5530c470ff	init_cpu_features.constprop.0	(/lib/x86_64-linux-gnu/ld-2.23.so)
aifftr01_lite	77747	[017]	2603113.654390	329	cpu/event=0xD0,umask=0x81/u	7f5530c39cdc	_dl_new_object	(/lib/x86_64-linux-gnu/ld-2.23.so)
aifftr01_lite	77747	[017]	2603113.654434	366	cpu/event=0xD0,umask=0x81/u	7f5530c31929	dl_main	(/lib/x86_64-linux-gnu/ld-2.23.so)
aifftr01_lite	77747	[017]	2603113.654487	424	cpu/event=0xD0,umask=0x81/u	7f5530c460af	_dl_cache_libcmp	(/lib/x86_64-linux-gnu/ld-2.23.so)
aifftr01_lite	77747	[017]	2603113.654560	471	cpu/event=0xD0,umask=0x81/u	7f5530c34e53	_dl_map_object_from_fd	(/lib/x86_64-linux-gnu/ld-2.23.so)
aifftr01_lite	77747	[017]	2603113.654597	494	cpu/event=0xD0,umask=0x81/u	7f5530c492d0	open64	(/lib/x86_64-linux-gnu/ld-2.23.so)
aifftr01_lite	77747	[017]	2603113.654675	600	cpu/event=0xD0,umask=0x81/u	7f5530c36a85	_dl_map_object	(/lib/x86_64-linux-gnu/ld-2.23.so)
aifftr01_lite	77747	[017]	2603113.654701	622	cpu/event=0xD0,umask=0x81/u	7f5530c3ca33	_dl_map_object_deps	(/lib/x86_64-linux-gnu/ld-2.23.so)
aifftr01_lite	77747	[017]	2603113.654714	843	cpu/event=0xD0,umask=0x81/u	7f5530c3ffba	_dl_check_map_versions	(/lib/x86_64-linux-gnu/ld-2.23.so)
aifftr01_lite	77747	[017]	2603113.654731	1575	cpu/event=0xD0,umask=0x81/u	7f5530c400d8	_dl_check_map_versions	(/lib/x86_64-linux-gnu/ld-2.23.so)
aifftr01_lite	77747	[017]	2603113.654787	2523	cpu/event=0xD0,umask=0x81/u	7f5530c3a650	_dl_relocate_object	(/lib/x86_64-linux-gnu/ld-2.23.so)
aifftr01_lite	77747	[017]	2603113.654817	2769	cpu/event=0xD0,umask=0x81/u	7f5530c3a8e4	_dl_relocate_object	(/lib/x86_64-linux-gnu/ld-2.23.so)
aifftr01_lite	77747	[017]	2603113.654850	3590	cpu/event=0xD0,umask=0x81/u	7f5530c37d4f	check_match	(/lib/x86_64-linux-gnu/ld-2.23.so)
aifftr01_lite	77747	[017]	2603113.654870	4489	cpu/event=0xD0,umask=0x81/u	7f5530c37f31	do_lookup_x	(/lib/x86_64-linux-gnu/ld-2.23.so)
aifftr01_lite	77747	[017]	2603113.654891	6777	cpu/event=0xD0,umask=0x81/u	7f5530c3a6d5	_dl_relocate_object	(/lib/x86_64-linux-gnu/ld-2.23.so)
aifftr01_lite	77747	[017]	2603113.655069	8819	cpu/event=0xD0,umask=0x81/u	ffffffff8186d5d0	page_fault	([kernel.kallsyms])
aifftr01_lite	77747	[017]	2603113.655202	8336	cpu/event=0xD0,umask=0x81/u	7f553069e3ac	_dl_addr	(/lib/x86_64-linux-gnu/libc-2.23.so)
aifftr01_lite	77747	[017]	2603113.655289	8078	cpu/event=0xD0,umask=0x81/u	4008bb	GetTestData	(/home/koga/autobench_perf/src/autobench/aifftr01_lite)
aifftr01_lite	77747	[017]	2603113.655368	8232	cpu/event=0xD0,umask=0x81/u	7f553094a3eb	__sincos	(/lib/x86_64-linux-gnu/libm-2.23.so)
aifftr01_lite	77747	[017]	2603113.655443	8502	cpu/event=0xD0,umask=0x81/u	400b86	t_run_test	(/home/koga/autobench_perf/src/autobench/aifftr01_lite)
aifftr01_lite	77747	[017]	2603113.655480	8864	cpu/event=0xD0,umask=0x81/u	400d4b	t_run_test	(/home/koga/autobench_perf/src/autobench/aifftr01_lite)
aifftr01_lite	77747	[017]	2603113.655511	10716	cpu/event=0xD0,umask=0x81/u	400d44	t_run_test	(/home/koga/autobench_perf/src/autobench/aifftr01_lite)
aifftr01_lite	77747	[017]	2603113.655526	13683	cpu/event=0xD0,umask=0x81/u	400c96	t_run_test	(/home/koga/autobench_perf/src/autobench/aifftr01_lite)
aifftr01_lite	77747	[017]	2603113.655572	23383	cpu/event=0xD0,umask=0x81/u	4010f6	t_run_test	(/home/koga/autobench_perf/src/autobench/aifftr01_lite)
aifftr01_lite	77747	[017]	2603113.655619	26795	cpu/event=0xD0,umask=0x81/u	4010a0	t_run_test	(/home/koga/autobench_perf/src/autobench/aifftr01_lite)
aifftr01_lite	77747	[017]	2603113.655682	30631	cpu/event=0xD0,umask=0x81/u	4015d1	t_run_test	(/home/koga/autobench_perf/src/autobench/aifftr01_lite)
aifftr01_lite	77747	[017]	2603113.655741	32862	cpu/event=0xD0,umask=0x81/u	400cb2	t_run_test	(/home/koga/autobench_perf/src/autobench/aifftr01_lite)
aifftr01_lite	77747	[017]	2603113.655802	35744	cpu/event=0xD0,umask=0x81/u	40114f	t_run_test	(/home/koga/autobench_perf/src/autobench/aifftr01_lite)
aifftr01_lite	77747	[017]	2603113.655862	38580	cpu/event=0xD0,umask=0x81/u	401509	t_run_test	(/home/koga/autobench_perf/src/autobench/aifftr01_lite)
aifftr01_lite	77747	[017]	2603113.655930	41889	cpu/event=0xD0,umask=0x81/u	400d22	t_run_test	(/home/koga/autobench_perf/src/autobench/aifftr01_lite)
aifftr01_lite	77747	[017]	2603113.656006	44328	cpu/event=0xD0,umask=0x81/u	4010ec	t_run_test	(/home/koga/autobench_perf/src/autobench/aifftr01_lite)
aifftr01_lite	77747	[017]	2603113.656078	46082	cpu/event=0xD0,umask=0x81/u	401571	t_run_test	(/home/koga/autobench_perf/src/autobench/aifftr01_lite)
aifftr01_lite	77747	[017]	2603113.656155	48314	cpu/event=0xD0,umask=0x81/u	400fcf	t_run_test	(/home/koga/autobench_perf/src/autobench/aifftr01_lite)
aifftr01_lite	77747	[017]	2603113.656236	50113	cpu/event=0xD0,umask=0x81/u	401571	t_run_test	(/home/koga/autobench_perf/src/autobench/aifftr01_lite)
aifftr01_lite	77747	[017]	2603113.656314	51570	cpu/event=0xD0,umask=0x81/u	400cb2	t_run_test	(/home/koga/autobench_perf/src/autobench/aifftr01_lite)
aifftr01_lite	77747	[017]	2603113.656398	53350	cpu/event=0xD0,umask=0x81/u	401511	t_run_test	(/home/koga/autobench_perf/src/autobench/aifftr01_lite)
aifftr01_lite	77747	[017]	2603113.656483	54613	cpu/event=0xD0,umask=0x81/u	400cc9	t_run_test	(/home/koga/autobench_perf/src/autobench/aifftr01_lite)
aifftr01_lite	77747	[017]	2603113.656570	55817	cpu/event=0xD0,umask=0x81/u	40154f	t_run_test	(/home/koga/autobench_perf/src/autobench/aifftr01_lite)
aifftr01_lite	77747	[017]	2603113.656657	56903	cpu/event=0xD0,umask=0x81/u	400cd0	t_run_test	(/home/koga/autobench_perf/src/autobench/aifftr01_lite)
aifftr01_lite	77747	[017]	2603113.656748	57923	cpu/event=0xD0,umask=0x81/u	40155f	t_run_test	(/home/koga/autobench_perf/src/autobench/aifftr01_lite)
aifftr01_lite	77747	[017]	2603113.656834	58664	cpu/event=0xD0,umask=0x81/u	400d85	t_run_test	(/home/koga/autobench_perf/src/autobench/aifftr01_lite)
aifftr01_lite	77747	[017]	2603113.656930	59833	cpu/event=0xD0,umask=0x81/u	401566	t_run_test	(/home/koga/autobench_perf/src/autobench/aifftr01_lite)
aifftr01_lite	77747	[017]	2603113.657022	60150	cpu/event=0xD0,umask=0x81/u	40113d	t_run_test	(/home/koga/autobench_perf/src/autobench/aifftr01_lite)
aifftr01_lite	77747	[017]	2603113.657113	60854	cpu/event=0xD0,umask=0x81/u	401509	t_run_test	(/home/koga/autobench_perf/src/autobench/aifftr01_lite)
aifftr01_lite	77747	[017]	2603113.657210	61588	cpu/event=0xD0,umask=0x81/u	401148	t_run_test	(/home/koga/autobench_perf/src/autobench/aifftr01_lite)
aifftr01_lite	77747	[017]	2603113.657305	61787	cpu/event=0xD0,umask=0x81/u	400d1e	t_run_test	(/home/koga/autobench_perf/src/autobench/aifftr01_lite)
aifftr01_lite	77747	[017]	2603113.657401	62246	cpu/event=0xD0,umask=0x81/u	40132b	t_run_test	(/home/koga/autobench_perf/src/autobench/aifftr01_lite)
aifftr01_lite	77747	[017]	2603113.657500	62525	cpu/event=0xD0,umask=0x81/u	400d33	t_run_test	(/home/koga/autobench_perf/src/autobench/aifftr01_lite)
aifftr01_lite	77747	[017]	2603113.657598	62632	cpu/event=0xD0,umask=0x81/u	4014d6	t_run_test	(/home/koga/autobench_perf/src/autobench/aifftr01_lite)
aifftr01_lite	77747	[017]	2603113.657692	62835	cpu/event=0xD0,umask=0x81/u	401163	t_run_test	(/home/koga/autobench_perf/src/autobench/aifftr01_lite)
aifftr01_lite	77747	[017]	2603113.657786	63315	cpu/event=0xD0,umask=0x81/u	40150d	t_run_test	(/home/koga/autobench_perf/src/autobench/aifftr01_lite)
aifftr01_lite	77747	[017]	2603113.657887	63756	cpu/event=0xD0,umask=0x81/u	40115c	t_run_test	(/home/koga/autobench_perf/src/autobench/aifftr01_lite)
aifftr01_lite	77747	[017]	2603113.657985	63750	cpu/event=0xD0,umask=0x81/u	400d22	t_run_test	(/home/koga/autobench_perf/src/autobench/aifftr01_lite)
aifftr01_lite	77747	[017]	2603113.658081	63881	cpu/event=0xD0,umask=0x81/u	401511	t_run_test	(/home/koga/autobench_perf/src/autobench/aifftr01_lite)
aifftr01_lite	77747	[017]	2603113.658176	64215	cpu/event=0xD0,umask=0x81/u	400d1a	t_run_test	(/home/koga/autobench_perf/src/autobench/aifftr01_lite)
aifftr01_lite	77747	[017]	2603113.658277	64669	cpu/event=0xD0,umask=0x81/u	40158c	t_run_test	(/home/koga/autobench_perf/src/autobench/aifftr01_lite)
aifftr01_lite	77747	[017]	2603113.658377	64579	cpu/event=0xD0,umask=0x81/u	401117	t_run_test	(/home/koga/autobench_perf/src/autobench/aifftr01_lite)
aifftr01_lite	77747	[017]	2603113.658476	64548	cpu/event=0xD0,umask=0x81/u	400d1e	t_run_test	(/home/koga/autobench_perf/src/autobench/aifftr01_lite)
aifftr01_lite	77747	[017]	2603113.658573	64670	cpu/event=0xD0,umask=0x81/u	4013ba	t_run_test	(/home/koga/autobench_perf/src/autobench/aifftr01_lite)
aifftr01_lite	77747	[017]	2603113.658670	64885	cpu/event=0xD0,umask=0x81/u	400d22	t_run_test	(/home/koga/autobench_perf/src/autobench/aifftr01_lite)
aifftr01_lite	77747	[017]	2603113.658777	65131	cpu/event=0xD0,umask=0x81/u	401585	t_run_test	(/home/koga/autobench_perf/src/autobench/aifftr01_lite)
aifftr01_lite	77747	[017]	2603113.658877	64628	cpu/event=0xD0,umask=0x81/u	401141	t_run_test	(/home/koga/autobench_perf/src/autobench/aifftr01_lite)
aifftr01_lite	77747	[017]	2603113.658997	63409	cpu/event=0xD0,umask=0x81/u	400d2c	t_run_test	(/home/koga/autobench_perf/src/autobench/aifftr01_lite)
aifftr01_lite	77747	[017]	2603113.659092	62061	cpu/event=0xD0,umask=0x81/u	40132b	t_run_test	(/home/koga/autobench_perf/src/autobench/aifftr01_lite)
aifftr01_lite	77747	[017]	2603113.659191	62491	cpu/event=0xD0,umask=0x81/u	400d76	t_run_test	(/home/koga/autobench_perf/src/autobench/aifftr01_lite)
aifftr01_lite	77747	[017]	2603113.659289	62539	cpu/event=0xD0,umask=0x81/u	4014d6	t_run_test	(/home/koga/autobench_perf/src/autobench/aifftr01_lite)
aifftr01_lite	77747	[017]	2603113.659383	62753	cpu/event=0xD0,umask=0x81/u	4010ec	t_run_test	(/home/koga/autobench_perf/src/autobench/aifftr01_lite)
aifftr01_lite	77747	[017]	2603113.659477	63263	cpu/event=0xD0,umask=0x81/u	40150d	t_run_test	(/home/koga/autobench_perf/src/autobench/aifftr01_lite)
aifftr01_lite	77747	[017]	2603113.659577	63740	cpu/event=0xD0,umask=0x81/u	401163	t_run_test	(/home/koga/autobench_perf/src/autobench/aifftr01_lite)
aifftr01_lite	77747	[017]	2603113.659676	63729	cpu/event=0xD0,umask=0x81/u	400d3a	t_run_test	(/home/koga/autobench_perf/src/autobench/aifftr01_lite)
aifftr01_lite	77747	[017]	2603113.659772	63835	cpu/event=0xD0,umask=0x81/u	40158f	t_run_test	(/home/koga/autobench_perf/src/autobench/aifftr01_lite)
aifftr01_lite	77747	[017]	2603113.659868	64137	cpu/event=0xD0,umask=0x81/u	400ed2	t_run_test	(/home/koga/autobench_perf/src/autobench/aifftr01_lite)
aifftr01_lite	77747	[017]	2603113.659968	64528	cpu/event=0xD0,umask=0x81/u	40157a	t_run_test	(/home/koga/autobench_perf/src/autobench/aifftr01_lite)
aifftr01_lite	77747	[017]	2603113.660073	64469	cpu/event=0xD0,umask=0x81/u	401163	t_run_test	(/home/koga/autobench_perf/src/autobench/aifftr01_lite)
aifftr01_lite	77747	[017]	2603113.660171	64090	cpu/event=0xD0,umask=0x81/u	400cd3	t_run_test	(/home/koga/autobench_perf/src/autobench/aifftr01_lite)
aifftr01_lite	77747	[017]	2603113.660268	64268	cpu/event=0xD0,umask=0x81/u	4013aa	t_run_test	(/home/koga/autobench_perf/src/autobench/aifftr01_lite)
aifftr01_lite	77747	[017]	2603113.660365	64548	cpu/event=0xD0,umask=0x81/u	400c96	t_run_test	(/home/koga/autobench_perf/src/autobench/aifftr01_lite)
aifftr01_lite	77747	[017]	2603113.660466	64768	cpu/event=0xD0,umask=0x81/u	40160f	t_run_test	(/home/koga/autobench_perf/src/autobench/aifftr01_lite)
aifftr01_lite	77747	[017]	2603113.660566	64660	cpu/event=0xD0,umask=0x81/u	401144	t_run_test	(/home/koga/autobench_perf/src/autobench/aifftr01_lite)
aifftr01_lite	77747	[017]	2603113.660664	64704	cpu/event=0xD0,umask=0x81/u	400d1e	t_run_test	(/home/koga/autobench_perf/src/autobench/aifftr01_lite)
aifftr01_lite	77747	[017]	2603113.660759	64901	cpu/event=0xD0,umask=0x81/u	40132b	t_run_test	(/home/koga/autobench_perf/src/autobench/aifftr01_lite)
aifftr01_lite	77747	[017]	2603113.660860	65269	cpu/event=0xD0,umask=0x81/u	400cc9	t_run_test	(/home/koga/autobench_perf/src/autobench/aifftr01_lite)
aifftr01_lite	77747	[017]	2603113.660962	65189	cpu/event=0xD0,umask=0x81/u	401585	t_run_test	(/home/koga/autobench_perf/src/autobench/aifftr01_lite)
aifftr01_lite	77747	[017]	2603113.661067	65071	cpu/event=0xD0,umask=0x81/u	4010f0	t_run_test	(/home/koga/autobench_perf/src/autobench/aifftr01_lite)
aifftr01_lite	77747	[017]	2603113.661165	64644	cpu/event=0xD0,umask=0x81/u	400d03	t_run_test	(/home/koga/autobench_perf/src/autobench/aifftr01_lite)
aifftr01_lite	77747	[017]	2603113.661261	64806	cpu/event=0xD0,umask=0x81/u	40132b	t_run_test	(/home/koga/autobench_perf/src/autobench/aifftr01_lite)
aifftr01_lite	77747	[017]	2603113.661362	65167	cpu/event=0xD0,umask=0x81/u	400d85	t_run_test	(/home/koga/autobench_perf/src/autobench/aifftr01_lite)
aifftr01_lite	77747	[017]	2603113.661463	65115	cpu/event=0xD0,umask=0x81/u	401509	t_run_test	(/home/koga/autobench_perf/src/autobench/aifftr01_lite)
aifftr01_lite	77747	[017]	2603113.661563	65024	cpu/event=0xD0,umask=0x81/u	401107	t_run_test	(/home/koga/autobench_perf/src/autobench/aifftr01_lite)
aifftr01_lite	77747	[017]	2603113.661660	65048	cpu/event=0xD0,umask=0x81/u	400ccd	t_run_test	(/home/koga/autobench_perf/src/autobench/aifftr01_lite)
aifftr01_lite	77747	[017]	2603113.661756	65288	cpu/event=0xD0,umask=0x81/u	40132b	t_run_test	(/home/koga/autobench_perf/src/autobench/aifftr01_lite)
aifftr01_lite	77747	[017]	2603113.661857	65596	cpu/event=0xD0,umask=0x81/u	400d28	t_run_test	(/home/koga/autobench_perf/src/autobench/aifftr01_lite)
aifftr01_lite	77747	[017]	2603113.661964	65495	cpu/event=0xD0,umask=0x81/u	401566	t_run_test	(/home/koga/autobench_perf/src/autobench/aifftr01_lite)
aifftr01_lite	77747	[017]	2603113.662064	65011	cpu/event=0xD0,umask=0x81/u	401117	t_run_test	(/home/koga/autobench_perf/src/autobench/aifftr01_lite)
aifftr01_lite	77747	[017]	2603113.662162	65006	cpu/event=0xD0,umask=0x81/u	400cc9	t_run_test	(/home/koga/autobench_perf/src/autobench/aifftr01_lite)
aifftr01_lite	77747	[017]	2603113.662258	65188	cpu/event=0xD0,umask=0x81/u	401359	t_run_test	(/home/koga/autobench_perf/src/autobench/aifftr01_lite)
aifftr01_lite	77747	[017]	2603113.662359	65518	cpu/event=0xD0,umask=0x81/u	400d76	t_run_test	(/home/koga/autobench_perf/src/autobench/aifftr01_lite)
aifftr01_lite	77747	[017]	2603113.662461	65394	cpu/event=0xD0,umask=0x81/u	401509	t_run_test	(/home/koga/autobench_perf/src/autobench/aifftr01_lite)
aifftr01_lite	77747	[017]	2603113.662561	65268	cpu/event=0xD0,umask=0x81/u	4010f0	t_run_test	(/home/koga/autobench_perf/src/autobench/aifftr01_lite)
aifftr01_lite	77747	[017]	2603113.662659	65251	cpu/event=0xD0,umask=0x81/u	400d03	t_run_test	(/home/koga/autobench_perf/src/autobench/aifftr01_lite)
aifftr01_lite	77747	[017]	2603113.662762	65394	cpu/event=0xD0,umask=0x81/u	400904	GetInputValues	(/home/koga/autobench_perf/src/autobench/aifftr01_lite)
aifftr01_lite	77747	[017]	2603113.662861	65159	cpu/event=0xD0,umask=0x81/u	400cc0	t_run_test	(/home/koga/autobench_perf/src/autobench/aifftr01_lite)
aifftr01_lite	77747	[017]	2603113.662975	65212	cpu/event=0xD0,umask=0x81/u	401520	t_run_test	(/home/koga/autobench_perf/src/autobench/aifftr01_lite)
aifftr01_lite	77747	[017]	2603113.663077	64192	cpu/event=0xD0,umask=0x81/u	40112d	t_run_test	(/home/koga/autobench_perf/src/autobench/aifftr01_lite)
aifftr01_lite	77747	[017]	2603113.663174	64070	cpu/event=0xD0,umask=0x81/u	400d00	t_run_test	(/home/koga/autobench_perf/src/autobench/aifftr01_lite)
aifftr01_lite	77747	[017]	2603113.663269	64277	cpu/event=0xD0,umask=0x81/u	40132b	t_run_test	(/home/koga/autobench_perf/src/autobench/aifftr01_lite)
aifftr01_lite	77747	[017]	2603113.663370	64735	cpu/event=0xD0,umask=0x81/u	400c96	t_run_test	(/home/koga/autobench_perf/src/autobench/aifftr01_lite)
aifftr01_lite	77747	[017]	2603113.663471	64649	cpu/event=0xD0,umask=0x81/u	40158f	t_run_test	(/home/koga/autobench_perf/src/autobench/aifftr01_lite)
aifftr01_lite	77747	[017]	2603113.663575	64592	cpu/event=0xD0,umask=0x81/u	401127	t_run_test	(/home/koga/autobench_perf/src/autobench/aifftr01_lite)
aifftr01_lite	77747	[017]	2603113.663672	64250	cpu/event=0xD0,umask=0x81/u	400d36	t_run_test	(/home/koga/autobench_perf/src/autobench/aifftr01_lite)
aifftr01_lite	77747	[017]	2603113.663768	64513	cpu/event=0xD0,umask=0x81/u	4010b6	t_run_test	(/home/koga/autobench_perf/src/autobench/aifftr01_lite)
aifftr01_lite	77747	[017]	2603113.663869	64853	cpu/event=0xD0,umask=0x81/u	400d44	t_run_test	(/home/koga/autobench_perf/src/autobench/aifftr01_lite)
aifftr01_lite	77747	[017]	2603113.663975	64725	cpu/event=0xD0,umask=0x81/u	401574	t_run_test	(/home/koga/autobench_perf/src/autobench/aifftr01_lite)
aifftr01_lite	77747	[017]	2603113.664068	64278	cpu/event=0xD0,umask=0x81/u	401117	t_run_test	(/home/koga/autobench_perf/src/autobench/aifftr01_lite)
aifftr01_lite	77747	[017]	2603113.664170	64924	cpu/event=0xD0,umask=0x81/u	400b7a	t_run_test	(/home/koga/autobench_perf/src/autobench/aifftr01_lite)
aifftr01_lite	77747	[017]	2603113.664268	64724	cpu/event=0xD0,umask=0x81/u	40114f	t_run_test	(/home/koga/autobench_perf/src/autobench/aifftr01_lite)
aifftr01_lite	77747	[017]	2603113.664369	64888	cpu/event=0xD0,umask=0x81/u	400d44	t_run_test	(/home/koga/autobench_perf/src/autobench/aifftr01_lite)
aifftr01_lite	77747	[017]	2603113.664469	64814	cpu/event=0xD0,umask=0x81/u	401544	t_run_test	(/home/koga/autobench_perf/src/autobench/aifftr01_lite)
aifftr01_lite	77747	[017]	2603113.664567	64839	cpu/event=0xD0,umask=0x81/u	4010e0	t_run_test	(/home/koga/autobench_perf/src/autobench/aifftr01_lite)
aifftr01_lite	77747	[017]	2603113.664669	65020	cpu/event=0xD0,umask=0x81/u	400904	GetInputValues	(/home/koga/autobench_perf/src/autobench/aifftr01_lite)
aifftr01_lite	77747	[017]	2603113.664769	64871	cpu/event=0xD0,umask=0x81/u	401186	t_run_test	(/home/koga/autobench_perf/src/autobench/aifftr01_lite)
aifftr01_lite	77747	[017]	2603113.664870	64880	cpu/event=0xD0,umask=0x81/u	400d41	t_run_test	(/home/koga/autobench_perf/src/autobench/aifftr01_lite)
aifftr01_lite	77747	[017]	2603113.664969	64805	cpu/event=0xD0,umask=0x81/u	401520	t_run_test	(/home/koga/autobench_perf/src/autobench/aifftr01_lite)
aifftr01_lite	77747	[017]	2603113.665067	64839	cpu/event=0xD0,umask=0x81/u	40115c	t_run_test	(/home/koga/autobench_perf/src/autobench/aifftr01_lite)
aifftr01_lite	77747	[017]	2603113.665168	65047	cpu/event=0xD0,umask=0x81/u	401747	t_run_test	(/home/koga/autobench_perf/src/autobench/aifftr01_lite)
aifftr01_lite	77747	[017]	2603113.665269	64961	cpu/event=0xD0,umask=0x81/u	401155	t_run_test	(/home/koga/autobench_perf/src/autobench/aifftr01_lite)
aifftr01_lite	77747	[017]	2603113.665376	64855	cpu/event=0xD0,umask=0x81/u	400cd3	t_run_test	(/home/koga/autobench_perf/src/autobench/aifftr01_lite)
aifftr01_lite	77747	[017]	2603113.665470	64368	cpu/event=0xD0,umask=0x81/u	401566	t_run_test	(/home/koga/autobench_perf/src/autobench/aifftr01_lite)
aifftr01_lite	77747	[017]	2603113.665571	64877	cpu/event=0xD0,umask=0x81/u	40114f	t_run_test	(/home/koga/autobench_perf/src/autobench/aifftr01_lite)
aifftr01_lite	77747	[017]	2603113.665668	64743	cpu/event=0xD0,umask=0x81/u	4016f4	t_run_test	(/home/koga/autobench_perf/src/autobench/aifftr01_lite)
aifftr01_lite	77747	[017]	2603113.665769	65018	cpu/event=0xD0,umask=0x81/u	4010ce	t_run_test	(/home/koga/autobench_perf/src/autobench/aifftr01_lite)
aifftr01_lite	77747	[017]	2603113.665869	64945	cpu/event=0xD0,umask=0x81/u	400d28	t_run_test	(/home/koga/autobench_perf/src/autobench/aifftr01_lite)
aifftr01_lite	77747	[017]	2603113.665973	64920	cpu/event=0xD0,umask=0x81/u	40150d	t_run_test	(/home/koga/autobench_perf/src/autobench/aifftr01_lite)
aifftr01_lite	77747	[017]	2603113.666070	64626	cpu/event=0xD0,umask=0x81/u	40116d	t_run_test	(/home/koga/autobench_perf/src/autobench/aifftr01_lite)
aifftr01_lite	77747	[017]	2603113.666167	64854	cpu/event=0xD0,umask=0x81/u	401553	t_run_test	(/home/koga/autobench_perf/src/autobench/aifftr01_lite)
aifftr01_lite	77747	[017]	2603113.666273	65156	cpu/event=0xD0,umask=0x81/u	401127	t_run_test	(/home/koga/autobench_perf/src/autobench/aifftr01_lite)
aifftr01_lite	77747	[017]	2603113.666375	64653	cpu/event=0xD0,umask=0x81/u	400d41	t_run_test	(/home/koga/autobench_perf/src/autobench/aifftr01_lite)
aifftr01_lite	77747	[017]	2603113.666473	64562	cpu/event=0xD0,umask=0x81/u	40156a	t_run_test	(/home/koga/autobench_perf/src/autobench/aifftr01_lite)
aifftr01_lite	77747	[017]	2603113.666575	64691	cpu/event=0xD0,umask=0x81/u	400fc1	t_run_test	(/home/koga/autobench_perf/src/autobench/aifftr01_lite)
aifftr01_lite	77747	[017]	2603113.666672	64567	cpu/event=0xD0,umask=0x81/u	401585	t_run_test	(/home/koga/autobench_perf/src/autobench/aifftr01_lite)
aifftr01_lite	77747	[017]	2603113.666772	64798	cpu/event=0xD0,umask=0x81/u	401141	t_run_test	(/home/koga/autobench_perf/src/autobench/aifftr01_lite)
aifftr01_lite	77747	[017]	2603113.666883	64740	cpu/event=0xD0,umask=0x81/u	400cec	t_run_test	(/home/koga/autobench_perf/src/autobench/aifftr01_lite)
aifftr01_lite	77747	[017]	2603113.667005	64041	cpu/event=0xD0,umask=0x81/u	40155f	t_run_test	(/home/koga/autobench_perf/src/autobench/aifftr01_lite)
aifftr01_lite	77747	[017]	2603113.667094	62581	cpu/event=0xD0,umask=0x81/u	400904	GetInputValues	(/home/koga/autobench_perf/src/autobench/aifftr01_lite)
aifftr01_lite	77747	[017]	2603113.667189	63546	cpu/event=0xD0,umask=0x81/u	40160f	t_run_test	(/home/koga/autobench_perf/src/autobench/aifftr01_lite)
aifftr01_lite	77747	[017]	2603113.667281	63952	cpu/event=0xD0,umask=0x81/u	401163	t_run_test	(/home/koga/autobench_perf/src/autobench/aifftr01_lite)
aifftr01_lite	77747	[017]	2603113.667376	64665	cpu/event=0xD0,umask=0x81/u	400d44	t_run_test	(/home/koga/autobench_perf/src/autobench/aifftr01_lite)
aifftr01_lite	77747	[017]	2603113.667466	65124	cpu/event=0xD0,umask=0x81/u	4013aa	t_run_test	(/home/koga/autobench_perf/src/autobench/aifftr01_lite)
aifftr01_lite	77747	[017]	2603113.667561	66047	cpu/event=0xD0,umask=0x81/u	400ca9	t_run_test	(/home/koga/autobench_perf/src/autobench/aifftr01_lite)
aifftr01_lite	77747	[017]	2603113.667655	66475	cpu/event=0xD0,umask=0x81/u	401571	t_run_test	(/home/koga/autobench_perf/src/autobench/aifftr01_lite)
aifftr01_lite	77747	[017]	2603113.667754	66967	cpu/event=0xD0,umask=0x81/u	401163	t_run_test	(/home/koga/autobench_perf/src/autobench/aifftr01_lite)
aifftr01_lite	77747	[017]	2603113.667848	67050	cpu/event=0xD0,umask=0x81/u	400d1a	t_run_test	(/home/koga/autobench_perf/src/autobench/aifftr01_lite)
aifftr01_lite	77747	[017]	2603113.667945	67608	cpu/event=0xD0,umask=0x81/u	401549	t_run_test	(/home/koga/autobench_perf/src/autobench/aifftr01_lite)
aifftr01_lite	77747	[017]	2603113.668043	67839	cpu/event=0xD0,umask=0x81/u	400fc1	t_run_test	(/home/koga/autobench_perf/src/autobench/aifftr01_lite)
aifftr01_lite	77747	[017]	2603113.668136	68022	cpu/event=0xD0,umask=0x81/u	401747	t_run_test	(/home/koga/autobench_perf/src/autobench/aifftr01_lite)
aifftr01_lite	77747	[017]	2603113.668236	68672	cpu/event=0xD0,umask=0x81/u	4010ce	t_run_test	(/home/koga/autobench_perf/src/autobench/aifftr01_lite)
aifftr01_lite	77747	[017]	2603113.668333	68650	cpu/event=0xD0,umask=0x81/u	400d36	t_run_test	(/home/koga/autobench_perf/src/autobench/aifftr01_lite)
aifftr01_lite	77747	[017]	2603113.668435	68919	cpu/event=0xD0,umask=0x81/u	401577	t_run_test	(/home/koga/autobench_perf/src/autobench/aifftr01_lite)
aifftr01_lite	77747	[017]	2603113.668536	68778	cpu/event=0xD0,umask=0x81/u	401144	t_run_test	(/home/koga/autobench_perf/src/autobench/aifftr01_lite)
aifftr01_lite	77747	[017]	2603113.668632	68691	cpu/event=0xD0,umask=0x81/u	400d25	t_run_test	(/home/koga/autobench_perf/src/autobench/aifftr01_lite)
aifftr01_lite	77747	[017]	2603113.668733	69033	cpu/event=0xD0,umask=0x81/u	401511	t_run_test	(/home/koga/autobench_perf/src/autobench/aifftr01_lite)
aifftr01_lite	77747	[017]	2603113.668832	69003	cpu/event=0xD0,umask=0x81/u	401144	t_run_test	(/home/koga/autobench_perf/src/autobench/aifftr01_lite)
aifftr01_lite	77747	[017]	2603113.668932	69025	cpu/event=0xD0,umask=0x81/u	400cf0	t_run_test	(/home/koga/autobench_perf/src/autobench/aifftr01_lite)
aifftr01_lite	77747	[017]	2603113.669033	69045	cpu/event=0xD0,umask=0x81/u	4013f1	t_run_test	(/home/koga/autobench_perf/src/autobench/aifftr01_lite)
aifftr01_lite	77747	[017]	2603113.669126	68997	cpu/event=0xD0,umask=0x81/u	400f2e	t_run_test	(/home/koga/autobench_perf/src/autobench/aifftr01_lite)
aifftr01_lite	77747	[017]	2603113.669227	69607	cpu/event=0xD0,umask=0x81/u	4014d6	t_run_test	(/home/koga/autobench_perf/src/autobench/aifftr01_lite)
aifftr01_lite	77747	[017]	2603113.669329	69533	cpu/event=0xD0,umask=0x81/u	40112d	t_run_test	(/home/koga/autobench_perf/src/autobench/aifftr01_lite)
aifftr01_lite	77747	[017]	2603113.669427	69319	cpu/event=0xD0,umask=0x81/u	400d30	t_run_test	(/home/koga/autobench_perf/src/autobench/aifftr01_lite)
aifftr01_lite	77747	[017]	2603113.669529	69529	cpu/event=0xD0,umask=0x81/u	4014d6	t_run_test	(/home/koga/autobench_perf/src/autobench/aifftr01_lite)
aifftr01_lite	77747	[017]	2603113.669630	69406	cpu/event=0xD0,umask=0x81/u	4010f6	t_run_test	(/home/koga/autobench_perf/src/autobench/aifftr01_lite)
aifftr01_lite	77747	[017]	2603113.669732	69269	cpu/event=0xD0,umask=0x81/u	400cf3	t_run_test	(/home/koga/autobench_perf/src/autobench/aifftr01_lite)
aifftr01_lite	77747	[017]	2603113.669833	69116	cpu/event=0xD0,umask=0x81/u	40156a	t_run_test	(/home/koga/autobench_perf/src/autobench/aifftr01_lite)
aifftr01_lite	77747	[017]	2603113.669933	69033	cpu/event=0xD0,umask=0x81/u	401152	t_run_test	(/home/koga/autobench_perf/src/autobench/aifftr01_lite)
aifftr01_lite	77747	[017]	2603113.670028	68988	cpu/event=0xD0,umask=0x81/u	400d4b	t_run_test	(/home/koga/autobench_perf/src/autobench/aifftr01_lite)
aifftr01_lite	77747	[017]	2603113.670128	69495	cpu/event=0xD0,umask=0x81/u	40158f	t_run_test	(/home/koga/autobench_perf/src/autobench/aifftr01_lite)
aifftr01_lite	77747	[017]	2603113.670229	69500	cpu/event=0xD0,umask=0x81/u	400fcf	t_run_test	(/home/koga/autobench_perf/src/autobench/aifftr01_lite)
aifftr01_lite	77747	[017]	2603113.670328	69444	cpu/event=0xD0,umask=0x81/u	401765	t_run_test	(/home/koga/autobench_perf/src/autobench/aifftr01_lite)
aifftr01_lite	77747	[017]	2603113.670429	69502	cpu/event=0xD0,umask=0x81/u	4011b5	t_run_test	(/home/koga/autobench_perf/src/autobench/aifftr01_lite)
aifftr01_lite	77747	[017]	2603113.670531	69392	cpu/event=0xD0,umask=0x81/u	400d30	t_run_test	(/home/koga/autobench_perf/src/autobench/aifftr01_lite)
aifftr01_lite	77747	[017]	2603113.670628	69235	cpu/event=0xD0,umask=0x81/u	401511	t_run_test	(/home/koga/autobench_perf/src/autobench/aifftr01_lite)
aifftr01_lite	77747	[017]	2603113.670730	69467	cpu/event=0xD0,umask=0x81/u	40113d	t_run_test	(/home/koga/autobench_perf/src/autobench/aifftr01_lite)
aifftr01_lite	77747	[017]	2603113.670832	69323	cpu/event=0xD0,umask=0x81/u	400c96	t_run_test	(/home/koga/autobench_perf/src/autobench/aifftr01_lite)
aifftr01_lite	77747	[017]	2603113.670933	69179	cpu/event=0xD0,umask=0x81/u	401566	t_run_test	(/home/koga/autobench_perf/src/autobench/aifftr01_lite)
aifftr01_lite	77747	[017]	2603113.671049	69014	cpu/event=0xD0,umask=0x81/u	40114b	t_run_test	(/home/koga/autobench_perf/src/autobench/aifftr01_lite)
aifftr01_lite	77747	[017]	2603113.671149	67865	cpu/event=0xD0,umask=0x81/u	400ccd	t_run_test	(/home/koga/autobench_perf/src/autobench/aifftr01_lite)
aifftr01_lite	77747	[017]	2603113.671248	67833	cpu/event=0xD0,umask=0x81/u	401549	t_run_test	(/home/koga/autobench_perf/src/autobench/aifftr01_lite)
aifftr01_lite	77747	[017]	2603113.671346	67961	cpu/event=0xD0,umask=0x81/u	400fcf	t_run_test	(/home/koga/autobench_perf/src/autobench/aifftr01_lite)
aifftr01_lite	77747	[017]	2603113.671444	68121	cpu/event=0xD0,umask=0x81/u	401747	t_run_test	(/home/koga/autobench_perf/src/autobench/aifftr01_lite)
aifftr01_lite	77747	[017]	2603113.671544	68313	cpu/event=0xD0,umask=0x81/u	4010f0	t_run_test	(/home/koga/autobench_perf/src/autobench/aifftr01_lite)
aifftr01_lite	77747	[017]	2603113.671646	68285	cpu/event=0xD0,umask=0x81/u	400d33	t_run_test	(/home/koga/autobench_perf/src/autobench/aifftr01_lite)
aifftr01_lite	77747	[017]	2603113.671747	68140	cpu/event=0xD0,umask=0x81/u	401514	t_run_test	(/home/koga/autobench_perf/src/autobench/aifftr01_lite)
aifftr01_lite	77747	[017]	2603113.671847	68070	cpu/event=0xD0,umask=0x81/u	401152	t_run_test	(/home/koga/autobench_perf/src/autobench/aifftr01_lite)
aifftr01_lite	77747	[017]	2603113.671947	68025	cpu/event=0xD0,umask=0x81/u	400cf7	t_run_test	(/home/koga/autobench_perf/src/autobench/aifftr01_lite)
aifftr01_lite	77747	[017]	2603113.672046	68045	cpu/event=0xD0,umask=0x81/u	401528	t_run_test	(/home/koga/autobench_perf/src/autobench/aifftr01_lite)
aifftr01_lite	77747	[017]	2603113.672144	68115	cpu/event=0xD0,umask=0x81/u	40114b	t_run_test	(/home/koga/autobench_perf/src/autobench/aifftr01_lite)
aifftr01_lite	77747	[017]	2603113.672245	68260	cpu/event=0xD0,umask=0x81/u	400b7a	t_run_test	(/home/koga/autobench_perf/src/autobench/aifftr01_lite)
aifftr01_lite	77747	[017]	2603113.672337	68250	cpu/event=0xD0,umask=0x81/u	4010e0	t_run_test	(/home/koga/autobench_perf/src/autobench/aifftr01_lite)
aifftr01_lite	77747	[017]	2603113.672438	68947	cpu/event=0xD0,umask=0x81/u	400d28	t_run_test	(/home/koga/autobench_perf/src/autobench/aifftr01_lite)
aifftr01_lite	77747	[017]	2603113.672539	68887	cpu/event=0xD0,umask=0x81/u	401577	t_run_test	(/home/koga/autobench_perf/src/autobench/aifftr01_lite)
aifftr01_lite	77747	[017]	2603113.672640	68743	cpu/event=0xD0,umask=0x81/u	4010b6	t_run_test	(/home/koga/autobench_perf/src/autobench/aifftr01_lite)
aifftr01_lite	77747	[017]	2603113.672741	68699	cpu/event=0xD0,umask=0x81/u	400d12	t_run_test	(/home/koga/autobench_perf/src/autobench/aifftr01_lite)
aifftr01_lite	77747	[017]	2603113.672842	68579	cpu/event=0xD0,umask=0x81/u	401544	t_run_test	(/home/koga/autobench_perf/src/autobench/aifftr01_lite)
aifftr01_lite	77747	[017]	2603113.672942	68560	cpu/event=0xD0,umask=0x81/u	401155	t_run_test	(/home/koga/autobench_perf/src/autobench/aifftr01_lite)
aifftr01_lite	77747	[017]	2603113.673041	68572	cpu/event=0xD0,umask=0x81/u	400d3d	t_run_test	(/home/koga/autobench_perf/src/autobench/aifftr01_lite)
aifftr01_lite	77747	[017]	2603113.673140	68659	cpu/event=0xD0,umask=0x81/u	40153b	t_run_test	(/home/koga/autobench_perf/src/autobench/aifftr01_lite)
aifftr01_lite	77747	[017]	2603113.673239	68675	cpu/event=0xD0,umask=0x81/u	400904	GetInputValues	(/home/koga/autobench_perf/src/autobench/aifftr01_lite)
aifftr01_lite	77747	[017]	2603113.673334	68754	cpu/event=0xD0,umask=0x81/u	4015d7	t_run_test	(/home/koga/autobench_perf/src/autobench/aifftr01_lite)
aifftr01_lite	77747	[017]	2603113.673436	69256	cpu/event=0xD0,umask=0x81/u	401155	t_run_test	(/home/koga/autobench_perf/src/autobench/aifftr01_lite)
aifftr01_lite	77747	[017]	2603113.673538	69109	cpu/event=0xD0,umask=0x81/u	400d0c	t_run_test	(/home/koga/autobench_perf/src/autobench/aifftr01_lite)
aifftr01_lite	77747	[017]	2603113.673640	68934	cpu/event=0xD0,umask=0x81/u	40150d	t_run_test	(/home/koga/autobench_perf/src/autobench/aifftr01_lite)
aifftr01_lite	77747	[017]	2603113.673741	68780	cpu/event=0xD0,umask=0x81/u	40116a	t_run_test	(/home/koga/autobench_perf/src/autobench/aifftr01_lite)
aifftr01_lite	77747	[017]	2603113.673842	68666	cpu/event=0xD0,umask=0x81/u	400d16	t_run_test	(/home/koga/autobench_perf/src/autobench/aifftr01_lite)
aifftr01_lite	77747	[017]	2603113.673942	68604	cpu/event=0xD0,umask=0x81/u	401538	t_run_test	(/home/koga/autobench_perf/src/autobench/aifftr01_lite)
aifftr01_lite	77747	[017]	2603113.674041	68589	cpu/event=0xD0,umask=0x81/u	401135	t_run_test	(/home/koga/autobench_perf/src/autobench/aifftr01_lite)
aifftr01_lite	77747	[017]	2603113.674140	68669	cpu/event=0xD0,umask=0x81/u	400d1a	t_run_test	(/home/koga/autobench_perf/src/autobench/aifftr01_lite)
aifftr01_lite	77747	[017]	2603113.674240	68740	cpu/event=0xD0,umask=0x81/u	4013aa	t_run_test	(/home/koga/autobench_perf/src/autobench/aifftr01_lite)
aifftr01_lite	77747	[017]	2603113.674338	68734	cpu/event=0xD0,umask=0x81/u	400ebc	t_run_test	(/home/koga/autobench_perf/src/autobench/aifftr01_lite)
aifftr01_lite	77747	[017]	2603113.674439	68919	cpu/event=0xD0,umask=0x81/u	401533	t_run_test	(/home/koga/autobench_perf/src/autobench/aifftr01_lite)
aifftr01_lite	77747	[017]	2603113.674540	68834	cpu/event=0xD0,umask=0x81/u	4010ae	t_run_test	(/home/koga/autobench_perf/src/autobench/aifftr01_lite)
aifftr01_lite	77747	[017]	2603113.674642	68720	cpu/event=0xD0,umask=0x81/u	400cc5	t_run_test	(/home/koga/autobench_perf/src/autobench/aifftr01_lite)
aifftr01_lite	77747	[017]	2603113.674738	68591	cpu/event=0xD0,umask=0x81/u	40159f	t_run_test	(/home/koga/autobench_perf/src/autobench/aifftr01_lite)
aifftr01_lite	77747	[017]	2603113.674839	68931	cpu/event=0xD0,umask=0x81/u	40116a	t_run_test	(/home/koga/autobench_perf/src/autobench/aifftr01_lite)
aifftr01_lite	77747	[017]	2603113.674939	68881	cpu/event=0xD0,umask=0x81/u	400ccd	t_run_test	(/home/koga/autobench_perf/src/autobench/aifftr01_lite)
aifftr01_lite	77747	[017]	2603113.675057	68778	cpu/event=0xD0,umask=0x81/u	401538	t_run_test	(/home/koga/autobench_perf/src/autobench/aifftr01_lite)
aifftr01_lite	77747	[017]	2603113.675165	67461	cpu/event=0xD0,umask=0x81/u	401148	t_run_test	(/home/koga/autobench_perf/src/autobench/aifftr01_lite)
aifftr01_lite	77747	[017]	2603113.675256	66851	cpu/event=0xD0,umask=0x81/u	400904	GetInputValues	(/home/koga/autobench_perf/src/autobench/aifftr01_lite)
aifftr01_lite	77747	[017]	2603113.675347	67645	cpu/event=0xD0,umask=0x81/u	40112d	t_run_test	(/home/koga/autobench_perf/src/autobench/aifftr01_lite)
aifftr01_lite	77747	[017]	2603113.675441	68516	cpu/event=0xD0,umask=0x81/u	400d85	t_run_test	(/home/koga/autobench_perf/src/autobench/aifftr01_lite)
aifftr01_lite	77747	[017]	2603113.675535	69091	cpu/event=0xD0,umask=0x81/u	401557	t_run_test	(/home/koga/autobench_perf/src/autobench/aifftr01_lite)
aifftr01_lite	77747	[017]	2603113.675629	69649	cpu/event=0xD0,umask=0x81/u	401117	t_run_test	(/home/koga/autobench_perf/src/autobench/aifftr01_lite)
aifftr01_lite	77747	[017]	2603113.675724	70157	cpu/event=0xD0,umask=0x81/u	400cc9	t_run_test	(/home/koga/autobench_perf/src/autobench/aifftr01_lite)
aifftr01_lite	77747	[017]	2603113.675819	70649	cpu/event=0xD0,umask=0x81/u	40155f	t_run_test	(/home/koga/autobench_perf/src/autobench/aifftr01_lite)
aifftr01_lite	77747	[017]	2603113.675913	71153	cpu/event=0xD0,umask=0x81/u	40116d	t_run_test	(/home/koga/autobench_perf/src/autobench/aifftr01_lite)
aifftr01_lite	77747	[017]	2603113.676009	71639	cpu/event=0xD0,umask=0x81/u	400d0f	t_run_test	(/home/koga/autobench_perf/src/autobench/aifftr01_lite)
aifftr01_lite	77747	[017]	2603113.676105	72061	cpu/event=0xD0,umask=0x81/u	401509	t_run_test	(/home/koga/autobench_perf/src/autobench/aifftr01_lite)
aifftr01_lite	77747	[017]	2603113.676202	72395	cpu/event=0xD0,umask=0x81/u	40114b	t_run_test	(/home/koga/autobench_perf/src/autobench/aifftr01_lite)
aifftr01_lite	77747	[017]	2603113.676299	72729	cpu/event=0xD0,umask=0x81/u	400c96	t_run_test	(/home/koga/autobench_perf/src/autobench/aifftr01_lite)
aifftr01_lite	77747	[017]	2603113.676397	72970	cpu/event=0xD0,umask=0x81/u	401517	t_run_test	(/home/koga/autobench_perf/src/autobench/aifftr01_lite)
aifftr01_lite	77747	[017]	2603113.676494	73190	cpu/event=0xD0,umask=0x81/u	401135	t_run_test	(/home/koga/autobench_perf/src/autobench/aifftr01_lite)
aifftr01_lite	77747	[017]	2603113.676592	73439	cpu/event=0xD0,umask=0x81/u	400d12	t_run_test	(/home/koga/autobench_perf/src/autobench/aifftr01_lite)
aifftr01_lite	77747	[017]	2603113.676691	73608	cpu/event=0xD0,umask=0x81/u	40156d	t_run_test	(/home/koga/autobench_perf/src/autobench/aifftr01_lite)
aifftr01_lite	77747	[017]	2603113.676789	73746	cpu/event=0xD0,umask=0x81/u	4010e8	t_run_test	(/home/koga/autobench_perf/src/autobench/aifftr01_lite)
aifftr01_lite	77747	[017]	2603113.676887	73923	cpu/event=0xD0,umask=0x81/u	400d16	t_run_test	(/home/koga/autobench_perf/src/autobench/aifftr01_lite)
aifftr01_lite	77747	[017]	2603113.676981	74070	cpu/event=0xD0,umask=0x81/u	401517	t_run_test	(/home/koga/autobench_perf/src/autobench/aifftr01_lite)
aifftr01_lite	77747	[017]	2603113.677079	74691	cpu/event=0xD0,umask=0x81/u	40116d	t_run_test	(/home/koga/autobench_perf/src/autobench/aifftr01_lite)
aifftr01_lite	77747	[017]	2603113.677178	74863	cpu/event=0xD0,umask=0x81/u	400c9e	t_run_test	(/home/koga/autobench_perf/src/autobench/aifftr01_lite)
aifftr01_lite	77747	[017]	2603113.677277	74987	cpu/event=0xD0,umask=0x81/u	401585	t_run_test	(/home/koga/autobench_perf/src/autobench/aifftr01_lite)
aifftr01_lite	77747	[017]	2603113.677376	75070	cpu/event=0xD0,umask=0x81/u	40116d	t_run_test	(/home/koga/autobench_perf/src/autobench/aifftr01_lite)
aifftr01_lite	77747	[017]	2603113.677476	75150	cpu/event=0xD0,umask=0x81/u	400c96	t_run_test	(/home/koga/autobench_perf/src/autobench/aifftr01_lite)
aifftr01_lite	77747	[017]	2603113.677574	75207	cpu/event=0xD0,umask=0x81/u	4015d1	t_run_test	(/home/koga/autobench_perf/src/autobench/aifftr01_lite)
aifftr01_lite	77747	[017]	2603113.677675	75334	cpu/event=0xD0,umask=0x81/u	400904	GetInputValues	(/home/koga/autobench_perf/src/autobench/aifftr01_lite)
aifftr01_lite	77747	[017]	2603113.677776	75251	cpu/event=0xD0,umask=0x81/u	400fc1	t_run_test	(/home/koga/autobench_perf/src/autobench/aifftr01_lite)
aifftr01_lite	77747	[017]	2603113.677876	75228	cpu/event=0xD0,umask=0x81/u	400d44	t_run_test	(/home/koga/autobench_perf/src/autobench/aifftr01_lite)
aifftr01_lite	77747	[017]	2603113.677976	75193	cpu/event=0xD0,umask=0x81/u	40150d	t_run_test	(/home/koga/autobench_perf/src/autobench/aifftr01_lite)
aifftr01_lite	77747	[017]	2603113.678077	75179	cpu/event=0xD0,umask=0x81/u	401135	t_run_test	(/home/koga/autobench_perf/src/autobench/aifftr01_lite)
aifftr01_lite	77747	[017]	2603113.678177	75126	cpu/event=0xD0,umask=0x81/u	400ccd	t_run_test	(/home/koga/autobench_perf/src/autobench/aifftr01_lite)
aifftr01_lite	77747	[017]	2603113.678277	75086	cpu/event=0xD0,umask=0x81/u	401528	t_run_test	(/home/koga/autobench_perf/src/autobench/aifftr01_lite)
aifftr01_lite	77747	[017]	2603113.678377	75088	cpu/event=0xD0,umask=0x81/u	40113d	t_run_test	(/home/koga/autobench_perf/src/autobench/aifftr01_lite)
aifftr01_lite	77747	[017]	2603113.678477	75074	cpu/event=0xD0,umask=0x81/u	400d4b	t_run_test	(/home/koga/autobench_perf/src/autobench/aifftr01_lite)
aifftr01_lite	77747	[017]	2603113.678571	75139	cpu/event=0xD0,umask=0x81/u	40156a	t_run_test	(/home/koga/autobench_perf/src/autobench/aifftr01_lite)
aifftr01_lite	77747	[017]	2603113.678671	75673	cpu/event=0xD0,umask=0x81/u	40111e	t_run_test	(/home/koga/autobench_perf/src/autobench/aifftr01_lite)
aifftr01_lite	77747	[017]	2603113.678770	75714	cpu/event=0xD0,umask=0x81/u	400d36	t_run_test	(/home/koga/autobench_perf/src/autobench/aifftr01_lite)
aifftr01_lite	77747	[017]	2603113.678870	75781	cpu/event=0xD0,umask=0x81/u	401747	t_run_test	(/home/koga/autobench_perf/src/autobench/aifftr01_lite)
aifftr01_lite	77747	[017]	2603113.678983	75596	cpu/event=0xD0,umask=0x81/u	4013f1	t_run_test	(/home/koga/autobench_perf/src/autobench/aifftr01_lite)
aifftr01_lite	77747	[017]	2603113.679085	74495	cpu/event=0xD0,umask=0x81/u	401122	t_run_test	(/home/koga/autobench_perf/src/autobench/aifftr01_lite)
aifftr01_lite	77747	[017]	2603113.679185	74313	cpu/event=0xD0,umask=0x81/u	400d41	t_run_test	(/home/koga/autobench_perf/src/autobench/aifftr01_lite)
aifftr01_lite	77747	[017]	2603113.679285	74298	cpu/event=0xD0,umask=0x81/u	401588	t_run_test	(/home/koga/autobench_perf/src/autobench/aifftr01_lite)
aifftr01_lite	77747	[017]	2603113.679384	74344	cpu/event=0xD0,umask=0x81/u	4010a9	t_run_test	(/home/koga/autobench_perf/src/autobench/aifftr01_lite)
aifftr01_lite	77747	[017]	2603113.679483	74434	cpu/event=0xD0,umask=0x81/u	400d0f	t_run_test	(/home/koga/autobench_perf/src/autobench/aifftr01_lite)
aifftr01_lite	77747	[017]	2603113.679582	74499	cpu/event=0xD0,umask=0x81/u	401528	t_run_test	(/home/koga/autobench_perf/src/autobench/aifftr01_lite)
aifftr01_lite	77747	[017]	2603113.679681	74589	cpu/event=0xD0,umask=0x81/u	4010ce	t_run_test	(/home/koga/autobench_perf/src/autobench/aifftr01_lite)
aifftr01_lite	77747	[017]	2603113.679780	74710	cpu/event=0xD0,umask=0x81/u	400d1a	t_run_test	(/home/koga/autobench_perf/src/autobench/aifftr01_lite)
aifftr01_lite	77747	[017]	2603113.679879	74793	cpu/event=0xD0,umask=0x81/u	40156d	t_run_test	(/home/koga/autobench_perf/src/autobench/aifftr01_lite)
aifftr01_lite	77747	[017]	2603113.679978	74900	cpu/event=0xD0,umask=0x81/u	4010ce	t_run_test	(/home/koga/autobench_perf/src/autobench/aifftr01_lite)
aifftr01_lite	77747	[017]	2603113.680077	74957	cpu/event=0xD0,umask=0x81/u	400d44	t_run_test	(/home/koga/autobench_perf/src/autobench/aifftr01_lite)
aifftr01_lite	77747	[017]	2603113.680172	75069	cpu/event=0xD0,umask=0x81/u	401553	t_run_test	(/home/koga/autobench_perf/src/autobench/aifftr01_lite)
aifftr01_lite	77747	[017]	2603113.680270	75632	cpu/event=0xD0,umask=0x81/u	4011c9	t_run_test	(/home/koga/autobench_perf/src/autobench/aifftr01_lite)
aifftr01_lite	77747	[017]	2603113.680372	75761	cpu/event=0xD0,umask=0x81/u	400904	GetInputValues	(/home/koga/autobench_perf/src/autobench/aifftr01_lite)
aifftr01_lite	77747	[017]	2603113.680473	75604	cpu/event=0xD0,umask=0x81/u	400d44	t_run_test	(/home/koga/autobench_perf/src/autobench/aifftr01_lite)
aifftr01_lite	77747	[017]	2603113.680574	75487	cpu/event=0xD0,umask=0x81/u	401577	t_run_test	(/home/koga/autobench_perf/src/autobench/aifftr01_lite)
aifftr01_lite	77747	[017]	2603113.680675	75384	cpu/event=0xD0,umask=0x81/u	40115c	t_run_test	(/home/koga/autobench_perf/src/autobench/aifftr01_lite)
aifftr01_lite	77747	[017]	2603113.680776	75335	cpu/event=0xD0,umask=0x81/u	400cc5	t_run_test	(/home/koga/autobench_perf/src/autobench/aifftr01_lite)
aifftr01_lite	77747	[017]	2603113.680876	75244	cpu/event=0xD0,umask=0x81/u	40156d	t_run_test	(/home/koga/autobench_perf/src/autobench/aifftr01_lite)
aifftr01_lite	77747	[017]	2603113.680976	75250	cpu/event=0xD0,umask=0x81/u	40114b	t_run_test	(/home/koga/autobench_perf/src/autobench/aifftr01_lite)
aifftr01_lite	77747	[017]	2603113.681075	75278	cpu/event=0xD0,umask=0x81/u	400d71	t_run_test	(/home/koga/autobench_perf/src/autobench/aifftr01_lite)
aifftr01_lite	77747	[017]	2603113.681175	75307	cpu/event=0xD0,umask=0x81/u	40150d	t_run_test	(/home/koga/autobench_perf/src/autobench/aifftr01_lite)
aifftr01_lite	77747	[017]	2603113.681274	75359	cpu/event=0xD0,umask=0x81/u	401186	t_run_test	(/home/koga/autobench_perf/src/autobench/aifftr01_lite)
aifftr01_lite	77747	[017]	2603113.681373	75412	cpu/event=0xD0,umask=0x81/u	400da5	t_run_test	(/home/koga/autobench_perf/src/autobench/aifftr01_lite)
aifftr01_lite	77747	[017]	2603113.681473	75495	cpu/event=0xD0,umask=0x81/u	401710	t_run_test	(/home/koga/autobench_perf/src/autobench/aifftr01_lite)
aifftr01_lite	77747	[017]	2603113.681570	75520	cpu/event=0xD0,umask=0x81/u	4013a2	t_run_test	(/home/koga/autobench_perf/src/autobench/aifftr01_lite)
aifftr01_lite	77747	[017]	2603113.681670	75765	cpu/event=0xD0,umask=0x81/u	401135	t_run_test	(/home/koga/autobench_perf/src/autobench/aifftr01_lite)
aifftr01_lite	77747	[017]	2603113.681771	75791	cpu/event=0xD0,umask=0x81/u	400db3	t_run_test	(/home/koga/autobench_perf/src/autobench/aifftr01_lite)
aifftr01_lite	77747	[017]	2603113.681872	75712	cpu/event=0xD0,umask=0x81/u	40158c	t_run_test	(/home/koga/autobench_perf/src/autobench/aifftr01_lite)
aifftr01_lite	77747	[017]	2603113.681973	75603	cpu/event=0xD0,umask=0x81/u	40116d	t_run_test	(/home/koga/autobench_perf/src/autobench/aifftr01_lite)
aifftr01_lite	77747	[017]	2603113.682073	75561	cpu/event=0xD0,umask=0x81/u	400d30	t_run_test	(/home/koga/autobench_perf/src/autobench/aifftr01_lite)
aifftr01_lite	77747	[017]	2603113.682173	75490	cpu/event=0xD0,umask=0x81/u	40159f	t_run_test	(/home/koga/autobench_perf/src/autobench/aifftr01_lite)
aifftr01_lite	77747	[017]	2603113.682272	75496	cpu/event=0xD0,umask=0x81/u	40113d	t_run_test	(/home/koga/autobench_perf/src/autobench/aifftr01_lite)
aifftr01_lite	77747	[017]	2603113.682372	75586	cpu/event=0xD0,umask=0x81/u	400d0c	t_run_test	(/home/koga/autobench_perf/src/autobench/aifftr01_lite)
aifftr01_lite	77747	[017]	2603113.682471	75627	cpu/event=0xD0,umask=0x81/u	40158f	t_run_test	(/home/koga/autobench_perf/src/autobench/aifftr01_lite)
aifftr01_lite	77747	[017]	2603113.682571	75701	cpu/event=0xD0,umask=0x81/u	4012c5	t_run_test	(/home/koga/autobench_perf/src/autobench/aifftr01_lite)
aifftr01_lite	77747	[017]	2603113.682673	75721	cpu/event=0xD0,umask=0x81/u	400f88	t_run_test	(/home/koga/autobench_perf/src/autobench/aifftr01_lite)
aifftr01_lite	77747	[017]	2603113.682774	75524	cpu/event=0xD0,umask=0x81/u	400cc0	t_run_test	(/home/koga/autobench_perf/src/autobench/aifftr01_lite)
aifftr01_lite	77747	[017]	2603113.682875	75445	cpu/event=0xD0,umask=0x81/u	40156a	t_run_test	(/home/koga/autobench_perf/src/autobench/aifftr01_lite)
aifftr01_lite	77747	[017]	2603113.682986	75377	cpu/event=0xD0,umask=0x81/u	401163	t_run_test	(/home/koga/autobench_perf/src/autobench/aifftr01_lite)
aifftr01_lite	77747	[017]	2603113.683088	74409	cpu/event=0xD0,umask=0x81/u	400c96	t_run_test	(/home/koga/autobench_perf/src/autobench/aifftr01_lite)
aifftr01_lite	77747	[017]	2603113.683182	74276	cpu/event=0xD0,umask=0x81/u	401500	t_run_test	(/home/koga/autobench_perf/src/autobench/aifftr01_lite)
aifftr01_lite	77747	[017]	2603113.683281	74803	cpu/event=0xD0,umask=0x81/u	401148	t_run_test	(/home/koga/autobench_perf/src/autobench/aifftr01_lite)
aifftr01_lite	77747	[017]	2603113.683380	74917	cpu/event=0xD0,umask=0x81/u	400ce4	t_run_test	(/home/koga/autobench_perf/src/autobench/aifftr01_lite)
aifftr01_lite	77747	[017]	2603113.683479	75035	cpu/event=0xD0,umask=0x81/u	401566	t_run_test	(/home/koga/autobench_perf/src/autobench/aifftr01_lite)
aifftr01_lite	77747	[017]	2603113.683579	75081	cpu/event=0xD0,umask=0x81/u	4010ec	t_run_test	(/home/koga/autobench_perf/src/autobench/aifftr01_lite)
aifftr01_lite	77747	[017]	2603113.683678	75166	cpu/event=0xD0,umask=0x81/u	400d1a	t_run_test	(/home/koga/autobench_perf/src/autobench/aifftr01_lite)
aifftr01_lite	77747	[017]	2603113.683776	75252	cpu/event=0xD0,umask=0x81/u	4014de	t_run_test	(/home/koga/autobench_perf/src/autobench/aifftr01_lite)
aifftr01_lite	77747	[017]	2603113.683876	75380	cpu/event=0xD0,umask=0x81/u	40132b	t_run_test	(/home/koga/autobench_perf/src/autobench/aifftr01_lite)
aifftr01_lite	77747	[017]	2603113.683977	75427	cpu/event=0xD0,umask=0x81/u	400f88	t_run_test	(/home/koga/autobench_perf/src/autobench/aifftr01_lite)
aifftr01_lite	77747	[017]	2603113.684078	75284	cpu/event=0xD0,umask=0x81/u	400d2c	t_run_test	(/home/koga/autobench_perf/src/autobench/aifftr01_lite)
aifftr01_lite	77747	[017]	2603113.684174	75238	cpu/event=0xD0,umask=0x81/u	401585	t_run_test	(/home/koga/autobench_perf/src/autobench/aifftr01_lite)
aifftr01_lite	77747	[017]	2603113.684274	75638	cpu/event=0xD0,umask=0x81/u	401148	t_run_test	(/home/koga/autobench_perf/src/autobench/aifftr01_lite)
aifftr01_lite	77747	[017]	2603113.684379	75603	cpu/event=0xD0,umask=0x81/u	400d3a	t_run_test	(/home/koga/autobench_perf/src/autobench/aifftr01_lite)
aifftr01_lite	77747	[017]	2603113.684475	75127	cpu/event=0xD0,umask=0x81/u	401528	t_run_test	(/home/koga/autobench_perf/src/autobench/aifftr01_lite)
aifftr01_lite	77747	[017]	2603113.684575	75576	cpu/event=0xD0,umask=0x81/u	4010ff	t_run_test	(/home/koga/autobench_perf/src/autobench/aifftr01_lite)
aifftr01_lite	77747	[017]	2603113.684675	75613	cpu/event=0xD0,umask=0x81/u	400d4e	t_run_test	(/home/koga/autobench_perf/src/autobench/aifftr01_lite)
aifftr01_lite	77747	[017]	2603113.684774	75610	cpu/event=0xD0,umask=0x81/u	401509	t_run_test	(/home/koga/autobench_perf/src/autobench/aifftr01_lite)
aifftr01_lite	77747	[017]	2603113.684874	75647	cpu/event=0xD0,umask=0x81/u	40116a	t_run_test	(/home/koga/autobench_perf/src/autobench/aifftr01_lite)
aifftr01_lite	77747	[017]	2603113.684973	75665	cpu/event=0xD0,umask=0x81/u	400d90	t_run_test	(/home/koga/autobench_perf/src/autobench/aifftr01_lite)
aifftr01_lite	77747	[017]	2603113.685074	75753	cpu/event=0xD0,umask=0x81/u	400904	GetInputValues	(/home/koga/autobench_perf/src/autobench/aifftr01_lite)
aifftr01_lite	77747	[017]	2603113.685175	75639	cpu/event=0xD0,umask=0x81/u	40155f	t_run_test	(/home/koga/autobench_perf/src/autobench/aifftr01_lite)
aifftr01_lite	77747	[017]	2603113.685276	75540	cpu/event=0xD0,umask=0x81/u	4010f0	t_run_test	(/home/koga/autobench_perf/src/autobench/aifftr01_lite)
aifftr01_lite	77747	[017]	2603113.685377	75457	cpu/event=0xD0,umask=0x81/u	400d16	t_run_test	(/home/koga/autobench_perf/src/autobench/aifftr01_lite)
aifftr01_lite	77747	[017]	2603113.685478	75361	cpu/event=0xD0,umask=0x81/u	401585	t_run_test	(/home/koga/autobench_perf/src/autobench/aifftr01_lite)
aifftr01_lite	77747	[017]	2603113.685578	75323	cpu/event=0xD0,umask=0x81/u	401163	t_run_test	(/home/koga/autobench_perf/src/autobench/aifftr01_lite)
aifftr01_lite	77747	[017]	2603113.685677	75347	cpu/event=0xD0,umask=0x81/u	400d96	t_run_test	(/home/koga/autobench_perf/src/autobench/aifftr01_lite)
aifftr01_lite	77747	[017]	2603113.685777	75387	cpu/event=0xD0,umask=0x81/u	401528	t_run_test	(/home/koga/autobench_perf/src/autobench/aifftr01_lite)
aifftr01_lite	77747	[017]	2603113.685876	75411	cpu/event=0xD0,umask=0x81/u	4010e8	t_run_test	(/home/koga/autobench_perf/src/autobench/aifftr01_lite)
aifftr01_lite	77747	[017]	2603113.685976	75481	cpu/event=0xD0,umask=0x81/u	400d41	t_run_test	(/home/koga/autobench_perf/src/autobench/aifftr01_lite)
aifftr01_lite	77747	[017]	2603113.686071	75516	cpu/event=0xD0,umask=0x81/u	4015cb	t_run_test	(/home/koga/autobench_perf/src/autobench/aifftr01_lite)
aifftr01_lite	77747	[017]	2603113.686170	76024	cpu/event=0xD0,umask=0x81/u	40132b	t_run_test	(/home/koga/autobench_perf/src/autobench/aifftr01_lite)
aifftr01_lite	77747	[017]	2603113.686273	76057	cpu/event=0xD0,umask=0x81/u	400fc1	t_run_test	(/home/koga/autobench_perf/src/autobench/aifftr01_lite)
aifftr01_lite	77747	[017]	2603113.686374	75800	cpu/event=0xD0,umask=0x81/u	400d00	t_run_test	(/home/koga/autobench_perf/src/autobench/aifftr01_lite)
aifftr01_lite	77747	[017]	2603113.686476	75686	cpu/event=0xD0,umask=0x81/u	401553	t_run_test	(/home/koga/autobench_perf/src/autobench/aifftr01_lite)
aifftr01_lite	77747	[017]	2603113.686576	75564	cpu/event=0xD0,umask=0x81/u	40116d	t_run_test	(/home/koga/autobench_perf/src/autobench/aifftr01_lite)
aifftr01_lite	77747	[017]	2603113.686677	75507	cpu/event=0xD0,umask=0x81/u	400d0c	t_run_test	(/home/koga/autobench_perf/src/autobench/aifftr01_lite)
aifftr01_lite	77747	[017]	2603113.686777	75463	cpu/event=0xD0,umask=0x81/u	401557	t_run_test	(/home/koga/autobench_perf/src/autobench/aifftr01_lite)
