aifftr01_lite	77109	[017]	2603061.108614	1	cpu/event=0xC5,umask=0x00/u	7f9875861a6b	_dl_start	(/lib/x86_64-linux-gnu/ld-2.23.so)
aifftr01_lite	77109	[017]	2603061.108619	1	cpu/event=0xC5,umask=0x00/u	7f9875861a4f	_dl_start	(/lib/x86_64-linux-gnu/ld-2.23.so)
aifftr01_lite	77109	[017]	2603061.108633	4	cpu/event=0xC5,umask=0x00/u	7f9875861a68	_dl_start	(/lib/x86_64-linux-gnu/ld-2.23.so)
aifftr01_lite	77109	[017]	2603061.108638	7	cpu/event=0xC5,umask=0x00/u	7f9875861a6b	_dl_start	(/lib/x86_64-linux-gnu/ld-2.23.so)
aifftr01_lite	77109	[017]	2603061.108655	24	cpu/event=0xC5,umask=0x00/u	7f9875861d3a	_dl_start	(/lib/x86_64-linux-gnu/ld-2.23.so)
aifftr01_lite	77109	[017]	2603061.108701	40	cpu/event=0xC5,umask=0x00/u	7f987587973f	_dl_sysdep_start	(/lib/x86_64-linux-gnu/ld-2.23.so)
aifftr01_lite	77109	[017]	2603061.108730	46	cpu/event=0xC5,umask=0x00/u	7f987586be5b	_dl_new_object	(/lib/x86_64-linux-gnu/ld-2.23.so)
aifftr01_lite	77109	[017]	2603061.108767	60	cpu/event=0xC5,umask=0x00/u	7f98758629c0	dl_main	(/lib/x86_64-linux-gnu/ld-2.23.so)
aifftr01_lite	77109	[017]	2603061.108804	74	cpu/event=0xC5,umask=0x00/u	7f987586f95e	_dl_important_hwcaps	(/lib/x86_64-linux-gnu/ld-2.23.so)
aifftr01_lite	77109	[017]	2603061.108867	90	cpu/event=0xC5,umask=0x00/u	7f9875878109	_dl_load_cache_lookup	(/lib/x86_64-linux-gnu/ld-2.23.so)
aifftr01_lite	77109	[017]	2603061.108913	97	cpu/event=0xC5,umask=0x00/u	7f987587dd60	mempcpy	(/lib/x86_64-linux-gnu/ld-2.23.so)
aifftr01_lite	77109	[017]	2603061.108997	112	cpu/event=0xC5,umask=0x00/u	7f987587def1	memcpy	(/lib/x86_64-linux-gnu/ld-2.23.so)
aifftr01_lite	77109	[017]	2603061.109109	115	cpu/event=0xC5,umask=0x00/u	7f9875868a74	_dl_map_object	(/lib/x86_64-linux-gnu/ld-2.23.so)
aifftr01_lite	77109	[017]	2603061.109145	115	cpu/event=0xC5,umask=0x00/u	7f987587c9c7	strcmp	(/lib/x86_64-linux-gnu/ld-2.23.so)
aifftr01_lite	77109	[017]	2603061.109278	141	cpu/event=0xC5,umask=0x00/u	7f987586aab4	_dl_lookup_symbol_x	(/lib/x86_64-linux-gnu/ld-2.23.so)
aifftr01_lite	77109	[017]	2603061.109344	138	cpu/event=0xC5,umask=0x00/u	7f987586a614	do_lookup_x	(/lib/x86_64-linux-gnu/ld-2.23.so)
aifftr01_lite	77109	[017]	2603061.109411	147	cpu/event=0xC5,umask=0x00/u	7f9875249552	__gettimeofday	(/lib/x86_64-linux-gnu/libc-2.23.so)
aifftr01_lite	77109	[017]	2603061.109465	156	cpu/event=0xC5,umask=0x00/u	7f987586aaad	_dl_lookup_symbol_x	(/lib/x86_64-linux-gnu/ld-2.23.so)
aifftr01_lite	77109	[017]	2603061.109552	173	cpu/event=0xC5,umask=0x00/u	7f98751ad577	dlinit_alt	(/lib/x86_64-linux-gnu/libc-2.23.so)
aifftr01_lite	77109	[017]	2603061.109596	177	cpu/event=0xC5,umask=0x00/u	7f98752d0343	_dl_addr	(/lib/x86_64-linux-gnu/libc-2.23.so)
aifftr01_lite	77109	[017]	2603061.109607	206	cpu/event=0xC5,umask=0x00/u	7f98752d0343	_dl_addr	(/lib/x86_64-linux-gnu/libc-2.23.so)
aifftr01_lite	77109	[017]	2603061.109618	411	cpu/event=0xC5,umask=0x00/u	7f98752d03c6	_dl_addr	(/lib/x86_64-linux-gnu/libc-2.23.so)
aifftr01_lite	77109	[017]	2603061.109651	803	cpu/event=0xC5,umask=0x00/u	7f98752d0343	_dl_addr	(/lib/x86_64-linux-gnu/libc-2.23.so)
aifftr01_lite	77109	[017]	2603061.109695	1013	cpu/event=0xC5,umask=0x00/u	7f98752d0343	_dl_addr	(/lib/x86_64-linux-gnu/libc-2.23.so)
aifftr01_lite	77109	[017]	2603061.110480	1171	cpu/event=0xC5,umask=0x00/u	4011c9	t_run_test	(/home/koga/autobench_perf/src/autobench/aifftr01_lite)
aifftr01_lite	77109	[017]	2603061.111718	931	cpu/event=0xC5,umask=0x00/u	400ebc	t_run_test	(/home/koga/autobench_perf/src/autobench/aifftr01_lite)
aifftr01_lite	77109	[017]	2603061.112849	825	cpu/event=0xC5,umask=0x00/u	401638	t_run_test	(/home/koga/autobench_perf/src/autobench/aifftr01_lite)
aifftr01_lite	77109	[017]	2603061.113849	732	cpu/event=0xC5,umask=0x00/u	4016fa	t_run_test	(/home/koga/autobench_perf/src/autobench/aifftr01_lite)
aifftr01_lite	77109	[017]	2603061.114744	651	cpu/event=0xC5,umask=0x00/u	400ebc	t_run_test	(/home/koga/autobench_perf/src/autobench/aifftr01_lite)
aifftr01_lite	77109	[017]	2603061.115542	519	cpu/event=0xC5,umask=0x00/u	4016fa	t_run_test	(/home/koga/autobench_perf/src/autobench/aifftr01_lite)
aifftr01_lite	77109	[017]	2603061.116183	464	cpu/event=0xC5,umask=0x00/u	4014b2	t_run_test	(/home/koga/autobench_perf/src/autobench/aifftr01_lite)
aifftr01_lite	77109	[017]	2603061.116745	416	cpu/event=0xC5,umask=0x00/u	400db3	t_run_test	(/home/koga/autobench_perf/src/autobench/aifftr01_lite)
aifftr01_lite	77109	[017]	2603061.117244	375	cpu/event=0xC5,umask=0x00/u	400c96	t_run_test	(/home/koga/autobench_perf/src/autobench/aifftr01_lite)
aifftr01_lite	77109	[017]	2603061.117733	339	cpu/event=0xC5,umask=0x00/u	400ba3	t_run_test	(/home/koga/autobench_perf/src/autobench/aifftr01_lite)
aifftr01_lite	77109	[017]	2603061.118139	307	cpu/event=0xC5,umask=0x00/u	4010b6	t_run_test	(/home/koga/autobench_perf/src/autobench/aifftr01_lite)
aifftr01_lite	77109	[017]	2603061.118511	279	cpu/event=0xC5,umask=0x00/u	401353	t_run_test	(/home/koga/autobench_perf/src/autobench/aifftr01_lite)
aifftr01_lite	77109	[017]	2603061.118868	255	cpu/event=0xC5,umask=0x00/u	401566	t_run_test	(/home/koga/autobench_perf/src/autobench/aifftr01_lite)
aifftr01_lite	77109	[017]	2603061.119201	215	cpu/event=0xC5,umask=0x00/u	40131d	t_run_test	(/home/koga/autobench_perf/src/autobench/aifftr01_lite)
aifftr01_lite	77109	[017]	2603061.119461	197	cpu/event=0xC5,umask=0x00/u	400c96	t_run_test	(/home/koga/autobench_perf/src/autobench/aifftr01_lite)
aifftr01_lite	77109	[017]	2603061.119716	183	cpu/event=0xC5,umask=0x00/u	4012de	t_run_test	(/home/koga/autobench_perf/src/autobench/aifftr01_lite)
aifftr01_lite	77109	[017]	2603061.119956	170	cpu/event=0xC5,umask=0x00/u	400ba3	t_run_test	(/home/koga/autobench_perf/src/autobench/aifftr01_lite)
aifftr01_lite	77109	[017]	2603061.120163	159	cpu/event=0xC5,umask=0x00/u	400cc9	t_run_test	(/home/koga/autobench_perf/src/autobench/aifftr01_lite)
aifftr01_lite	77109	[017]	2603061.120366	150	cpu/event=0xC5,umask=0x00/u	4010ae	t_run_test	(/home/koga/autobench_perf/src/autobench/aifftr01_lite)
aifftr01_lite	77109	[017]	2603061.120567	142	cpu/event=0xC5,umask=0x00/u	4012f8	t_run_test	(/home/koga/autobench_perf/src/autobench/aifftr01_lite)
aifftr01_lite	77109	[017]	2603061.120746	134	cpu/event=0xC5,umask=0x00/u	40130e	t_run_test	(/home/koga/autobench_perf/src/autobench/aifftr01_lite)
aifftr01_lite	77109	[017]	2603061.120914	128	cpu/event=0xC5,umask=0x00/u	401350	t_run_test	(/home/koga/autobench_perf/src/autobench/aifftr01_lite)
aifftr01_lite	77109	[017]	2603061.121085	123	cpu/event=0xC5,umask=0x00/u	4012fb	t_run_test	(/home/koga/autobench_perf/src/autobench/aifftr01_lite)
aifftr01_lite	77109	[017]	2603061.121251	118	cpu/event=0xC5,umask=0x00/u	401065	t_run_test	(/home/koga/autobench_perf/src/autobench/aifftr01_lite)
aifftr01_lite	77109	[017]	2603061.121394	113	cpu/event=0xC5,umask=0x00/u	4010be	t_run_test	(/home/koga/autobench_perf/src/autobench/aifftr01_lite)
aifftr01_lite	77109	[017]	2603061.121556	110	cpu/event=0xC5,umask=0x00/u	400fde	t_run_test	(/home/koga/autobench_perf/src/autobench/aifftr01_lite)
aifftr01_lite	77109	[017]	2603061.121701	106	cpu/event=0xC5,umask=0x00/u	400d4b	t_run_test	(/home/koga/autobench_perf/src/autobench/aifftr01_lite)
aifftr01_lite	77109	[017]	2603061.121849	103	cpu/event=0xC5,umask=0x00/u	400d03	t_run_test	(/home/koga/autobench_perf/src/autobench/aifftr01_lite)
aifftr01_lite	77109	[017]	2603061.121984	100	cpu/event=0xC5,umask=0x00/u	4014d6	t_run_test	(/home/koga/autobench_perf/src/autobench/aifftr01_lite)
aifftr01_lite	77109	[017]	2603061.122119	98	cpu/event=0xC5,umask=0x00/u	4012de	t_run_test	(/home/koga/autobench_perf/src/autobench/aifftr01_lite)
aifftr01_lite	77109	[017]	2603061.122257	96	cpu/event=0xC5,umask=0x00/u	4011d2	t_run_test	(/home/koga/autobench_perf/src/autobench/aifftr01_lite)
aifftr01_lite	77109	[017]	2603061.122376	94	cpu/event=0xC5,umask=0x00/u	400c96	t_run_test	(/home/koga/autobench_perf/src/autobench/aifftr01_lite)
aifftr01_lite	77109	[017]	2603061.122520	93	cpu/event=0xC5,umask=0x00/u	4016fa	t_run_test	(/home/koga/autobench_perf/src/autobench/aifftr01_lite)
aifftr01_lite	77109	[017]	2603061.122639	91	cpu/event=0xC5,umask=0x00/u	4012de	t_run_test	(/home/koga/autobench_perf/src/autobench/aifftr01_lite)
aifftr01_lite	77109	[017]	2603061.122760	90	cpu/event=0xC5,umask=0x00/u	400f2e	t_run_test	(/home/koga/autobench_perf/src/autobench/aifftr01_lite)
aifftr01_lite	77109	[017]	2603061.122873	89	cpu/event=0xC5,umask=0x00/u	40176f	t_run_test	(/home/koga/autobench_perf/src/autobench/aifftr01_lite)
aifftr01_lite	77109	[017]	2603061.122991	89	cpu/event=0xC5,umask=0x00/u	4012de	t_run_test	(/home/koga/autobench_perf/src/autobench/aifftr01_lite)
aifftr01_lite	77109	[017]	2603061.123104	89	cpu/event=0xC5,umask=0x00/u	400ebc	t_run_test	(/home/koga/autobench_perf/src/autobench/aifftr01_lite)
aifftr01_lite	77109	[017]	2603061.123242	89	cpu/event=0xC5,umask=0x00/u	40176c	t_run_test	(/home/koga/autobench_perf/src/autobench/aifftr01_lite)
aifftr01_lite	77109	[017]	2603061.123360	87	cpu/event=0xC5,umask=0x00/u	40130e	t_run_test	(/home/koga/autobench_perf/src/autobench/aifftr01_lite)
aifftr01_lite	77109	[017]	2603061.123473	87	cpu/event=0xC5,umask=0x00/u	400ebc	t_run_test	(/home/koga/autobench_perf/src/autobench/aifftr01_lite)
aifftr01_lite	77109	[017]	2603061.123579	87	cpu/event=0xC5,umask=0x00/u	401791	t_run_test	(/home/koga/autobench_perf/src/autobench/aifftr01_lite)
aifftr01_lite	77109	[017]	2603061.123686	87	cpu/event=0xC5,umask=0x00/u	4012f8	t_run_test	(/home/koga/autobench_perf/src/autobench/aifftr01_lite)
aifftr01_lite	77109	[017]	2603061.123767	87	cpu/event=0xC5,umask=0x00/u	400c96	t_run_test	(/home/koga/autobench_perf/src/autobench/aifftr01_lite)
aifftr01_lite	77109	[017]	2603061.123868	90	cpu/event=0xC5,umask=0x00/u	4014b2	t_run_test	(/home/koga/autobench_perf/src/autobench/aifftr01_lite)
aifftr01_lite	77109	[017]	2603061.123971	90	cpu/event=0xC5,umask=0x00/u	40119b	t_run_test	(/home/koga/autobench_perf/src/autobench/aifftr01_lite)
aifftr01_lite	77109	[017]	2603061.124087	90	cpu/event=0xC5,umask=0x00/u	400db3	t_run_test	(/home/koga/autobench_perf/src/autobench/aifftr01_lite)
aifftr01_lite	77109	[017]	2603061.124191	90	cpu/event=0xC5,umask=0x00/u	4015f4	t_run_test	(/home/koga/autobench_perf/src/autobench/aifftr01_lite)
aifftr01_lite	77109	[017]	2603061.124295	90	cpu/event=0xC5,umask=0x00/u	4011c9	t_run_test	(/home/koga/autobench_perf/src/autobench/aifftr01_lite)
aifftr01_lite	77109	[017]	2603061.124400	90	cpu/event=0xC5,umask=0x00/u	400cc5	t_run_test	(/home/koga/autobench_perf/src/autobench/aifftr01_lite)
aifftr01_lite	77109	[017]	2603061.124506	90	cpu/event=0xC5,umask=0x00/u	4014d6	t_run_test	(/home/koga/autobench_perf/src/autobench/aifftr01_lite)
aifftr01_lite	77109	[017]	2603061.124616	90	cpu/event=0xC5,umask=0x00/u	4010b6	t_run_test	(/home/koga/autobench_perf/src/autobench/aifftr01_lite)
aifftr01_lite	77109	[017]	2603061.124724	90	cpu/event=0xC5,umask=0x00/u	400c89	t_run_test	(/home/koga/autobench_perf/src/autobench/aifftr01_lite)
aifftr01_lite	77109	[017]	2603061.124841	90	cpu/event=0xC5,umask=0x00/u	4015f4	t_run_test	(/home/koga/autobench_perf/src/autobench/aifftr01_lite)
aifftr01_lite	77109	[017]	2603061.124940	90	cpu/event=0xC5,umask=0x00/u	4011bc	t_run_test	(/home/koga/autobench_perf/src/autobench/aifftr01_lite)
aifftr01_lite	77109	[017]	2603061.125042	90	cpu/event=0xC5,umask=0x00/u	400cc9	t_run_test	(/home/koga/autobench_perf/src/autobench/aifftr01_lite)
aifftr01_lite	77109	[017]	2603061.125146	90	cpu/event=0xC5,umask=0x00/u	4015de	t_run_test	(/home/koga/autobench_perf/src/autobench/aifftr01_lite)
aifftr01_lite	77109	[017]	2603061.125254	90	cpu/event=0xC5,umask=0x00/u	4011c9	t_run_test	(/home/koga/autobench_perf/src/autobench/aifftr01_lite)
aifftr01_lite	77109	[017]	2603061.125384	90	cpu/event=0xC5,umask=0x00/u	400dc8	t_run_test	(/home/koga/autobench_perf/src/autobench/aifftr01_lite)
aifftr01_lite	77109	[017]	2603061.125491	89	cpu/event=0xC5,umask=0x00/u	40176c	t_run_test	(/home/koga/autobench_perf/src/autobench/aifftr01_lite)
aifftr01_lite	77109	[017]	2603061.125600	89	cpu/event=0xC5,umask=0x00/u	40130e	t_run_test	(/home/koga/autobench_perf/src/autobench/aifftr01_lite)
aifftr01_lite	77109	[017]	2603061.125704	89	cpu/event=0xC5,umask=0x00/u	400ebc	t_run_test	(/home/koga/autobench_perf/src/autobench/aifftr01_lite)
aifftr01_lite	77109	[017]	2603061.125809	89	cpu/event=0xC5,umask=0x00/u	4016fa	t_run_test	(/home/koga/autobench_perf/src/autobench/aifftr01_lite)
aifftr01_lite	77109	[017]	2603061.125899	89	cpu/event=0xC5,umask=0x00/u	4011d2	t_run_test	(/home/koga/autobench_perf/src/autobench/aifftr01_lite)
aifftr01_lite	77109	[017]	2603061.126004	91	cpu/event=0xC5,umask=0x00/u	400db3	t_run_test	(/home/koga/autobench_perf/src/autobench/aifftr01_lite)
aifftr01_lite	77109	[017]	2603061.126121	91	cpu/event=0xC5,umask=0x00/u	4016fa	t_run_test	(/home/koga/autobench_perf/src/autobench/aifftr01_lite)
aifftr01_lite	77109	[017]	2603061.126231	91	cpu/event=0xC5,umask=0x00/u	4012f8	t_run_test	(/home/koga/autobench_perf/src/autobench/aifftr01_lite)
aifftr01_lite	77109	[017]	2603061.126347	91	cpu/event=0xC5,umask=0x00/u	400fc1	t_run_test	(/home/koga/autobench_perf/src/autobench/aifftr01_lite)
aifftr01_lite	77109	[017]	2603061.126462	91	cpu/event=0xC5,umask=0x00/u	400cae	t_run_test	(/home/koga/autobench_perf/src/autobench/aifftr01_lite)
aifftr01_lite	77109	[017]	2603061.126583	91	cpu/event=0xC5,umask=0x00/u	401538	t_run_test	(/home/koga/autobench_perf/src/autobench/aifftr01_lite)
aifftr01_lite	77109	[017]	2603061.126671	90	cpu/event=0xC5,umask=0x00/u	4010ae	t_run_test	(/home/koga/autobench_perf/src/autobench/aifftr01_lite)
aifftr01_lite	77109	[017]	2603061.126777	92	cpu/event=0xC5,umask=0x00/u	400c96	t_run_test	(/home/koga/autobench_perf/src/autobench/aifftr01_lite)
aifftr01_lite	77109	[017]	2603061.126887	92	cpu/event=0xC5,umask=0x00/u	40144e	t_run_test	(/home/koga/autobench_perf/src/autobench/aifftr01_lite)
aifftr01_lite	77109	[017]	2603061.126985	92	cpu/event=0xC5,umask=0x00/u	4011d2	t_run_test	(/home/koga/autobench_perf/src/autobench/aifftr01_lite)
aifftr01_lite	77109	[017]	2603061.127098	93	cpu/event=0xC5,umask=0x00/u	400c96	t_run_test	(/home/koga/autobench_perf/src/autobench/aifftr01_lite)
aifftr01_lite	77109	[017]	2603061.127242	93	cpu/event=0xC5,umask=0x00/u	4016fa	t_run_test	(/home/koga/autobench_perf/src/autobench/aifftr01_lite)
aifftr01_lite	77109	[017]	2603061.127350	91	cpu/event=0xC5,umask=0x00/u	4012de	t_run_test	(/home/koga/autobench_perf/src/autobench/aifftr01_lite)
aifftr01_lite	77109	[017]	2603061.127461	91	cpu/event=0xC5,umask=0x00/u	400f6a	t_run_test	(/home/koga/autobench_perf/src/autobench/aifftr01_lite)
aifftr01_lite	77109	[017]	2603061.127571	91	cpu/event=0xC5,umask=0x00/u	400be8	t_run_test	(/home/koga/autobench_perf/src/autobench/aifftr01_lite)
aifftr01_lite	77109	[017]	2603061.127679	91	cpu/event=0xC5,umask=0x00/u	4015eb	t_run_test	(/home/koga/autobench_perf/src/autobench/aifftr01_lite)
aifftr01_lite	77109	[017]	2603061.127772	91	cpu/event=0xC5,umask=0x00/u	400ebc	t_run_test	(/home/koga/autobench_perf/src/autobench/aifftr01_lite)
aifftr01_lite	77109	[017]	2603061.127878	92	cpu/event=0xC5,umask=0x00/u	40176c	t_run_test	(/home/koga/autobench_perf/src/autobench/aifftr01_lite)
aifftr01_lite	77109	[017]	2603061.127991	92	cpu/event=0xC5,umask=0x00/u	4013a2	t_run_test	(/home/koga/autobench_perf/src/autobench/aifftr01_lite)
aifftr01_lite	77109	[017]	2603061.128113	92	cpu/event=0xC5,umask=0x00/u	401084	t_run_test	(/home/koga/autobench_perf/src/autobench/aifftr01_lite)
aifftr01_lite	77109	[017]	2603061.128224	91	cpu/event=0xC5,umask=0x00/u	400dc2	t_run_test	(/home/koga/autobench_perf/src/autobench/aifftr01_lite)
aifftr01_lite	77109	[017]	2603061.128336	91	cpu/event=0xC5,umask=0x00/u	40144e	t_run_test	(/home/koga/autobench_perf/src/autobench/aifftr01_lite)
aifftr01_lite	77109	[017]	2603061.128447	91	cpu/event=0xC5,umask=0x00/u	40119b	t_run_test	(/home/koga/autobench_perf/src/autobench/aifftr01_lite)
aifftr01_lite	77109	[017]	2603061.128547	91	cpu/event=0xC5,umask=0x00/u	400d9d	t_run_test	(/home/koga/autobench_perf/src/autobench/aifftr01_lite)
aifftr01_lite	77109	[017]	2603061.128662	91	cpu/event=0xC5,umask=0x00/u	40160f	t_run_test	(/home/koga/autobench_perf/src/autobench/aifftr01_lite)
aifftr01_lite	77109	[017]	2603061.128772	91	cpu/event=0xC5,umask=0x00/u	401229	t_run_test	(/home/koga/autobench_perf/src/autobench/aifftr01_lite)
aifftr01_lite	77109	[017]	2603061.128871	91	cpu/event=0xC5,umask=0x00/u	400c96	t_run_test	(/home/koga/autobench_perf/src/autobench/aifftr01_lite)
aifftr01_lite	77109	[017]	2603061.128987	91	cpu/event=0xC5,umask=0x00/u	40178e	t_run_test	(/home/koga/autobench_perf/src/autobench/aifftr01_lite)
aifftr01_lite	77109	[017]	2603061.129097	91	cpu/event=0xC5,umask=0x00/u	40133f	t_run_test	(/home/koga/autobench_perf/src/autobench/aifftr01_lite)
aifftr01_lite	77109	[017]	2603061.129208	91	cpu/event=0xC5,umask=0x00/u	400fde	t_run_test	(/home/koga/autobench_perf/src/autobench/aifftr01_lite)
aifftr01_lite	77109	[017]	2603061.129320	91	cpu/event=0xC5,umask=0x00/u	400c96	t_run_test	(/home/koga/autobench_perf/src/autobench/aifftr01_lite)
aifftr01_lite	77109	[017]	2603061.129429	91	cpu/event=0xC5,umask=0x00/u	4015f4	t_run_test	(/home/koga/autobench_perf/src/autobench/aifftr01_lite)
aifftr01_lite	77109	[017]	2603061.129522	91	cpu/event=0xC5,umask=0x00/u	401135	t_run_test	(/home/koga/autobench_perf/src/autobench/aifftr01_lite)
aifftr01_lite	77109	[017]	2603061.129639	92	cpu/event=0xC5,umask=0x00/u	400c96	t_run_test	(/home/koga/autobench_perf/src/autobench/aifftr01_lite)
aifftr01_lite	77109	[017]	2603061.129761	92	cpu/event=0xC5,umask=0x00/u	40160f	t_run_test	(/home/koga/autobench_perf/src/autobench/aifftr01_lite)
aifftr01_lite	77109	[017]	2603061.129879	91	cpu/event=0xC5,umask=0x00/u	401186	t_run_test	(/home/koga/autobench_perf/src/autobench/aifftr01_lite)
aifftr01_lite	77109	[017]	2603061.129985	91	cpu/event=0xC5,umask=0x00/u	400eae	t_run_test	(/home/koga/autobench_perf/src/autobench/aifftr01_lite)
aifftr01_lite	77109	[017]	2603061.130096	91	cpu/event=0xC5,umask=0x00/u	40175b	t_run_test	(/home/koga/autobench_perf/src/autobench/aifftr01_lite)
aifftr01_lite	77109	[017]	2603061.130205	91	cpu/event=0xC5,umask=0x00/u	4013a2	t_run_test	(/home/koga/autobench_perf/src/autobench/aifftr01_lite)
aifftr01_lite	77109	[017]	2603061.130306	91	cpu/event=0xC5,umask=0x00/u	400f53	t_run_test	(/home/koga/autobench_perf/src/autobench/aifftr01_lite)
aifftr01_lite	77109	[017]	2603061.130411	91	cpu/event=0xC5,umask=0x00/u	40176c	t_run_test	(/home/koga/autobench_perf/src/autobench/aifftr01_lite)
aifftr01_lite	77109	[017]	2603061.130514	91	cpu/event=0xC5,umask=0x00/u	40130e	t_run_test	(/home/koga/autobench_perf/src/autobench/aifftr01_lite)
aifftr01_lite	77109	[017]	2603061.130619	91	cpu/event=0xC5,umask=0x00/u	400f3f	t_run_test	(/home/koga/autobench_perf/src/autobench/aifftr01_lite)
aifftr01_lite	77109	[017]	2603061.130734	91	cpu/event=0xC5,umask=0x00/u	400ba3	t_run_test	(/home/koga/autobench_perf/src/autobench/aifftr01_lite)
aifftr01_lite	77109	[017]	2603061.130850	91	cpu/event=0xC5,umask=0x00/u	4015f4	t_run_test	(/home/koga/autobench_perf/src/autobench/aifftr01_lite)
aifftr01_lite	77109	[017]	2603061.130958	91	cpu/event=0xC5,umask=0x00/u	4011ed	t_run_test	(/home/koga/autobench_perf/src/autobench/aifftr01_lite)
aifftr01_lite	77109	[017]	2603061.131065	91	cpu/event=0xC5,umask=0x00/u	400db3	t_run_test	(/home/koga/autobench_perf/src/autobench/aifftr01_lite)
aifftr01_lite	77109	[017]	2603061.131173	91	cpu/event=0xC5,umask=0x00/u	40160f	t_run_test	(/home/koga/autobench_perf/src/autobench/aifftr01_lite)
aifftr01_lite	77109	[017]	2603061.131286	91	cpu/event=0xC5,umask=0x00/u	4010ff	t_run_test	(/home/koga/autobench_perf/src/autobench/aifftr01_lite)
aifftr01_lite	77109	[017]	2603061.131393	91	cpu/event=0xC5,umask=0x00/u	400cae	t_run_test	(/home/koga/autobench_perf/src/autobench/aifftr01_lite)
aifftr01_lite	77109	[017]	2603061.131515	91	cpu/event=0xC5,umask=0x00/u	4015eb	t_run_test	(/home/koga/autobench_perf/src/autobench/aifftr01_lite)
aifftr01_lite	77109	[017]	2603061.131616	90	cpu/event=0xC5,umask=0x00/u	4010b6	t_run_test	(/home/koga/autobench_perf/src/autobench/aifftr01_lite)
aifftr01_lite	77109	[017]	2603061.131713	90	cpu/event=0xC5,umask=0x00/u	400ccd	t_run_test	(/home/koga/autobench_perf/src/autobench/aifftr01_lite)
aifftr01_lite	77109	[017]	2603061.131818	91	cpu/event=0xC5,umask=0x00/u	40144e	t_run_test	(/home/koga/autobench_perf/src/autobench/aifftr01_lite)
aifftr01_lite	77109	[017]	2603061.131936	91	cpu/event=0xC5,umask=0x00/u	4012de	t_run_test	(/home/koga/autobench_perf/src/autobench/aifftr01_lite)
aifftr01_lite	77109	[017]	2603061.132026	91	cpu/event=0xC5,umask=0x00/u	400c96	t_run_test	(/home/koga/autobench_perf/src/autobench/aifftr01_lite)
aifftr01_lite	77109	[017]	2603061.132130	93	cpu/event=0xC5,umask=0x00/u	4016fa	t_run_test	(/home/koga/autobench_perf/src/autobench/aifftr01_lite)
aifftr01_lite	77109	[017]	2603061.132228	93	cpu/event=0xC5,umask=0x00/u	4012de	t_run_test	(/home/koga/autobench_perf/src/autobench/aifftr01_lite)
aifftr01_lite	77109	[017]	2603061.132327	94	cpu/event=0xC5,umask=0x00/u	400f31	t_run_test	(/home/koga/autobench_perf/src/autobench/aifftr01_lite)
aifftr01_lite	77109	[017]	2603061.132424	94	cpu/event=0xC5,umask=0x00/u	40175b	t_run_test	(/home/koga/autobench_perf/src/autobench/aifftr01_lite)
aifftr01_lite	77109	[017]	2603061.132524	95	cpu/event=0xC5,umask=0x00/u	400935	GetInputValues	(/home/koga/autobench_perf/src/autobench/aifftr01_lite)
aifftr01_lite	77109	[017]	2603061.132626	95	cpu/event=0xC5,umask=0x00/u	4011d2	t_run_test	(/home/koga/autobench_perf/src/autobench/aifftr01_lite)
aifftr01_lite	77109	[017]	2603061.132723	95	cpu/event=0xC5,umask=0x00/u	400daa	t_run_test	(/home/koga/autobench_perf/src/autobench/aifftr01_lite)
aifftr01_lite	77109	[017]	2603061.132826	96	cpu/event=0xC5,umask=0x00/u	4014c9	t_run_test	(/home/koga/autobench_perf/src/autobench/aifftr01_lite)
aifftr01_lite	77109	[017]	2603061.132928	96	cpu/event=0xC5,umask=0x00/u	4011ed	t_run_test	(/home/koga/autobench_perf/src/autobench/aifftr01_lite)
aifftr01_lite	77109	[017]	2603061.133044	96	cpu/event=0xC5,umask=0x00/u	400c8e	t_run_test	(/home/koga/autobench_perf/src/autobench/aifftr01_lite)
aifftr01_lite	77109	[017]	2603061.133146	96	cpu/event=0xC5,umask=0x00/u	4016fa	t_run_test	(/home/koga/autobench_perf/src/autobench/aifftr01_lite)
aifftr01_lite	77109	[017]	2603061.133239	96	cpu/event=0xC5,umask=0x00/u	4010b6	t_run_test	(/home/koga/autobench_perf/src/autobench/aifftr01_lite)
aifftr01_lite	77109	[017]	2603061.133330	97	cpu/event=0xC5,umask=0x00/u	400db3	t_run_test	(/home/koga/autobench_perf/src/autobench/aifftr01_lite)
aifftr01_lite	77109	[017]	2603061.133433	98	cpu/event=0xC5,umask=0x00/u	4016fa	t_run_test	(/home/koga/autobench_perf/src/autobench/aifftr01_lite)
aifftr01_lite	77109	[017]	2603061.133532	98	cpu/event=0xC5,umask=0x00/u	401353	t_run_test	(/home/koga/autobench_perf/src/autobench/aifftr01_lite)
aifftr01_lite	77109	[017]	2603061.133642	99	cpu/event=0xC5,umask=0x00/u	4011d2	t_run_test	(/home/koga/autobench_perf/src/autobench/aifftr01_lite)
aifftr01_lite	77109	[017]	2603061.133746	99	cpu/event=0xC5,umask=0x00/u	400c96	t_run_test	(/home/koga/autobench_perf/src/autobench/aifftr01_lite)
aifftr01_lite	77109	[017]	2603061.133865	99	cpu/event=0xC5,umask=0x00/u	4014d6	t_run_test	(/home/koga/autobench_perf/src/autobench/aifftr01_lite)
aifftr01_lite	77109	[017]	2603061.133966	98	cpu/event=0xC5,umask=0x00/u	401350	t_run_test	(/home/koga/autobench_perf/src/autobench/aifftr01_lite)
aifftr01_lite	77109	[017]	2603061.134072	98	cpu/event=0xC5,umask=0x00/u	4011c9	t_run_test	(/home/koga/autobench_perf/src/autobench/aifftr01_lite)
aifftr01_lite	77109	[017]	2603061.134176	98	cpu/event=0xC5,umask=0x00/u	400c96	t_run_test	(/home/koga/autobench_perf/src/autobench/aifftr01_lite)
aifftr01_lite	77109	[017]	2603061.134281	98	cpu/event=0xC5,umask=0x00/u	4014c9	t_run_test	(/home/koga/autobench_perf/src/autobench/aifftr01_lite)
aifftr01_lite	77109	[017]	2603061.134395	98	cpu/event=0xC5,umask=0x00/u	4012de	t_run_test	(/home/koga/autobench_perf/src/autobench/aifftr01_lite)
aifftr01_lite	77109	[017]	2603061.134491	98	cpu/event=0xC5,umask=0x00/u	400ebc	t_run_test	(/home/koga/autobench_perf/src/autobench/aifftr01_lite)
aifftr01_lite	77109	[017]	2603061.134593	99	cpu/event=0xC5,umask=0x00/u	400933	GetInputValues	(/home/koga/autobench_perf/src/autobench/aifftr01_lite)
aifftr01_lite	77109	[017]	2603061.134698	99	cpu/event=0xC5,umask=0x00/u	4015f4	t_run_test	(/home/koga/autobench_perf/src/autobench/aifftr01_lite)
aifftr01_lite	77109	[017]	2603061.134799	99	cpu/event=0xC5,umask=0x00/u	401112	t_run_test	(/home/koga/autobench_perf/src/autobench/aifftr01_lite)
aifftr01_lite	77109	[017]	2603061.134907	99	cpu/event=0xC5,umask=0x00/u	400dc8	t_run_test	(/home/koga/autobench_perf/src/autobench/aifftr01_lite)
aifftr01_lite	77109	[017]	2603061.135020	99	cpu/event=0xC5,umask=0x00/u	40176f	t_run_test	(/home/koga/autobench_perf/src/autobench/aifftr01_lite)
aifftr01_lite	77109	[017]	2603061.135132	99	cpu/event=0xC5,umask=0x00/u	4015f4	t_run_test	(/home/koga/autobench_perf/src/autobench/aifftr01_lite)
aifftr01_lite	77109	[017]	2603061.135244	99	cpu/event=0xC5,umask=0x00/u	401107	t_run_test	(/home/koga/autobench_perf/src/autobench/aifftr01_lite)
aifftr01_lite	77109	[017]	2603061.135361	99	cpu/event=0xC5,umask=0x00/u	400de1	t_run_test	(/home/koga/autobench_perf/src/autobench/aifftr01_lite)
aifftr01_lite	77109	[017]	2603061.135471	98	cpu/event=0xC5,umask=0x00/u	400c21	t_run_test	(/home/koga/autobench_perf/src/autobench/aifftr01_lite)
aifftr01_lite	77109	[017]	2603061.135577	98	cpu/event=0xC5,umask=0x00/u	4014d6	t_run_test	(/home/koga/autobench_perf/src/autobench/aifftr01_lite)
aifftr01_lite	77109	[017]	2603061.135685	98	cpu/event=0xC5,umask=0x00/u	4010b6	t_run_test	(/home/koga/autobench_perf/src/autobench/aifftr01_lite)
aifftr01_lite	77109	[017]	2603061.135790	98	cpu/event=0xC5,umask=0x00/u	400cc5	t_run_test	(/home/koga/autobench_perf/src/autobench/aifftr01_lite)
aifftr01_lite	77109	[017]	2603061.135894	98	cpu/event=0xC5,umask=0x00/u	40178e	t_run_test	(/home/koga/autobench_perf/src/autobench/aifftr01_lite)
aifftr01_lite	77109	[017]	2603061.135992	98	cpu/event=0xC5,umask=0x00/u	401381	t_run_test	(/home/koga/autobench_perf/src/autobench/aifftr01_lite)
aifftr01_lite	77109	[017]	2603061.136101	99	cpu/event=0xC5,umask=0x00/u	4010e4	t_run_test	(/home/koga/autobench_perf/src/autobench/aifftr01_lite)
aifftr01_lite	77109	[017]	2603061.136212	99	cpu/event=0xC5,umask=0x00/u	400ddb	t_run_test	(/home/koga/autobench_perf/src/autobench/aifftr01_lite)
aifftr01_lite	77109	[017]	2603061.136331	99	cpu/event=0xC5,umask=0x00/u	400b58	t_run_test	(/home/koga/autobench_perf/src/autobench/aifftr01_lite)
aifftr01_lite	77109	[017]	2603061.136439	98	cpu/event=0xC5,umask=0x00/u	4014de	t_run_test	(/home/koga/autobench_perf/src/autobench/aifftr01_lite)
aifftr01_lite	77109	[017]	2603061.136563	98	cpu/event=0xC5,umask=0x00/u	4012de	t_run_test	(/home/koga/autobench_perf/src/autobench/aifftr01_lite)
aifftr01_lite	77109	[017]	2603061.136672	97	cpu/event=0xC5,umask=0x00/u	4010be	t_run_test	(/home/koga/autobench_perf/src/autobench/aifftr01_lite)
aifftr01_lite	77109	[017]	2603061.136784	97	cpu/event=0xC5,umask=0x00/u	400ddb	t_run_test	(/home/koga/autobench_perf/src/autobench/aifftr01_lite)
aifftr01_lite	77109	[017]	2603061.136896	97	cpu/event=0xC5,umask=0x00/u	4016fa	t_run_test	(/home/koga/autobench_perf/src/autobench/aifftr01_lite)
aifftr01_lite	77109	[017]	2603061.136996	97	cpu/event=0xC5,umask=0x00/u	401388	t_run_test	(/home/koga/autobench_perf/src/autobench/aifftr01_lite)
aifftr01_lite	77109	[017]	2603061.137095	97	cpu/event=0xC5,umask=0x00/u	400f80	t_run_test	(/home/koga/autobench_perf/src/autobench/aifftr01_lite)
aifftr01_lite	77109	[017]	2603061.137205	97	cpu/event=0xC5,umask=0x00/u	400c96	t_run_test	(/home/koga/autobench_perf/src/autobench/aifftr01_lite)
aifftr01_lite	77109	[017]	2603061.137326	97	cpu/event=0xC5,umask=0x00/u	4015de	t_run_test	(/home/koga/autobench_perf/src/autobench/aifftr01_lite)
aifftr01_lite	77109	[017]	2603061.137428	96	cpu/event=0xC5,umask=0x00/u	4012de	t_run_test	(/home/koga/autobench_perf/src/autobench/aifftr01_lite)
aifftr01_lite	77109	[017]	2603061.137522	96	cpu/event=0xC5,umask=0x00/u	400f53	t_run_test	(/home/koga/autobench_perf/src/autobench/aifftr01_lite)
aifftr01_lite	77109	[017]	2603061.137639	97	cpu/event=0xC5,umask=0x00/u	400c96	t_run_test	(/home/koga/autobench_perf/src/autobench/aifftr01_lite)
aifftr01_lite	77109	[017]	2603061.137760	97	cpu/event=0xC5,umask=0x00/u	4016fa	t_run_test	(/home/koga/autobench_perf/src/autobench/aifftr01_lite)
aifftr01_lite	77109	[017]	2603061.137852	96	cpu/event=0xC5,umask=0x00/u	4012de	t_run_test	(/home/koga/autobench_perf/src/autobench/aifftr01_lite)
aifftr01_lite	77109	[017]	2603061.137950	97	cpu/event=0xC5,umask=0x00/u	400f3f	t_run_test	(/home/koga/autobench_perf/src/autobench/aifftr01_lite)
aifftr01_lite	77109	[017]	2603061.138061	98	cpu/event=0xC5,umask=0x00/u	400c96	t_run_test	(/home/koga/autobench_perf/src/autobench/aifftr01_lite)
aifftr01_lite	77109	[017]	2603061.138163	98	cpu/event=0xC5,umask=0x00/u	40150d	t_run_test	(/home/koga/autobench_perf/src/autobench/aifftr01_lite)
aifftr01_lite	77109	[017]	2603061.138260	98	cpu/event=0xC5,umask=0x00/u	4010be	t_run_test	(/home/koga/autobench_perf/src/autobench/aifftr01_lite)
aifftr01_lite	77109	[017]	2603061.138382	99	cpu/event=0xC5,umask=0x00/u	400ebc	t_run_test	(/home/koga/autobench_perf/src/autobench/aifftr01_lite)
aifftr01_lite	77109	[017]	2603061.138487	98	cpu/event=0xC5,umask=0x00/u	400be8	t_run_test	(/home/koga/autobench_perf/src/autobench/aifftr01_lite)
aifftr01_lite	77109	[017]	2603061.138608	98	cpu/event=0xC5,umask=0x00/u	40144e	t_run_test	(/home/koga/autobench_perf/src/autobench/aifftr01_lite)
aifftr01_lite	77109	[017]	2603061.138717	97	cpu/event=0xC5,umask=0x00/u	401350	t_run_test	(/home/koga/autobench_perf/src/autobench/aifftr01_lite)
aifftr01_lite	77109	[017]	2603061.138833	97	cpu/event=0xC5,umask=0x00/u	40111a	t_run_test	(/home/koga/autobench_perf/src/autobench/aifftr01_lite)
aifftr01_lite	77109	[017]	2603061.138946	97	cpu/event=0xC5,umask=0x00/u	400ddb	t_run_test	(/home/koga/autobench_perf/src/autobench/aifftr01_lite)
aifftr01_lite	77109	[017]	2603061.139050	97	cpu/event=0xC5,umask=0x00/u	4017a8	t_run_test	(/home/koga/autobench_perf/src/autobench/aifftr01_lite)
aifftr01_lite	77109	[017]	2603061.139147	97	cpu/event=0xC5,umask=0x00/u	401353	t_run_test	(/home/koga/autobench_perf/src/autobench/aifftr01_lite)
aifftr01_lite	77109	[017]	2603061.139260	98	cpu/event=0xC5,umask=0x00/u	400fc1	t_run_test	(/home/koga/autobench_perf/src/autobench/aifftr01_lite)
aifftr01_lite	77109	[017]	2603061.139363	98	cpu/event=0xC5,umask=0x00/u	400db3	t_run_test	(/home/koga/autobench_perf/src/autobench/aifftr01_lite)
aifftr01_lite	77109	[017]	2603061.139469	98	cpu/event=0xC5,umask=0x00/u	4014d6	t_run_test	(/home/koga/autobench_perf/src/autobench/aifftr01_lite)
aifftr01_lite	77109	[017]	2603061.139580	98	cpu/event=0xC5,umask=0x00/u	4011ed	t_run_test	(/home/koga/autobench_perf/src/autobench/aifftr01_lite)
aifftr01_lite	77109	[017]	2603061.139686	98	cpu/event=0xC5,umask=0x00/u	400ebc	t_run_test	(/home/koga/autobench_perf/src/autobench/aifftr01_lite)
aifftr01_lite	77109	[017]	2603061.139790	98	cpu/event=0xC5,umask=0x00/u	400ba3	t_run_test	(/home/koga/autobench_perf/src/autobench/aifftr01_lite)
aifftr01_lite	77109	[017]	2603061.139896	98	cpu/event=0xC5,umask=0x00/u	4015f4	t_run_test	(/home/koga/autobench_perf/src/autobench/aifftr01_lite)
aifftr01_lite	77109	[017]	2603061.140018	98	cpu/event=0xC5,umask=0x00/u	4012de	t_run_test	(/home/koga/autobench_perf/src/autobench/aifftr01_lite)
aifftr01_lite	77109	[017]	2603061.140112	97	cpu/event=0xC5,umask=0x00/u	400eec	t_run_test	(/home/koga/autobench_perf/src/autobench/aifftr01_lite)
aifftr01_lite	77109	[017]	2603061.140233	98	cpu/event=0xC5,umask=0x00/u	400db3	t_run_test	(/home/koga/autobench_perf/src/autobench/aifftr01_lite)
aifftr01_lite	77109	[017]	2603061.140350	97	cpu/event=0xC5,umask=0x00/u	401609	t_run_test	(/home/koga/autobench_perf/src/autobench/aifftr01_lite)
aifftr01_lite	77109	[017]	2603061.140442	96	cpu/event=0xC5,umask=0x00/u	4011ed	t_run_test	(/home/koga/autobench_perf/src/autobench/aifftr01_lite)
aifftr01_lite	77109	[017]	2603061.140544	97	cpu/event=0xC5,umask=0x00/u	400ebc	t_run_test	(/home/koga/autobench_perf/src/autobench/aifftr01_lite)
aifftr01_lite	77109	[017]	2603061.140648	97	cpu/event=0xC5,umask=0x00/u	400ba3	t_run_test	(/home/koga/autobench_perf/src/autobench/aifftr01_lite)
aifftr01_lite	77109	[017]	2603061.140761	97	cpu/event=0xC5,umask=0x00/u	4015d1	t_run_test	(/home/koga/autobench_perf/src/autobench/aifftr01_lite)
aifftr01_lite	77109	[017]	2603061.140854	97	cpu/event=0xC5,umask=0x00/u	4011ed	t_run_test	(/home/koga/autobench_perf/src/autobench/aifftr01_lite)
aifftr01_lite	77109	[017]	2603061.140950	98	cpu/event=0xC5,umask=0x00/u	400c96	t_run_test	(/home/koga/autobench_perf/src/autobench/aifftr01_lite)
aifftr01_lite	77109	[017]	2603061.141062	99	cpu/event=0xC5,umask=0x00/u	4015f4	t_run_test	(/home/koga/autobench_perf/src/autobench/aifftr01_lite)
aifftr01_lite	77109	[017]	2603061.141169	99	cpu/event=0xC5,umask=0x00/u	4012de	t_run_test	(/home/koga/autobench_perf/src/autobench/aifftr01_lite)
aifftr01_lite	77109	[017]	2603061.141268	99	cpu/event=0xC5,umask=0x00/u	400f31	t_run_test	(/home/koga/autobench_perf/src/autobench/aifftr01_lite)
aifftr01_lite	77109	[017]	2603061.141386	99	cpu/event=0xC5,umask=0x00/u	400c96	t_run_test	(/home/koga/autobench_perf/src/autobench/aifftr01_lite)
aifftr01_lite	77109	[017]	2603061.141503	98	cpu/event=0xC5,umask=0x00/u	40176c	t_run_test	(/home/koga/autobench_perf/src/autobench/aifftr01_lite)
aifftr01_lite	77109	[017]	2603061.141606	97	cpu/event=0xC5,umask=0x00/u	401400	t_run_test	(/home/koga/autobench_perf/src/autobench/aifftr01_lite)
aifftr01_lite	77109	[017]	2603061.141706	97	cpu/event=0xC5,umask=0x00/u	4011c9	t_run_test	(/home/koga/autobench_perf/src/autobench/aifftr01_lite)
aifftr01_lite	77109	[017]	2603061.141798	97	cpu/event=0xC5,umask=0x00/u	401ca3	Calc_crc32	(/home/koga/autobench_perf/src/autobench/aifftr01_lite)
aifftr01_lite	77109	[017]	2603061.141804	98	cpu/event=0xC5,umask=0x00/u	401cb3	Calc_crc32	(/home/koga/autobench_perf/src/autobench/aifftr01_lite)
aifftr01_lite	77109	[017]	2603061.141810	287	cpu/event=0xC5,umask=0x00/u	401c37	Calc_crc32	(/home/koga/autobench_perf/src/autobench/aifftr01_lite)
aifftr01_lite	77109	[017]	2603061.141819	858	cpu/event=0xC5,umask=0x00/u	401c77	Calc_crc32	(/home/koga/autobench_perf/src/autobench/aifftr01_lite)
aifftr01_lite	77109	[017]	2603061.141836	1972	cpu/event=0xC5,umask=0x00/u	401bf1	Calc_crc32	(/home/koga/autobench_perf/src/autobench/aifftr01_lite)
aifftr01_lite	77109	[017]	2603061.141870	3154	cpu/event=0xC5,umask=0x00/u	401c60	Calc_crc32	(/home/koga/autobench_perf/src/autobench/aifftr01_lite)
aifftr01_lite	77109	[017]	2603061.141927	3911	cpu/event=0xC5,umask=0x00/u	401c37	Calc_crc32	(/home/koga/autobench_perf/src/autobench/aifftr01_lite)
aifftr01_lite	77109	[017]	2603061.141995	4285	cpu/event=0xC5,umask=0x00/u	401cc3	Calc_crc32	(/home/koga/autobench_perf/src/autobench/aifftr01_lite)
aifftr01_lite	77109	[017]	2603061.142073	4539	cpu/event=0xC5,umask=0x00/u	401c3e	Calc_crc32	(/home/koga/autobench_perf/src/autobench/aifftr01_lite)
aifftr01_lite	77109	[017]	2603061.142146	4701	cpu/event=0xC5,umask=0x00/u	401cb3	Calc_crc32	(/home/koga/autobench_perf/src/autobench/aifftr01_lite)
aifftr01_lite	77109	[017]	2603061.142225	4918	cpu/event=0xC5,umask=0x00/u	401cc3	Calc_crc32	(/home/koga/autobench_perf/src/autobench/aifftr01_lite)
aifftr01_lite	77109	[017]	2603061.142309	5073	cpu/event=0xC5,umask=0x00/u	401c02	Calc_crc32	(/home/koga/autobench_perf/src/autobench/aifftr01_lite)
aifftr01_lite	77109	[017]	2603061.142399	5198	cpu/event=0xC5,umask=0x00/u	401c71	Calc_crc32	(/home/koga/autobench_perf/src/autobench/aifftr01_lite)
aifftr01_lite	77109	[017]	2603061.142487	5270	cpu/event=0xC5,umask=0x00/u	401c42	Calc_crc32	(/home/koga/autobench_perf/src/autobench/aifftr01_lite)
aifftr01_lite	77109	[017]	2603061.142575	5365	cpu/event=0xC5,umask=0x00/u	401ca0	Calc_crc32	(/home/koga/autobench_perf/src/autobench/aifftr01_lite)
aifftr01_lite	77109	[017]	2603061.142670	5449	cpu/event=0xC5,umask=0x00/u	401c3e	Calc_crc32	(/home/koga/autobench_perf/src/autobench/aifftr01_lite)
aifftr01_lite	77109	[017]	2603061.142762	5486	cpu/event=0xC5,umask=0x00/u	401cb3	Calc_crc32	(/home/koga/autobench_perf/src/autobench/aifftr01_lite)
aifftr01_lite	77109	[017]	2603061.142855	5548	cpu/event=0xC5,umask=0x00/u	401be0	Calc_crc32	(/home/koga/autobench_perf/src/autobench/aifftr01_lite)
