sprk01_lite	84823	[007]	2604257.028029	1	cpu/event=0x3C,umask=0x00/u	7f1f1ddfcc30	_start	(/lib/x86_64-linux-gnu/ld-2.23.so)
sprk01_lite	84823	[007]	2604257.028040	1	cpu/event=0x3C,umask=0x00/u	7f1f1ddfcc30	_start	(/lib/x86_64-linux-gnu/ld-2.23.so)
sprk01_lite	84823	[007]	2604257.028047	2	cpu/event=0x3C,umask=0x00/u	7f1f1ddfcc30	_start	(/lib/x86_64-linux-gnu/ld-2.23.so)
sprk01_lite	84823	[007]	2604257.028053	5	cpu/event=0x3C,umask=0x00/u	7f1f1ddfcc30	_start	(/lib/x86_64-linux-gnu/ld-2.23.so)
sprk01_lite	84823	[007]	2604257.028059	15	cpu/event=0x3C,umask=0x00/u	7f1f1ddfcc30	_start	(/lib/x86_64-linux-gnu/ld-2.23.so)
sprk01_lite	84823	[007]	2604257.028065	45	cpu/event=0x3C,umask=0x00/u	7f1f1ddfcc30	_start	(/lib/x86_64-linux-gnu/ld-2.23.so)
sprk01_lite	84823	[007]	2604257.028071	133	cpu/event=0x3C,umask=0x00/u	7f1f1ddfcc30	_start	(/lib/x86_64-linux-gnu/ld-2.23.so)
sprk01_lite	84823	[007]	2604257.028076	392	cpu/event=0x3C,umask=0x00/u	7f1f1ddfcc30	_start	(/lib/x86_64-linux-gnu/ld-2.23.so)
sprk01_lite	84823	[007]	2604257.028082	1346	cpu/event=0x3C,umask=0x00/u	7f1f1ddfcc30	_start	(/lib/x86_64-linux-gnu/ld-2.23.so)
sprk01_lite	84823	[007]	2604257.028093	3991	cpu/event=0x3C,umask=0x00/u	7f1f1ddfcc30	_start	(/lib/x86_64-linux-gnu/ld-2.23.so)
sprk01_lite	84823	[007]	2604257.028133	8260	cpu/event=0x3C,umask=0x00/u	7f1f1ddfddd8	_dl_start	(/lib/x86_64-linux-gnu/ld-2.23.so)
sprk01_lite	84823	[007]	2604257.028208	9801	cpu/event=0x3C,umask=0x00/u	ffffffff8186d5d0	page_fault	([kernel.kallsyms])
sprk01_lite	84823	[007]	2604257.028269	10207	cpu/event=0x3C,umask=0x00/u	7f1f1ddfe720	dl_main	(/lib/x86_64-linux-gnu/ld-2.23.so)
sprk01_lite	84823	[007]	2604257.028325	10999	cpu/event=0x3C,umask=0x00/u	7f1f1de0489b	_dl_init_paths	(/lib/x86_64-linux-gnu/ld-2.23.so)
sprk01_lite	84823	[007]	2604257.028398	12105	cpu/event=0x3C,umask=0x00/u	7f1f1de19f55	memcpy	(/lib/x86_64-linux-gnu/ld-2.23.so)
sprk01_lite	84823	[007]	2604257.028492	12656	cpu/event=0x3C,umask=0x00/u	7f1f1de18c20	strcmp	(/lib/x86_64-linux-gnu/ld-2.23.so)
sprk01_lite	84823	[007]	2604257.028593	12761	cpu/event=0x3C,umask=0x00/u	7f1f1de17b00	strcmp	(/lib/x86_64-linux-gnu/ld-2.23.so)
sprk01_lite	84823	[007]	2604257.028647	12751	cpu/event=0x3C,umask=0x00/u	7f1f1de17ae4	strcmp	(/lib/x86_64-linux-gnu/ld-2.23.so)
sprk01_lite	84823	[007]	2604257.028714	14090	cpu/event=0x3C,umask=0x00/u	7f1f1de08630	_dl_relocate_object	(/lib/x86_64-linux-gnu/ld-2.23.so)
sprk01_lite	84823	[007]	2604257.028775	14978	cpu/event=0x3C,umask=0x00/u	7f1f1de06a57	_dl_lookup_symbol_x	(/lib/x86_64-linux-gnu/ld-2.23.so)
sprk01_lite	84823	[007]	2604257.028810	16161	cpu/event=0x3C,umask=0x00/u	7f1f1de065b4	do_lookup_x	(/lib/x86_64-linux-gnu/ld-2.23.so)
sprk01_lite	84823	[007]	2604257.028847	19901	cpu/event=0x3C,umask=0x00/u	ffffffff8186d5d0	page_fault	([kernel.kallsyms])
sprk01_lite	84823	[007]	2604257.028934	24197	cpu/event=0x3C,umask=0x00/u	7f1f1de0009e	dl_main	(/lib/x86_64-linux-gnu/ld-2.23.so)
sprk01_lite	84823	[007]	2604257.029017	24643	cpu/event=0x3C,umask=0x00/u	7f1f1de06a13	_dl_lookup_symbol_x	(/lib/x86_64-linux-gnu/ld-2.23.so)
sprk01_lite	84823	[007]	2604257.029060	25268	cpu/event=0x3C,umask=0x00/u	7f1f1d86c3f0	_dl_addr	(/lib/x86_64-linux-gnu/libc-2.23.so)
sprk01_lite	84823	[007]	2604257.029128	26489	cpu/event=0x3C,umask=0x00/u	7f1f1d86c3a8	_dl_addr	(/lib/x86_64-linux-gnu/libc-2.23.so)
sprk01_lite	84823	[007]	2604257.029184	28023	cpu/event=0x3C,umask=0x00/u	7f1f1d7ab7aa	_int_malloc	(/lib/x86_64-linux-gnu/libc-2.23.so)
sprk01_lite	84823	[007]	2604257.029244	30841	cpu/event=0x3C,umask=0x00/u	400c8e	ZTableLookup	(/home/koga/autobench_perf/src/autobench/ttsprk01_lite)
sprk01_lite	84823	[007]	2604257.029297	33429	cpu/event=0x3C,umask=0x00/u	400d81	ZTableLookup	(/home/koga/autobench_perf/src/autobench/ttsprk01_lite)
sprk01_lite	84823	[007]	2604257.029338	37135	cpu/event=0x3C,umask=0x00/u	400c97	ZTableLookup	(/home/koga/autobench_perf/src/autobench/ttsprk01_lite)
sprk01_lite	84823	[007]	2604257.029387	43670	cpu/event=0x3C,umask=0x00/u	400c80	ZTableLookup	(/home/koga/autobench_perf/src/autobench/ttsprk01_lite)
sprk01_lite	84823	[007]	2604257.029447	49290	cpu/event=0x3C,umask=0x00/u	402009	t_run_test	(/home/koga/autobench_perf/src/autobench/ttsprk01_lite)
sprk01_lite	84823	[007]	2604257.029511	53501	cpu/event=0x3C,umask=0x00/u	400c80	ZTableLookup	(/home/koga/autobench_perf/src/autobench/ttsprk01_lite)
sprk01_lite	84823	[007]	2604257.029569	57274	cpu/event=0x3C,umask=0x00/u	400efc	YTableLookup	(/home/koga/autobench_perf/src/autobench/ttsprk01_lite)
sprk01_lite	84823	[007]	2604257.029644	62368	cpu/event=0x3C,umask=0x00/u	400d65	ZTableLookup	(/home/koga/autobench_perf/src/autobench/ttsprk01_lite)
sprk01_lite	84823	[007]	2604257.029715	64946	cpu/event=0x3C,umask=0x00/u	400ef2	YTableLookup	(/home/koga/autobench_perf/src/autobench/ttsprk01_lite)
sprk01_lite	84823	[007]	2604257.029792	68360	cpu/event=0x3C,umask=0x00/u	400ef2	YTableLookup	(/home/koga/autobench_perf/src/autobench/ttsprk01_lite)
sprk01_lite	84823	[007]	2604257.029863	70902	cpu/event=0x3C,umask=0x00/u	4022a2	t_run_test	(/home/koga/autobench_perf/src/autobench/ttsprk01_lite)
sprk01_lite	84823	[007]	2604257.029950	74540	cpu/event=0x3C,umask=0x00/u	400d8d	ZTableLookup	(/home/koga/autobench_perf/src/autobench/ttsprk01_lite)
sprk01_lite	84823	[007]	2604257.030026	75955	cpu/event=0x3C,umask=0x00/u	400edd	YTableLookup	(/home/koga/autobench_perf/src/autobench/ttsprk01_lite)
sprk01_lite	84823	[007]	2604257.030112	78947	cpu/event=0x3C,umask=0x00/u	400f2d	YTableLookup	(/home/koga/autobench_perf/src/autobench/ttsprk01_lite)
sprk01_lite	84823	[007]	2604257.030196	80506	cpu/event=0x3C,umask=0x00/u	400f00	YTableLookup	(/home/koga/autobench_perf/src/autobench/ttsprk01_lite)
sprk01_lite	84823	[007]	2604257.030286	82398	cpu/event=0x3C,umask=0x00/u	400c97	ZTableLookup	(/home/koga/autobench_perf/src/autobench/ttsprk01_lite)
sprk01_lite	84823	[007]	2604257.030378	83499	cpu/event=0x3C,umask=0x00/u	400cdc	ZTableLookup	(/home/koga/autobench_perf/src/autobench/ttsprk01_lite)
sprk01_lite	84823	[007]	2604257.030471	84448	cpu/event=0x3C,umask=0x00/u	400edd	YTableLookup	(/home/koga/autobench_perf/src/autobench/ttsprk01_lite)
sprk01_lite	84823	[007]	2604257.030560	85293	cpu/event=0x3C,umask=0x00/u	400daa	ZTableLookup	(/home/koga/autobench_perf/src/autobench/ttsprk01_lite)
sprk01_lite	84823	[007]	2604257.030654	86622	cpu/event=0x3C,umask=0x00/u	400f00	YTableLookup	(/home/koga/autobench_perf/src/autobench/ttsprk01_lite)
sprk01_lite	84823	[007]	2604257.030749	87293	cpu/event=0x3C,umask=0x00/u	400efc	YTableLookup	(/home/koga/autobench_perf/src/autobench/ttsprk01_lite)
sprk01_lite	84823	[007]	2604257.030845	87830	cpu/event=0x3C,umask=0x00/u	400ef2	YTableLookup	(/home/koga/autobench_perf/src/autobench/ttsprk01_lite)
sprk01_lite	84823	[007]	2604257.030941	88292	cpu/event=0x3C,umask=0x00/u	400f53	YTableLookup	(/home/koga/autobench_perf/src/autobench/ttsprk01_lite)
sprk01_lite	84823	[007]	2604257.031033	88717	cpu/event=0x3C,umask=0x00/u	400a8f	GetInputValues	(/home/koga/autobench_perf/src/autobench/ttsprk01_lite)
sprk01_lite	84823	[007]	2604257.031130	89686	cpu/event=0x3C,umask=0x00/u	400d00	ZTableLookup	(/home/koga/autobench_perf/src/autobench/ttsprk01_lite)
sprk01_lite	84823	[007]	2604257.031228	90027	cpu/event=0x3C,umask=0x00/u	400cdc	ZTableLookup	(/home/koga/autobench_perf/src/autobench/ttsprk01_lite)
sprk01_lite	84823	[007]	2604257.031327	90259	cpu/event=0x3C,umask=0x00/u	401cfd	t_run_test	(/home/koga/autobench_perf/src/autobench/ttsprk01_lite)
sprk01_lite	84823	[007]	2604257.031425	90476	cpu/event=0x3C,umask=0x00/u	402205	t_run_test	(/home/koga/autobench_perf/src/autobench/ttsprk01_lite)
sprk01_lite	84823	[007]	2604257.031524	90659	cpu/event=0x3C,umask=0x00/u	400f2d	YTableLookup	(/home/koga/autobench_perf/src/autobench/ttsprk01_lite)
sprk01_lite	84823	[007]	2604257.031622	90821	cpu/event=0x3C,umask=0x00/u	400edd	YTableLookup	(/home/koga/autobench_perf/src/autobench/ttsprk01_lite)
sprk01_lite	84823	[007]	2604257.031721	90975	cpu/event=0x3C,umask=0x00/u	400d65	ZTableLookup	(/home/koga/autobench_perf/src/autobench/ttsprk01_lite)
sprk01_lite	84823	[007]	2604257.031820	91111	cpu/event=0x3C,umask=0x00/u	400cdc	ZTableLookup	(/home/koga/autobench_perf/src/autobench/ttsprk01_lite)
sprk01_lite	84823	[007]	2604257.031919	91233	cpu/event=0x3C,umask=0x00/u	40196d	t_run_test	(/home/koga/autobench_perf/src/autobench/ttsprk01_lite)
sprk01_lite	84823	[007]	2604257.032018	91335	cpu/event=0x3C,umask=0x00/u	400cdc	ZTableLookup	(/home/koga/autobench_perf/src/autobench/ttsprk01_lite)
sprk01_lite	84823	[007]	2604257.032117	91448	cpu/event=0x3C,umask=0x00/u	400c97	ZTableLookup	(/home/koga/autobench_perf/src/autobench/ttsprk01_lite)
sprk01_lite	84823	[007]	2604257.032217	91547	cpu/event=0x3C,umask=0x00/u	400d65	ZTableLookup	(/home/koga/autobench_perf/src/autobench/ttsprk01_lite)
sprk01_lite	84823	[007]	2604257.032316	91621	cpu/event=0x3C,umask=0x00/u	401424	t_run_test	(/home/koga/autobench_perf/src/autobench/ttsprk01_lite)
sprk01_lite	84823	[007]	2604257.032416	91673	cpu/event=0x3C,umask=0x00/u	400f2d	YTableLookup	(/home/koga/autobench_perf/src/autobench/ttsprk01_lite)
sprk01_lite	84823	[007]	2604257.032510	91739	cpu/event=0x3C,umask=0x00/u	400d65	ZTableLookup	(/home/koga/autobench_perf/src/autobench/ttsprk01_lite)
sprk01_lite	84823	[007]	2604257.032610	92358	cpu/event=0x3C,umask=0x00/u	400f2d	YTableLookup	(/home/koga/autobench_perf/src/autobench/ttsprk01_lite)
sprk01_lite	84823	[007]	2604257.032710	92408	cpu/event=0x3C,umask=0x00/u	400d65	ZTableLookup	(/home/koga/autobench_perf/src/autobench/ttsprk01_lite)
sprk01_lite	84823	[007]	2604257.032810	92415	cpu/event=0x3C,umask=0x00/u	400c80	ZTableLookup	(/home/koga/autobench_perf/src/autobench/ttsprk01_lite)
sprk01_lite	84823	[007]	2604257.032910	92406	cpu/event=0x3C,umask=0x00/u	400c97	ZTableLookup	(/home/koga/autobench_perf/src/autobench/ttsprk01_lite)
sprk01_lite	84823	[007]	2604257.033010	92375	cpu/event=0x3C,umask=0x00/u	400f2d	YTableLookup	(/home/koga/autobench_perf/src/autobench/ttsprk01_lite)
sprk01_lite	84823	[007]	2604257.033124	91810	cpu/event=0x3C,umask=0x00/u	400c8e	ZTableLookup	(/home/koga/autobench_perf/src/autobench/ttsprk01_lite)
sprk01_lite	84823	[007]	2604257.033224	90488	cpu/event=0x3C,umask=0x00/u	400cdc	ZTableLookup	(/home/koga/autobench_perf/src/autobench/ttsprk01_lite)
sprk01_lite	84823	[007]	2604257.033323	90447	cpu/event=0x3C,umask=0x00/u	400ee6	YTableLookup	(/home/koga/autobench_perf/src/autobench/ttsprk01_lite)
sprk01_lite	84823	[007]	2604257.033421	90603	cpu/event=0x3C,umask=0x00/u	401692	t_run_test	(/home/koga/autobench_perf/src/autobench/ttsprk01_lite)
sprk01_lite	84823	[007]	2604257.033519	90787	cpu/event=0x3C,umask=0x00/u	400f2d	YTableLookup	(/home/koga/autobench_perf/src/autobench/ttsprk01_lite)
sprk01_lite	84823	[007]	2604257.033618	90959	cpu/event=0x3C,umask=0x00/u	4018f6	t_run_test	(/home/koga/autobench_perf/src/autobench/ttsprk01_lite)
sprk01_lite	84823	[007]	2604257.033717	91119	cpu/event=0x3C,umask=0x00/u	400cdc	ZTableLookup	(/home/koga/autobench_perf/src/autobench/ttsprk01_lite)
sprk01_lite	84823	[007]	2604257.033816	91251	cpu/event=0x3C,umask=0x00/u	400c97	ZTableLookup	(/home/koga/autobench_perf/src/autobench/ttsprk01_lite)
sprk01_lite	84823	[007]	2604257.033915	91374	cpu/event=0x3C,umask=0x00/u	400d17	ZTableLookup	(/home/koga/autobench_perf/src/autobench/ttsprk01_lite)
sprk01_lite	84823	[007]	2604257.034014	91476	cpu/event=0x3C,umask=0x00/u	400d65	ZTableLookup	(/home/koga/autobench_perf/src/autobench/ttsprk01_lite)
sprk01_lite	84823	[007]	2604257.034113	91568	cpu/event=0x3C,umask=0x00/u	400c80	ZTableLookup	(/home/koga/autobench_perf/src/autobench/ttsprk01_lite)
sprk01_lite	84823	[007]	2604257.034213	91656	cpu/event=0x3C,umask=0x00/u	400c97	ZTableLookup	(/home/koga/autobench_perf/src/autobench/ttsprk01_lite)
sprk01_lite	84823	[007]	2604257.034312	91733	cpu/event=0x3C,umask=0x00/u	400f2d	YTableLookup	(/home/koga/autobench_perf/src/autobench/ttsprk01_lite)
sprk01_lite	84823	[007]	2604257.034412	91794	cpu/event=0x3C,umask=0x00/u	400cdc	ZTableLookup	(/home/koga/autobench_perf/src/autobench/ttsprk01_lite)
sprk01_lite	84823	[007]	2604257.034511	91843	cpu/event=0x3C,umask=0x00/u	400ee6	YTableLookup	(/home/koga/autobench_perf/src/autobench/ttsprk01_lite)
sprk01_lite	84823	[007]	2604257.034611	91910	cpu/event=0x3C,umask=0x00/u	400efc	YTableLookup	(/home/koga/autobench_perf/src/autobench/ttsprk01_lite)
sprk01_lite	84823	[007]	2604257.034711	91954	cpu/event=0x3C,umask=0x00/u	400f00	YTableLookup	(/home/koga/autobench_perf/src/autobench/ttsprk01_lite)
sprk01_lite	84823	[007]	2604257.034810	91982	cpu/event=0x3C,umask=0x00/u	40199d	t_run_test	(/home/koga/autobench_perf/src/autobench/ttsprk01_lite)
sprk01_lite	84823	[007]	2604257.034910	92026	cpu/event=0x3C,umask=0x00/u	400cdc	ZTableLookup	(/home/koga/autobench_perf/src/autobench/ttsprk01_lite)
sprk01_lite	84823	[007]	2604257.035010	92044	cpu/event=0x3C,umask=0x00/u	400d00	ZTableLookup	(/home/koga/autobench_perf/src/autobench/ttsprk01_lite)
sprk01_lite	84823	[007]	2604257.035110	92065	cpu/event=0x3C,umask=0x00/u	400f42	YTableLookup	(/home/koga/autobench_perf/src/autobench/ttsprk01_lite)
sprk01_lite	84823	[007]	2604257.035209	92108	cpu/event=0x3C,umask=0x00/u	400f2d	YTableLookup	(/home/koga/autobench_perf/src/autobench/ttsprk01_lite)
sprk01_lite	84823	[007]	2604257.035309	92122	cpu/event=0x3C,umask=0x00/u	400d65	ZTableLookup	(/home/koga/autobench_perf/src/autobench/ttsprk01_lite)
sprk01_lite	84823	[007]	2604257.035409	92148	cpu/event=0x3C,umask=0x00/u	400ef2	YTableLookup	(/home/koga/autobench_perf/src/autobench/ttsprk01_lite)
sprk01_lite	84823	[007]	2604257.035509	92162	cpu/event=0x3C,umask=0x00/u	400d65	ZTableLookup	(/home/koga/autobench_perf/src/autobench/ttsprk01_lite)
sprk01_lite	84823	[007]	2604257.035609	92181	cpu/event=0x3C,umask=0x00/u	400d65	ZTableLookup	(/home/koga/autobench_perf/src/autobench/ttsprk01_lite)
sprk01_lite	84823	[007]	2604257.035709	92187	cpu/event=0x3C,umask=0x00/u	400ee6	YTableLookup	(/home/koga/autobench_perf/src/autobench/ttsprk01_lite)
sprk01_lite	84823	[007]	2604257.035809	92216	cpu/event=0x3C,umask=0x00/u	400efc	YTableLookup	(/home/koga/autobench_perf/src/autobench/ttsprk01_lite)
sprk01_lite	84823	[007]	2604257.035909	92212	cpu/event=0x3C,umask=0x00/u	400c97	ZTableLookup	(/home/koga/autobench_perf/src/autobench/ttsprk01_lite)
sprk01_lite	84823	[007]	2604257.036009	92220	cpu/event=0x3C,umask=0x00/u	400ed5	YTableLookup	(/home/koga/autobench_perf/src/autobench/ttsprk01_lite)
sprk01_lite	84823	[007]	2604257.036104	92219	cpu/event=0x3C,umask=0x00/u	400c97	ZTableLookup	(/home/koga/autobench_perf/src/autobench/ttsprk01_lite)
sprk01_lite	84823	[007]	2604257.036209	92718	cpu/event=0x3C,umask=0x00/u	400efc	YTableLookup	(/home/koga/autobench_perf/src/autobench/ttsprk01_lite)
sprk01_lite	84823	[007]	2604257.036309	92216	cpu/event=0x3C,umask=0x00/u	400a53	GetInputValues	(/home/koga/autobench_perf/src/autobench/ttsprk01_lite)
sprk01_lite	84823	[007]	2604257.036409	92188	cpu/event=0x3C,umask=0x00/u	400f2d	YTableLookup	(/home/koga/autobench_perf/src/autobench/ttsprk01_lite)
sprk01_lite	84823	[007]	2604257.036505	92179	cpu/event=0x3C,umask=0x00/u	400f2d	YTableLookup	(/home/koga/autobench_perf/src/autobench/ttsprk01_lite)
sprk01_lite	84823	[007]	2604257.036609	92743	cpu/event=0x3C,umask=0x00/u	400daa	ZTableLookup	(/home/koga/autobench_perf/src/autobench/ttsprk01_lite)
sprk01_lite	84823	[007]	2604257.036710	92235	cpu/event=0x3C,umask=0x00/u	400f2d	YTableLookup	(/home/koga/autobench_perf/src/autobench/ttsprk01_lite)
sprk01_lite	84823	[007]	2604257.036805	92191	cpu/event=0x3C,umask=0x00/u	400cdc	ZTableLookup	(/home/koga/autobench_perf/src/autobench/ttsprk01_lite)
sprk01_lite	84823	[007]	2604257.036905	92734	cpu/event=0x3C,umask=0x00/u	400f2d	YTableLookup	(/home/koga/autobench_perf/src/autobench/ttsprk01_lite)
sprk01_lite	84823	[007]	2604257.037010	92728	cpu/event=0x3C,umask=0x00/u	400d8d	ZTableLookup	(/home/koga/autobench_perf/src/autobench/ttsprk01_lite)
sprk01_lite	84823	[007]	2604257.037121	92154	cpu/event=0x3C,umask=0x00/u	400ef2	YTableLookup	(/home/koga/autobench_perf/src/autobench/ttsprk01_lite)
sprk01_lite	84823	[007]	2604257.037222	90991	cpu/event=0x3C,umask=0x00/u	400f2d	YTableLookup	(/home/koga/autobench_perf/src/autobench/ttsprk01_lite)
sprk01_lite	84823	[007]	2604257.037321	90918	cpu/event=0x3C,umask=0x00/u	400c80	ZTableLookup	(/home/koga/autobench_perf/src/autobench/ttsprk01_lite)
sprk01_lite	84823	[007]	2604257.037425	91027	cpu/event=0x3C,umask=0x00/u	400efc	YTableLookup	(/home/koga/autobench_perf/src/autobench/ttsprk01_lite)
sprk01_lite	84823	[007]	2604257.037519	90646	cpu/event=0x3C,umask=0x00/u	400c80	ZTableLookup	(/home/koga/autobench_perf/src/autobench/ttsprk01_lite)
sprk01_lite	84823	[007]	2604257.037618	91322	cpu/event=0x3C,umask=0x00/u	400cdc	ZTableLookup	(/home/koga/autobench_perf/src/autobench/ttsprk01_lite)
sprk01_lite	84823	[007]	2604257.037717	91461	cpu/event=0x3C,umask=0x00/u	400c80	ZTableLookup	(/home/koga/autobench_perf/src/autobench/ttsprk01_lite)
sprk01_lite	84823	[007]	2604257.037816	91563	cpu/event=0x3C,umask=0x00/u	400abe	GetInputValues	(/home/koga/autobench_perf/src/autobench/ttsprk01_lite)
sprk01_lite	84823	[007]	2604257.037916	91646	cpu/event=0x3C,umask=0x00/u	400e08	ZTableLookup	(/home/koga/autobench_perf/src/autobench/ttsprk01_lite)
sprk01_lite	84823	[007]	2604257.038015	91703	cpu/event=0x3C,umask=0x00/u	400efc	YTableLookup	(/home/koga/autobench_perf/src/autobench/ttsprk01_lite)
sprk01_lite	84823	[007]	2604257.038115	91773	cpu/event=0x3C,umask=0x00/u	4019cf	t_run_test	(/home/koga/autobench_perf/src/autobench/ttsprk01_lite)
sprk01_lite	84823	[007]	2604257.038214	91839	cpu/event=0x3C,umask=0x00/u	400edd	YTableLookup	(/home/koga/autobench_perf/src/autobench/ttsprk01_lite)
sprk01_lite	84823	[007]	2604257.038314	91894	cpu/event=0x3C,umask=0x00/u	400d65	ZTableLookup	(/home/koga/autobench_perf/src/autobench/ttsprk01_lite)
sprk01_lite	84823	[007]	2604257.038413	91920	cpu/event=0x3C,umask=0x00/u	400ee6	YTableLookup	(/home/koga/autobench_perf/src/autobench/ttsprk01_lite)
sprk01_lite	84823	[007]	2604257.038513	91973	cpu/event=0x3C,umask=0x00/u	400efc	YTableLookup	(/home/koga/autobench_perf/src/autobench/ttsprk01_lite)
sprk01_lite	84823	[007]	2604257.038613	92009	cpu/event=0x3C,umask=0x00/u	400d81	ZTableLookup	(/home/koga/autobench_perf/src/autobench/ttsprk01_lite)
sprk01_lite	84823	[007]	2604257.038713	92041	cpu/event=0x3C,umask=0x00/u	400cdc	ZTableLookup	(/home/koga/autobench_perf/src/autobench/ttsprk01_lite)
sprk01_lite	84823	[007]	2604257.038812	92062	cpu/event=0x3C,umask=0x00/u	400b08	GetInputValues	(/home/koga/autobench_perf/src/autobench/ttsprk01_lite)
sprk01_lite	84823	[007]	2604257.038912	92090	cpu/event=0x3C,umask=0x00/u	400c80	ZTableLookup	(/home/koga/autobench_perf/src/autobench/ttsprk01_lite)
sprk01_lite	84823	[007]	2604257.039012	92113	cpu/event=0x3C,umask=0x00/u	400c97	ZTableLookup	(/home/koga/autobench_perf/src/autobench/ttsprk01_lite)
sprk01_lite	84823	[007]	2604257.039112	92141	cpu/event=0x3C,umask=0x00/u	400cf1	ZTableLookup	(/home/koga/autobench_perf/src/autobench/ttsprk01_lite)
sprk01_lite	84823	[007]	2604257.039212	92147	cpu/event=0x3C,umask=0x00/u	400ee6	YTableLookup	(/home/koga/autobench_perf/src/autobench/ttsprk01_lite)
sprk01_lite	84823	[007]	2604257.039312	92172	cpu/event=0x3C,umask=0x00/u	400f53	YTableLookup	(/home/koga/autobench_perf/src/autobench/ttsprk01_lite)
sprk01_lite	84823	[007]	2604257.039412	92187	cpu/event=0x3C,umask=0x00/u	400f2d	YTableLookup	(/home/koga/autobench_perf/src/autobench/ttsprk01_lite)
sprk01_lite	84823	[007]	2604257.039511	92195	cpu/event=0x3C,umask=0x00/u	400d8d	ZTableLookup	(/home/koga/autobench_perf/src/autobench/ttsprk01_lite)
sprk01_lite	84823	[007]	2604257.039611	92205	cpu/event=0x3C,umask=0x00/u	400d65	ZTableLookup	(/home/koga/autobench_perf/src/autobench/ttsprk01_lite)
sprk01_lite	84823	[007]	2604257.039708	92205	cpu/event=0x3C,umask=0x00/u	4024a2	t_run_test	(/home/koga/autobench_perf/src/autobench/ttsprk01_lite)
sprk01_lite	84823	[007]	2604257.039803	92632	cpu/event=0x3C,umask=0x00/u	400cdc	ZTableLookup	(/home/koga/autobench_perf/src/autobench/ttsprk01_lite)
sprk01_lite	84823	[007]	2604257.039908	93192	cpu/event=0x3C,umask=0x00/u	400f2d	YTableLookup	(/home/koga/autobench_perf/src/autobench/ttsprk01_lite)
sprk01_lite	84823	[007]	2604257.040009	92664	cpu/event=0x3C,umask=0x00/u	400d65	ZTableLookup	(/home/koga/autobench_perf/src/autobench/ttsprk01_lite)
sprk01_lite	84823	[007]	2604257.040104	92593	cpu/event=0x3C,umask=0x00/u	400d8d	ZTableLookup	(/home/koga/autobench_perf/src/autobench/ttsprk01_lite)
sprk01_lite	84823	[007]	2604257.040204	93113	cpu/event=0x3C,umask=0x00/u	401966	t_run_test	(/home/koga/autobench_perf/src/autobench/ttsprk01_lite)
sprk01_lite	84823	[007]	2604257.040305	93109	cpu/event=0x3C,umask=0x00/u	400edd	YTableLookup	(/home/koga/autobench_perf/src/autobench/ttsprk01_lite)
sprk01_lite	84823	[007]	2604257.040406	93031	cpu/event=0x3C,umask=0x00/u	400f00	YTableLookup	(/home/koga/autobench_perf/src/autobench/ttsprk01_lite)
sprk01_lite	84823	[007]	2604257.040507	92956	cpu/event=0x3C,umask=0x00/u	400efc	YTableLookup	(/home/koga/autobench_perf/src/autobench/ttsprk01_lite)
sprk01_lite	84823	[007]	2604257.040607	92853	cpu/event=0x3C,umask=0x00/u	400cdc	ZTableLookup	(/home/koga/autobench_perf/src/autobench/ttsprk01_lite)
sprk01_lite	84823	[007]	2604257.040708	92799	cpu/event=0x3C,umask=0x00/u	400d65	ZTableLookup	(/home/koga/autobench_perf/src/autobench/ttsprk01_lite)
sprk01_lite	84823	[007]	2604257.040808	92743	cpu/event=0x3C,umask=0x00/u	400c8e	ZTableLookup	(/home/koga/autobench_perf/src/autobench/ttsprk01_lite)
sprk01_lite	84823	[007]	2604257.040908	92698	cpu/event=0x3C,umask=0x00/u	400d65	ZTableLookup	(/home/koga/autobench_perf/src/autobench/ttsprk01_lite)
sprk01_lite	84823	[007]	2604257.041009	92649	cpu/event=0x3C,umask=0x00/u	400eb9	YTableLookup	(/home/koga/autobench_perf/src/autobench/ttsprk01_lite)
sprk01_lite	84823	[007]	2604257.041129	92539	cpu/event=0x3C,umask=0x00/u	400d84	ZTableLookup	(/home/koga/autobench_perf/src/autobench/ttsprk01_lite)
sprk01_lite	84823	[007]	2604257.041230	90599	cpu/event=0x3C,umask=0x00/u	400efc	YTableLookup	(/home/koga/autobench_perf/src/autobench/ttsprk01_lite)
sprk01_lite	84823	[007]	2604257.041328	90528	cpu/event=0x3C,umask=0x00/u	400c97	ZTableLookup	(/home/koga/autobench_perf/src/autobench/ttsprk01_lite)
sprk01_lite	84823	[007]	2604257.041427	90691	cpu/event=0x3C,umask=0x00/u	400c97	ZTableLookup	(/home/koga/autobench_perf/src/autobench/ttsprk01_lite)
sprk01_lite	84823	[007]	2604257.041526	90849	cpu/event=0x3C,umask=0x00/u	400f2d	YTableLookup	(/home/koga/autobench_perf/src/autobench/ttsprk01_lite)
sprk01_lite	84823	[007]	2604257.041633	91007	cpu/event=0x3C,umask=0x00/u	400da0	ZTableLookup	(/home/koga/autobench_perf/src/autobench/ttsprk01_lite)
sprk01_lite	84823	[007]	2604257.041724	90211	cpu/event=0x3C,umask=0x00/u	400c59	ZTableLookup	(/home/koga/autobench_perf/src/autobench/ttsprk01_lite)
sprk01_lite	84823	[007]	2604257.041815	91268	cpu/event=0x3C,umask=0x00/u	400ef2	YTableLookup	(/home/koga/autobench_perf/src/autobench/ttsprk01_lite)
sprk01_lite	84823	[007]	2604257.041907	92440	cpu/event=0x3C,umask=0x00/u	400ef2	YTableLookup	(/home/koga/autobench_perf/src/autobench/ttsprk01_lite)
sprk01_lite	84823	[007]	2604257.041999	93517	cpu/event=0x3C,umask=0x00/u	400ee6	YTableLookup	(/home/koga/autobench_perf/src/autobench/ttsprk01_lite)
sprk01_lite	84823	[007]	2604257.042092	94471	cpu/event=0x3C,umask=0x00/u	400ee6	YTableLookup	(/home/koga/autobench_perf/src/autobench/ttsprk01_lite)
sprk01_lite	84823	[007]	2604257.042186	95320	cpu/event=0x3C,umask=0x00/u	400c97	ZTableLookup	(/home/koga/autobench_perf/src/autobench/ttsprk01_lite)
sprk01_lite	84823	[007]	2604257.042281	96083	cpu/event=0x3C,umask=0x00/u	400c97	ZTableLookup	(/home/koga/autobench_perf/src/autobench/ttsprk01_lite)
sprk01_lite	84823	[007]	2604257.042376	96765	cpu/event=0x3C,umask=0x00/u	400f2d	YTableLookup	(/home/koga/autobench_perf/src/autobench/ttsprk01_lite)
sprk01_lite	84823	[007]	2604257.042472	97376	cpu/event=0x3C,umask=0x00/u	400c97	ZTableLookup	(/home/koga/autobench_perf/src/autobench/ttsprk01_lite)
sprk01_lite	84823	[007]	2604257.042568	97909	cpu/event=0x3C,umask=0x00/u	400f2d	YTableLookup	(/home/koga/autobench_perf/src/autobench/ttsprk01_lite)
sprk01_lite	84823	[007]	2604257.042665	98367	cpu/event=0x3C,umask=0x00/u	400c8e	ZTableLookup	(/home/koga/autobench_perf/src/autobench/ttsprk01_lite)
sprk01_lite	84823	[007]	2604257.042762	98812	cpu/event=0x3C,umask=0x00/u	400c97	ZTableLookup	(/home/koga/autobench_perf/src/autobench/ttsprk01_lite)
sprk01_lite	84823	[007]	2604257.042859	99197	cpu/event=0x3C,umask=0x00/u	400f2d	YTableLookup	(/home/koga/autobench_perf/src/autobench/ttsprk01_lite)
sprk01_lite	84823	[007]	2604257.042957	99557	cpu/event=0x3C,umask=0x00/u	4013f9	t_run_test	(/home/koga/autobench_perf/src/autobench/ttsprk01_lite)
sprk01_lite	84823	[007]	2604257.043054	99872	cpu/event=0x3C,umask=0x00/u	400cdc	ZTableLookup	(/home/koga/autobench_perf/src/autobench/ttsprk01_lite)
sprk01_lite	84823	[007]	2604257.043153	100143	cpu/event=0x3C,umask=0x00/u	400f25	YTableLookup	(/home/koga/autobench_perf/src/autobench/ttsprk01_lite)
sprk01_lite	84823	[007]	2604257.043251	100373	cpu/event=0x3C,umask=0x00/u	400edd	YTableLookup	(/home/koga/autobench_perf/src/autobench/ttsprk01_lite)
sprk01_lite	84823	[007]	2604257.043350	100584	cpu/event=0x3C,umask=0x00/u	400efc	YTableLookup	(/home/koga/autobench_perf/src/autobench/ttsprk01_lite)
sprk01_lite	84823	[007]	2604257.043448	100770	cpu/event=0x3C,umask=0x00/u	400fa2	YTableLookup	(/home/koga/autobench_perf/src/autobench/ttsprk01_lite)
sprk01_lite	84823	[007]	2604257.043547	100920	cpu/event=0x3C,umask=0x00/u	400edd	YTableLookup	(/home/koga/autobench_perf/src/autobench/ttsprk01_lite)
sprk01_lite	84823	[007]	2604257.043646	101060	cpu/event=0x3C,umask=0x00/u	400ec4	YTableLookup	(/home/koga/autobench_perf/src/autobench/ttsprk01_lite)
sprk01_lite	84823	[007]	2604257.043745	101190	cpu/event=0x3C,umask=0x00/u	400f00	YTableLookup	(/home/koga/autobench_perf/src/autobench/ttsprk01_lite)
sprk01_lite	84823	[007]	2604257.043845	101296	cpu/event=0x3C,umask=0x00/u	400f2d	YTableLookup	(/home/koga/autobench_perf/src/autobench/ttsprk01_lite)
sprk01_lite	84823	[007]	2604257.043944	101400	cpu/event=0x3C,umask=0x00/u	400c97	ZTableLookup	(/home/koga/autobench_perf/src/autobench/ttsprk01_lite)
sprk01_lite	84823	[007]	2604257.044040	101485	cpu/event=0x3C,umask=0x00/u	400f75	YTableLookup	(/home/koga/autobench_perf/src/autobench/ttsprk01_lite)
sprk01_lite	84823	[007]	2604257.044139	102009	cpu/event=0x3C,umask=0x00/u	400d65	ZTableLookup	(/home/koga/autobench_perf/src/autobench/ttsprk01_lite)
sprk01_lite	84823	[007]	2604257.044239	102084	cpu/event=0x3C,umask=0x00/u	400c8e	ZTableLookup	(/home/koga/autobench_perf/src/autobench/ttsprk01_lite)
sprk01_lite	84823	[007]	2604257.044339	102119	cpu/event=0x3C,umask=0x00/u	400c97	ZTableLookup	(/home/koga/autobench_perf/src/autobench/ttsprk01_lite)
sprk01_lite	84823	[007]	2604257.044439	102134	cpu/event=0x3C,umask=0x00/u	400c56	ZTableLookup	(/home/koga/autobench_perf/src/autobench/ttsprk01_lite)
sprk01_lite	84823	[007]	2604257.044539	102132	cpu/event=0x3C,umask=0x00/u	400d65	ZTableLookup	(/home/koga/autobench_perf/src/autobench/ttsprk01_lite)
sprk01_lite	84823	[007]	2604257.044639	102144	cpu/event=0x3C,umask=0x00/u	400c97	ZTableLookup	(/home/koga/autobench_perf/src/autobench/ttsprk01_lite)
sprk01_lite	84823	[007]	2604257.044739	102147	cpu/event=0x3C,umask=0x00/u	400c8e	ZTableLookup	(/home/koga/autobench_perf/src/autobench/ttsprk01_lite)
sprk01_lite	84823	[007]	2604257.044839	102167	cpu/event=0x3C,umask=0x00/u	4016f0	t_run_test	(/home/koga/autobench_perf/src/autobench/ttsprk01_lite)
sprk01_lite	84823	[007]	2604257.044935	102141	cpu/event=0x3C,umask=0x00/u	400f2d	YTableLookup	(/home/koga/autobench_perf/src/autobench/ttsprk01_lite)
sprk01_lite	84823	[007]	2604257.045039	102718	cpu/event=0x3C,umask=0x00/u	400c80	ZTableLookup	(/home/koga/autobench_perf/src/autobench/ttsprk01_lite)
sprk01_lite	84823	[007]	2604257.045150	101882	cpu/event=0x3C,umask=0x00/u	400f2d	YTableLookup	(/home/koga/autobench_perf/src/autobench/ttsprk01_lite)
sprk01_lite	84823	[007]	2604257.045250	100607	cpu/event=0x3C,umask=0x00/u	400c80	ZTableLookup	(/home/koga/autobench_perf/src/autobench/ttsprk01_lite)
sprk01_lite	84823	[007]	2604257.045344	100632	cpu/event=0x3C,umask=0x00/u	400edd	YTableLookup	(/home/koga/autobench_perf/src/autobench/ttsprk01_lite)
sprk01_lite	84823	[007]	2604257.045443	101356	cpu/event=0x3C,umask=0x00/u	400cdc	ZTableLookup	(/home/koga/autobench_perf/src/autobench/ttsprk01_lite)
sprk01_lite	84823	[007]	2604257.045547	101506	cpu/event=0x3C,umask=0x00/u	400d65	ZTableLookup	(/home/koga/autobench_perf/src/autobench/ttsprk01_lite)
sprk01_lite	84823	[007]	2604257.045646	101078	cpu/event=0x3C,umask=0x00/u	400dfb	ZTableLookup	(/home/koga/autobench_perf/src/autobench/ttsprk01_lite)
sprk01_lite	84823	[007]	2604257.045745	101156	cpu/event=0x3C,umask=0x00/u	400ed5	YTableLookup	(/home/koga/autobench_perf/src/autobench/ttsprk01_lite)
sprk01_lite	84823	[007]	2604257.045840	101277	cpu/event=0x3C,umask=0x00/u	400c97	ZTableLookup	(/home/koga/autobench_perf/src/autobench/ttsprk01_lite)
sprk01_lite	84823	[007]	2604257.045939	101956	cpu/event=0x3C,umask=0x00/u	400f00	YTableLookup	(/home/koga/autobench_perf/src/autobench/ttsprk01_lite)
sprk01_lite	84823	[007]	2604257.046043	102058	cpu/event=0x3C,umask=0x00/u	400daa	ZTableLookup	(/home/koga/autobench_perf/src/autobench/ttsprk01_lite)
sprk01_lite	84823	[007]	2604257.046143	101562	cpu/event=0x3C,umask=0x00/u	400cdc	ZTableLookup	(/home/koga/autobench_perf/src/autobench/ttsprk01_lite)
sprk01_lite	84823	[007]	2604257.046243	101574	cpu/event=0x3C,umask=0x00/u	400ed5	YTableLookup	(/home/koga/autobench_perf/src/autobench/ttsprk01_lite)
sprk01_lite	84823	[007]	2604257.046338	101626	cpu/event=0x3C,umask=0x00/u	400efc	YTableLookup	(/home/koga/autobench_perf/src/autobench/ttsprk01_lite)
sprk01_lite	84823	[007]	2604257.046438	102234	cpu/event=0x3C,umask=0x00/u	400d65	ZTableLookup	(/home/koga/autobench_perf/src/autobench/ttsprk01_lite)
sprk01_lite	84823	[007]	2604257.046542	102289	cpu/event=0x3C,umask=0x00/u	400cdc	ZTableLookup	(/home/koga/autobench_perf/src/autobench/ttsprk01_lite)
sprk01_lite	84823	[007]	2604257.046642	101746	cpu/event=0x3C,umask=0x00/u	400d17	ZTableLookup	(/home/koga/autobench_perf/src/autobench/ttsprk01_lite)
sprk01_lite	84823	[007]	2604257.046738	101738	cpu/event=0x3C,umask=0x00/u	400c97	ZTableLookup	(/home/koga/autobench_perf/src/autobench/ttsprk01_lite)
sprk01_lite	84823	[007]	2604257.046838	102344	cpu/event=0x3C,umask=0x00/u	400ed5	YTableLookup	(/home/koga/autobench_perf/src/autobench/ttsprk01_lite)
sprk01_lite	84823	[007]	2604257.046938	102383	cpu/event=0x3C,umask=0x00/u	400cdc	ZTableLookup	(/home/koga/autobench_perf/src/autobench/ttsprk01_lite)
sprk01_lite	84823	[007]	2604257.047042	102376	cpu/event=0x3C,umask=0x00/u	400f53	YTableLookup	(/home/koga/autobench_perf/src/autobench/ttsprk01_lite)
sprk01_lite	84823	[007]	2604257.047142	101828	cpu/event=0x3C,umask=0x00/u	400d65	ZTableLookup	(/home/koga/autobench_perf/src/autobench/ttsprk01_lite)
sprk01_lite	84823	[007]	2604257.047238	101794	cpu/event=0x3C,umask=0x00/u	400daa	ZTableLookup	(/home/koga/autobench_perf/src/autobench/ttsprk01_lite)
sprk01_lite	84823	[007]	2604257.047338	102396	cpu/event=0x3C,umask=0x00/u	400d65	ZTableLookup	(/home/koga/autobench_perf/src/autobench/ttsprk01_lite)
sprk01_lite	84823	[007]	2604257.047438	102448	cpu/event=0x3C,umask=0x00/u	400d00	ZTableLookup	(/home/koga/autobench_perf/src/autobench/ttsprk01_lite)
sprk01_lite	84823	[007]	2604257.047538	102436	cpu/event=0x3C,umask=0x00/u	400cdc	ZTableLookup	(/home/koga/autobench_perf/src/autobench/ttsprk01_lite)
sprk01_lite	84823	[007]	2604257.047638	102428	cpu/event=0x3C,umask=0x00/u	400cdc	ZTableLookup	(/home/koga/autobench_perf/src/autobench/ttsprk01_lite)
sprk01_lite	84823	[007]	2604257.047738	102411	cpu/event=0x3C,umask=0x00/u	400d65	ZTableLookup	(/home/koga/autobench_perf/src/autobench/ttsprk01_lite)
sprk01_lite	84823	[007]	2604257.047839	102387	cpu/event=0x3C,umask=0x00/u	400f00	YTableLookup	(/home/koga/autobench_perf/src/autobench/ttsprk01_lite)
sprk01_lite	84823	[007]	2604257.047939	102323	cpu/event=0x3C,umask=0x00/u	400cdc	ZTableLookup	(/home/koga/autobench_perf/src/autobench/ttsprk01_lite)
sprk01_lite	84823	[007]	2604257.048039	102299	cpu/event=0x3C,umask=0x00/u	400cdc	ZTableLookup	(/home/koga/autobench_perf/src/autobench/ttsprk01_lite)
sprk01_lite	84823	[007]	2604257.048139	102318	cpu/event=0x3C,umask=0x00/u	400ef2	YTableLookup	(/home/koga/autobench_perf/src/autobench/ttsprk01_lite)
sprk01_lite	84823	[007]	2604257.048239	102330	cpu/event=0x3C,umask=0x00/u	400f2d	YTableLookup	(/home/koga/autobench_perf/src/autobench/ttsprk01_lite)
sprk01_lite	84823	[007]	2604257.048339	102327	cpu/event=0x3C,umask=0x00/u	400ee6	YTableLookup	(/home/koga/autobench_perf/src/autobench/ttsprk01_lite)
sprk01_lite	84823	[007]	2604257.048439	102322	cpu/event=0x3C,umask=0x00/u	400c97	ZTableLookup	(/home/koga/autobench_perf/src/autobench/ttsprk01_lite)
sprk01_lite	84823	[007]	2604257.048539	102318	cpu/event=0x3C,umask=0x00/u	400f2d	YTableLookup	(/home/koga/autobench_perf/src/autobench/ttsprk01_lite)
sprk01_lite	84823	[007]	2604257.048639	102308	cpu/event=0x3C,umask=0x00/u	400d17	ZTableLookup	(/home/koga/autobench_perf/src/autobench/ttsprk01_lite)
sprk01_lite	84823	[007]	2604257.048739	102299	cpu/event=0x3C,umask=0x00/u	400ef2	YTableLookup	(/home/koga/autobench_perf/src/autobench/ttsprk01_lite)
sprk01_lite	84823	[007]	2604257.048839	102304	cpu/event=0x3C,umask=0x00/u	400cdc	ZTableLookup	(/home/koga/autobench_perf/src/autobench/ttsprk01_lite)
sprk01_lite	84823	[007]	2604257.048939	102304	cpu/event=0x3C,umask=0x00/u	400f00	YTableLookup	(/home/koga/autobench_perf/src/autobench/ttsprk01_lite)
sprk01_lite	84823	[007]	2604257.049039	102309	cpu/event=0x3C,umask=0x00/u	400ed5	YTableLookup	(/home/koga/autobench_perf/src/autobench/ttsprk01_lite)
sprk01_lite	84823	[007]	2604257.049149	102279	cpu/event=0x3C,umask=0x00/u	400cdc	ZTableLookup	(/home/koga/autobench_perf/src/autobench/ttsprk01_lite)
sprk01_lite	84823	[007]	2604257.049249	101111	cpu/event=0x3C,umask=0x00/u	400ee2	YTableLookup	(/home/koga/autobench_perf/src/autobench/ttsprk01_lite)
sprk01_lite	84823	[007]	2604257.049348	101080	cpu/event=0x3C,umask=0x00/u	400ee6	YTableLookup	(/home/koga/autobench_perf/src/autobench/ttsprk01_lite)
sprk01_lite	84823	[007]	2604257.049447	101195	cpu/event=0x3C,umask=0x00/u	400cdc	ZTableLookup	(/home/koga/autobench_perf/src/autobench/ttsprk01_lite)
sprk01_lite	84823	[007]	2604257.049546	101313	cpu/event=0x3C,umask=0x00/u	400c80	ZTableLookup	(/home/koga/autobench_perf/src/autobench/ttsprk01_lite)
sprk01_lite	84823	[007]	2604257.049646	101426	cpu/event=0x3C,umask=0x00/u	400c80	ZTableLookup	(/home/koga/autobench_perf/src/autobench/ttsprk01_lite)
sprk01_lite	84823	[007]	2604257.049747	101497	cpu/event=0x3C,umask=0x00/u	402ae0	Calc_crc32	(/home/koga/autobench_perf/src/autobench/ttsprk01_lite)
sprk01_lite	84823	[007]	2604257.049842	101391	cpu/event=0x3C,umask=0x00/u	402a60	Calc_crc32	(/home/koga/autobench_perf/src/autobench/ttsprk01_lite)
sprk01_lite	84823	[007]	2604257.049929	102021	cpu/event=0x3C,umask=0x00/u	4023f1	t_run_test	(/home/koga/autobench_perf/src/autobench/ttsprk01_lite)
sprk01_lite	84823	[007]	2604257.050020	103956	cpu/event=0x3C,umask=0x00/u	402a37	Calc_crc32	(/home/koga/autobench_perf/src/autobench/ttsprk01_lite)
sprk01_lite	84823	[007]	2604257.050249	105157	cpu/event=0x3C,umask=0x00/u	7f1f1d7a1380	_IO_file_sync@@GLIBC_2.2.5	(/lib/x86_64-linux-gnu/libc-2.23.so)
