sprk01_lite	84679	[017]	2604245.402995	1	cpu/event=0xC0,umask=0x00/u	7f1235aa5c30	_start	(/lib/x86_64-linux-gnu/ld-2.23.so)
sprk01_lite	84679	[017]	2604245.403007	1	cpu/event=0xC0,umask=0x00/u	7f1235aa5c30	_start	(/lib/x86_64-linux-gnu/ld-2.23.so)
sprk01_lite	84679	[017]	2604245.403017	2	cpu/event=0xC0,umask=0x00/u	7f1235aa5c30	_start	(/lib/x86_64-linux-gnu/ld-2.23.so)
sprk01_lite	84679	[017]	2604245.403030	5	cpu/event=0xC0,umask=0x00/u	ffffffff8186d5d0	page_fault	([kernel.kallsyms])
sprk01_lite	84679	[017]	2604245.403047	10	cpu/event=0xC0,umask=0x00/u	7f1235aa69b1	_dl_start	(/lib/x86_64-linux-gnu/ld-2.23.so)
sprk01_lite	84679	[017]	2604245.403053	16	cpu/event=0xC0,umask=0x00/u	ffffffff8186d5d0	page_fault	([kernel.kallsyms])
sprk01_lite	84679	[017]	2604245.403063	46	cpu/event=0xC0,umask=0x00/u	7f1235aa6a33	_dl_start	(/lib/x86_64-linux-gnu/ld-2.23.so)
sprk01_lite	84679	[017]	2604245.403083	99	cpu/event=0xC0,umask=0x00/u	7f1235aa6a48	_dl_start	(/lib/x86_64-linux-gnu/ld-2.23.so)
sprk01_lite	84679	[017]	2604245.403088	149	cpu/event=0xC0,umask=0x00/u	7f1235aa6a65	_dl_start	(/lib/x86_64-linux-gnu/ld-2.23.so)
sprk01_lite	84679	[017]	2604245.403113	465	cpu/event=0xC0,umask=0x00/u	7f1235aa6d3a	_dl_start	(/lib/x86_64-linux-gnu/ld-2.23.so)
sprk01_lite	84679	[017]	2604245.403145	639	cpu/event=0xC0,umask=0x00/u	7f1235abe7e8	_dl_sysdep_start	(/lib/x86_64-linux-gnu/ld-2.23.so)
sprk01_lite	84679	[017]	2604245.403172	816	cpu/event=0xC0,umask=0x00/u	7f1235abee80	calloc	(/lib/x86_64-linux-gnu/ld-2.23.so)
sprk01_lite	84679	[017]	2604245.403208	1082	cpu/event=0xC0,umask=0x00/u	7f1235ab0e20	_dl_new_object	(/lib/x86_64-linux-gnu/ld-2.23.so)
sprk01_lite	84679	[017]	2604245.403241	1324	cpu/event=0xC0,umask=0x00/u	7f1235ab4798	_dl_important_hwcaps	(/lib/x86_64-linux-gnu/ld-2.23.so)
sprk01_lite	84679	[017]	2604245.403269	1669	cpu/event=0xC0,umask=0x00/u	7f1235ac1860	strcmp	(/lib/x86_64-linux-gnu/ld-2.23.so)
sprk01_lite	84679	[017]	2604245.403307	2187	cpu/event=0xC0,umask=0x00/u	ffffffff8186a950	entry_SYSCALL_64	([kernel.kallsyms])
sprk01_lite	84679	[017]	2604245.403388	2648	cpu/event=0xC0,umask=0x00/u	7f1235ac1742	strcmp	(/lib/x86_64-linux-gnu/ld-2.23.so)
sprk01_lite	84679	[017]	2604245.403419	2724	cpu/event=0xC0,umask=0x00/u	7f1235aab7a0	_dl_map_object_from_fd	(/lib/x86_64-linux-gnu/ld-2.23.so)
sprk01_lite	84679	[017]	2604245.403493	3483	cpu/event=0xC0,umask=0x00/u	7f1235aada70	_dl_map_object	(/lib/x86_64-linux-gnu/ld-2.23.so)
sprk01_lite	84679	[017]	2604245.403521	3636	cpu/event=0xC0,umask=0x00/u	7f1235ac0b1c	strcmp	(/lib/x86_64-linux-gnu/ld-2.23.so)
sprk01_lite	84679	[017]	2604245.403547	4790	cpu/event=0xC0,umask=0x00/u	ffffffff8186a950	entry_SYSCALL_64	([kernel.kallsyms])
sprk01_lite	84679	[017]	2604245.403591	6512	cpu/event=0xC0,umask=0x00/u	7f1235ab1649	_dl_relocate_object	(/lib/x86_64-linux-gnu/ld-2.23.so)
sprk01_lite	84679	[017]	2604245.403611	7555	cpu/event=0xC0,umask=0x00/u	7f1235ab163f	_dl_relocate_object	(/lib/x86_64-linux-gnu/ld-2.23.so)
sprk01_lite	84679	[017]	2604245.403633	11376	cpu/event=0xC0,umask=0x00/u	7f1235aaeff2	do_lookup_x	(/lib/x86_64-linux-gnu/ld-2.23.so)
sprk01_lite	84679	[017]	2604245.403668	16269	cpu/event=0xC0,umask=0x00/u	7f1235aaf004	do_lookup_x	(/lib/x86_64-linux-gnu/ld-2.23.so)
sprk01_lite	84679	[017]	2604245.403694	20049	cpu/event=0xC0,umask=0x00/u	7f1235aafa57	_dl_lookup_symbol_x	(/lib/x86_64-linux-gnu/ld-2.23.so)
sprk01_lite	84679	[017]	2604245.403768	27113	cpu/event=0xC0,umask=0x00/u	7f1235aafb69	_dl_lookup_symbol_x	(/lib/x86_64-linux-gnu/ld-2.23.so)
sprk01_lite	84679	[017]	2604245.403894	28350	cpu/event=0xC0,umask=0x00/u	7f1235515383	_dl_addr	(/lib/x86_64-linux-gnu/libc-2.23.so)
sprk01_lite	84679	[017]	2604245.403945	27611	cpu/event=0xC0,umask=0x00/u	7f1235515360	_dl_addr	(/lib/x86_64-linux-gnu/libc-2.23.so)
sprk01_lite	84679	[017]	2604245.404029	30921	cpu/event=0xC0,umask=0x00/u	400a6f	GetInputValues	(/home/koga/autobench_perf/src/autobench/ttsprk01_lite)
sprk01_lite	84679	[017]	2604245.404052	31660	cpu/event=0xC0,umask=0x00/u	400efc	YTableLookup	(/home/koga/autobench_perf/src/autobench/ttsprk01_lite)
sprk01_lite	84679	[017]	2604245.404084	44545	cpu/event=0xC0,umask=0x00/u	400ee6	YTableLookup	(/home/koga/autobench_perf/src/autobench/ttsprk01_lite)
sprk01_lite	84679	[017]	2604245.404110	56883	cpu/event=0xC0,umask=0x00/u	400c80	ZTableLookup	(/home/koga/autobench_perf/src/autobench/ttsprk01_lite)
sprk01_lite	84679	[017]	2604245.404144	76976	cpu/event=0xC0,umask=0x00/u	400d65	ZTableLookup	(/home/koga/autobench_perf/src/autobench/ttsprk01_lite)
sprk01_lite	84679	[017]	2604245.404184	95482	cpu/event=0xC0,umask=0x00/u	400f00	YTableLookup	(/home/koga/autobench_perf/src/autobench/ttsprk01_lite)
sprk01_lite	84679	[017]	2604245.404246	113389	cpu/event=0xC0,umask=0x00/u	400c8e	ZTableLookup	(/home/koga/autobench_perf/src/autobench/ttsprk01_lite)
sprk01_lite	84679	[017]	2604245.404305	122099	cpu/event=0xC0,umask=0x00/u	400f00	YTableLookup	(/home/koga/autobench_perf/src/autobench/ttsprk01_lite)
sprk01_lite	84679	[017]	2604245.404360	132477	cpu/event=0xC0,umask=0x00/u	400c80	ZTableLookup	(/home/koga/autobench_perf/src/autobench/ttsprk01_lite)
sprk01_lite	84679	[017]	2604245.404427	146179	cpu/event=0xC0,umask=0x00/u	400c80	ZTableLookup	(/home/koga/autobench_perf/src/autobench/ttsprk01_lite)
sprk01_lite	84679	[017]	2604245.404499	155249	cpu/event=0xC0,umask=0x00/u	400edd	YTableLookup	(/home/koga/autobench_perf/src/autobench/ttsprk01_lite)
sprk01_lite	84679	[017]	2604245.404573	162659	cpu/event=0xC0,umask=0x00/u	400ef2	YTableLookup	(/home/koga/autobench_perf/src/autobench/ttsprk01_lite)
sprk01_lite	84679	[017]	2604245.404652	169751	cpu/event=0xC0,umask=0x00/u	400edd	YTableLookup	(/home/koga/autobench_perf/src/autobench/ttsprk01_lite)
sprk01_lite	84679	[017]	2604245.404730	175676	cpu/event=0xC0,umask=0x00/u	400ee6	YTableLookup	(/home/koga/autobench_perf/src/autobench/ttsprk01_lite)
sprk01_lite	84679	[017]	2604245.404814	181818	cpu/event=0xC0,umask=0x00/u	400cdc	ZTableLookup	(/home/koga/autobench_perf/src/autobench/ttsprk01_lite)
sprk01_lite	84679	[017]	2604245.404894	186150	cpu/event=0xC0,umask=0x00/u	400c97	ZTableLookup	(/home/koga/autobench_perf/src/autobench/ttsprk01_lite)
sprk01_lite	84679	[017]	2604245.404983	191889	cpu/event=0xC0,umask=0x00/u	400c80	ZTableLookup	(/home/koga/autobench_perf/src/autobench/ttsprk01_lite)
sprk01_lite	84679	[017]	2604245.405067	194859	cpu/event=0xC0,umask=0x00/u	400edd	YTableLookup	(/home/koga/autobench_perf/src/autobench/ttsprk01_lite)
sprk01_lite	84679	[017]	2604245.405182	182041	cpu/event=0xC0,umask=0x00/u	400c97	ZTableLookup	(/home/koga/autobench_perf/src/autobench/ttsprk01_lite)
sprk01_lite	84679	[017]	2604245.405267	179146	cpu/event=0xC0,umask=0x00/u	400c97	ZTableLookup	(/home/koga/autobench_perf/src/autobench/ttsprk01_lite)
sprk01_lite	84679	[017]	2604245.405347	183138	cpu/event=0xC0,umask=0x00/u	400efc	YTableLookup	(/home/koga/autobench_perf/src/autobench/ttsprk01_lite)
sprk01_lite	84679	[017]	2604245.405424	188952	cpu/event=0xC0,umask=0x00/u	400c80	ZTableLookup	(/home/koga/autobench_perf/src/autobench/ttsprk01_lite)
sprk01_lite	84679	[017]	2604245.405523	195788	cpu/event=0xC0,umask=0x00/u	400c97	ZTableLookup	(/home/koga/autobench_perf/src/autobench/ttsprk01_lite)
sprk01_lite	84679	[017]	2604245.405620	196083	cpu/event=0xC0,umask=0x00/u	400ee6	YTableLookup	(/home/koga/autobench_perf/src/autobench/ttsprk01_lite)
sprk01_lite	84679	[017]	2604245.405712	196948	cpu/event=0xC0,umask=0x00/u	400eb9	YTableLookup	(/home/koga/autobench_perf/src/autobench/ttsprk01_lite)
sprk01_lite	84679	[017]	2604245.405812	198838	cpu/event=0xC0,umask=0x00/u	400ee6	YTableLookup	(/home/koga/autobench_perf/src/autobench/ttsprk01_lite)
sprk01_lite	84679	[017]	2604245.405917	198832	cpu/event=0xC0,umask=0x00/u	400cdc	ZTableLookup	(/home/koga/autobench_perf/src/autobench/ttsprk01_lite)
sprk01_lite	84679	[017]	2604245.406010	197845	cpu/event=0xC0,umask=0x00/u	400ee6	YTableLookup	(/home/koga/autobench_perf/src/autobench/ttsprk01_lite)
sprk01_lite	84679	[017]	2604245.406110	199614	cpu/event=0xC0,umask=0x00/u	400edd	YTableLookup	(/home/koga/autobench_perf/src/autobench/ttsprk01_lite)
sprk01_lite	84679	[017]	2604245.406204	199642	cpu/event=0xC0,umask=0x00/u	400c80	ZTableLookup	(/home/koga/autobench_perf/src/autobench/ttsprk01_lite)
sprk01_lite	84679	[017]	2604245.406303	201077	cpu/event=0xC0,umask=0x00/u	400ee6	YTableLookup	(/home/koga/autobench_perf/src/autobench/ttsprk01_lite)
sprk01_lite	84679	[017]	2604245.406403	201408	cpu/event=0xC0,umask=0x00/u	400c97	ZTableLookup	(/home/koga/autobench_perf/src/autobench/ttsprk01_lite)
sprk01_lite	84679	[017]	2604245.406505	201323	cpu/event=0xC0,umask=0x00/u	400ee6	YTableLookup	(/home/koga/autobench_perf/src/autobench/ttsprk01_lite)
sprk01_lite	84679	[017]	2604245.406604	200942	cpu/event=0xC0,umask=0x00/u	400efc	YTableLookup	(/home/koga/autobench_perf/src/autobench/ttsprk01_lite)
sprk01_lite	84679	[017]	2604245.406704	201152	cpu/event=0xC0,umask=0x00/u	400c80	ZTableLookup	(/home/koga/autobench_perf/src/autobench/ttsprk01_lite)
sprk01_lite	84679	[017]	2604245.406806	201175	cpu/event=0xC0,umask=0x00/u	400c97	ZTableLookup	(/home/koga/autobench_perf/src/autobench/ttsprk01_lite)
sprk01_lite	84679	[017]	2604245.406906	200750	cpu/event=0xC0,umask=0x00/u	400c80	ZTableLookup	(/home/koga/autobench_perf/src/autobench/ttsprk01_lite)
sprk01_lite	84679	[017]	2604245.407006	200656	cpu/event=0xC0,umask=0x00/u	400edd	YTableLookup	(/home/koga/autobench_perf/src/autobench/ttsprk01_lite)
sprk01_lite	84679	[017]	2604245.407106	200802	cpu/event=0xC0,umask=0x00/u	400f00	YTableLookup	(/home/koga/autobench_perf/src/autobench/ttsprk01_lite)
sprk01_lite	84679	[017]	2604245.407207	200677	cpu/event=0xC0,umask=0x00/u	400c80	ZTableLookup	(/home/koga/autobench_perf/src/autobench/ttsprk01_lite)
sprk01_lite	84679	[017]	2604245.407306	200462	cpu/event=0xC0,umask=0x00/u	400ee2	YTableLookup	(/home/koga/autobench_perf/src/autobench/ttsprk01_lite)
sprk01_lite	84679	[017]	2604245.407405	200795	cpu/event=0xC0,umask=0x00/u	400c80	ZTableLookup	(/home/koga/autobench_perf/src/autobench/ttsprk01_lite)
sprk01_lite	84679	[017]	2604245.407507	200828	cpu/event=0xC0,umask=0x00/u	400efc	YTableLookup	(/home/koga/autobench_perf/src/autobench/ttsprk01_lite)
sprk01_lite	84679	[017]	2604245.407606	200555	cpu/event=0xC0,umask=0x00/u	400f98	YTableLookup	(/home/koga/autobench_perf/src/autobench/ttsprk01_lite)
sprk01_lite	84679	[017]	2604245.407700	200656	cpu/event=0xC0,umask=0x00/u	400f2d	YTableLookup	(/home/koga/autobench_perf/src/autobench/ttsprk01_lite)
sprk01_lite	84679	[017]	2604245.407806	202354	cpu/event=0xC0,umask=0x00/u	400efc	YTableLookup	(/home/koga/autobench_perf/src/autobench/ttsprk01_lite)
sprk01_lite	84679	[017]	2604245.407901	200902	cpu/event=0xC0,umask=0x00/u	400cdc	ZTableLookup	(/home/koga/autobench_perf/src/autobench/ttsprk01_lite)
sprk01_lite	84679	[017]	2604245.408000	202084	cpu/event=0xC0,umask=0x00/u	400efc	YTableLookup	(/home/koga/autobench_perf/src/autobench/ttsprk01_lite)
sprk01_lite	84679	[017]	2604245.408101	202433	cpu/event=0xC0,umask=0x00/u	400f2d	YTableLookup	(/home/koga/autobench_perf/src/autobench/ttsprk01_lite)
sprk01_lite	84679	[017]	2604245.408203	202270	cpu/event=0xC0,umask=0x00/u	400c80	ZTableLookup	(/home/koga/autobench_perf/src/autobench/ttsprk01_lite)
sprk01_lite	84679	[017]	2604245.408303	201761	cpu/event=0xC0,umask=0x00/u	400cdc	ZTableLookup	(/home/koga/autobench_perf/src/autobench/ttsprk01_lite)
sprk01_lite	84679	[017]	2604245.408402	201807	cpu/event=0xC0,umask=0x00/u	400c80	ZTableLookup	(/home/koga/autobench_perf/src/autobench/ttsprk01_lite)
sprk01_lite	84679	[017]	2604245.408504	201936	cpu/event=0xC0,umask=0x00/u	400c97	ZTableLookup	(/home/koga/autobench_perf/src/autobench/ttsprk01_lite)
sprk01_lite	84679	[017]	2604245.408604	201537	cpu/event=0xC0,umask=0x00/u	400dfb	ZTableLookup	(/home/koga/autobench_perf/src/autobench/ttsprk01_lite)
sprk01_lite	84679	[017]	2604245.408703	201386	cpu/event=0xC0,umask=0x00/u	400cdc	ZTableLookup	(/home/koga/autobench_perf/src/autobench/ttsprk01_lite)
sprk01_lite	84679	[017]	2604245.408804	201646	cpu/event=0xC0,umask=0x00/u	400cdc	ZTableLookup	(/home/koga/autobench_perf/src/autobench/ttsprk01_lite)
sprk01_lite	84679	[017]	2604245.408905	201478	cpu/event=0xC0,umask=0x00/u	400edd	YTableLookup	(/home/koga/autobench_perf/src/autobench/ttsprk01_lite)
sprk01_lite	84679	[017]	2604245.409005	201142	cpu/event=0xC0,umask=0x00/u	400c8e	ZTableLookup	(/home/koga/autobench_perf/src/autobench/ttsprk01_lite)
sprk01_lite	84679	[017]	2604245.409105	201341	cpu/event=0xC0,umask=0x00/u	40144b	t_run_test	(/home/koga/autobench_perf/src/autobench/ttsprk01_lite)
sprk01_lite	84679	[017]	2604245.409222	201293	cpu/event=0xC0,umask=0x00/u	400edd	YTableLookup	(/home/koga/autobench_perf/src/autobench/ttsprk01_lite)
sprk01_lite	84679	[017]	2604245.409322	197564	cpu/event=0xC0,umask=0x00/u	400f00	YTableLookup	(/home/koga/autobench_perf/src/autobench/ttsprk01_lite)
sprk01_lite	84679	[017]	2604245.409420	197525	cpu/event=0xC0,umask=0x00/u	400ee6	YTableLookup	(/home/koga/autobench_perf/src/autobench/ttsprk01_lite)
sprk01_lite	84679	[017]	2604245.409520	198155	cpu/event=0xC0,umask=0x00/u	400c8e	ZTableLookup	(/home/koga/autobench_perf/src/autobench/ttsprk01_lite)
sprk01_lite	84679	[017]	2604245.409619	198185	cpu/event=0xC0,umask=0x00/u	400ef2	YTableLookup	(/home/koga/autobench_perf/src/autobench/ttsprk01_lite)
sprk01_lite	84679	[017]	2604245.409717	198254	cpu/event=0xC0,umask=0x00/u	400ef2	YTableLookup	(/home/koga/autobench_perf/src/autobench/ttsprk01_lite)
sprk01_lite	84679	[017]	2604245.409817	198730	cpu/event=0xC0,umask=0x00/u	400c97	ZTableLookup	(/home/koga/autobench_perf/src/autobench/ttsprk01_lite)
sprk01_lite	84679	[017]	2604245.409917	198917	cpu/event=0xC0,umask=0x00/u	400efc	YTableLookup	(/home/koga/autobench_perf/src/autobench/ttsprk01_lite)
sprk01_lite	84679	[017]	2604245.410015	198829	cpu/event=0xC0,umask=0x00/u	400d65	ZTableLookup	(/home/koga/autobench_perf/src/autobench/ttsprk01_lite)
sprk01_lite	84679	[017]	2604245.410114	199228	cpu/event=0xC0,umask=0x00/u	400fa2	YTableLookup	(/home/koga/autobench_perf/src/autobench/ttsprk01_lite)
sprk01_lite	84679	[017]	2604245.410215	199475	cpu/event=0xC0,umask=0x00/u	400f00	YTableLookup	(/home/koga/autobench_perf/src/autobench/ttsprk01_lite)
sprk01_lite	84679	[017]	2604245.410314	199270	cpu/event=0xC0,umask=0x00/u	400c97	ZTableLookup	(/home/koga/autobench_perf/src/autobench/ttsprk01_lite)
sprk01_lite	84679	[017]	2604245.410413	199459	cpu/event=0xC0,umask=0x00/u	401c55	t_run_test	(/home/koga/autobench_perf/src/autobench/ttsprk01_lite)
sprk01_lite	84679	[017]	2604245.410514	199909	cpu/event=0xC0,umask=0x00/u	400ef2	YTableLookup	(/home/koga/autobench_perf/src/autobench/ttsprk01_lite)
sprk01_lite	84679	[017]	2604245.410614	199680	cpu/event=0xC0,umask=0x00/u	400c8e	ZTableLookup	(/home/koga/autobench_perf/src/autobench/ttsprk01_lite)
sprk01_lite	84679	[017]	2604245.410712	199659	cpu/event=0xC0,umask=0x00/u	400efc	YTableLookup	(/home/koga/autobench_perf/src/autobench/ttsprk01_lite)
sprk01_lite	84679	[017]	2604245.410812	200107	cpu/event=0xC0,umask=0x00/u	400efc	YTableLookup	(/home/koga/autobench_perf/src/autobench/ttsprk01_lite)
sprk01_lite	84679	[017]	2604245.410912	200161	cpu/event=0xC0,umask=0x00/u	400c80	ZTableLookup	(/home/koga/autobench_perf/src/autobench/ttsprk01_lite)
sprk01_lite	84679	[017]	2604245.411011	200003	cpu/event=0xC0,umask=0x00/u	400c80	ZTableLookup	(/home/koga/autobench_perf/src/autobench/ttsprk01_lite)
sprk01_lite	84679	[017]	2604245.411111	200292	cpu/event=0xC0,umask=0x00/u	400ef2	YTableLookup	(/home/koga/autobench_perf/src/autobench/ttsprk01_lite)
sprk01_lite	84679	[017]	2604245.411211	200468	cpu/event=0xC0,umask=0x00/u	400ee6	YTableLookup	(/home/koga/autobench_perf/src/autobench/ttsprk01_lite)
sprk01_lite	84679	[017]	2604245.411311	200242	cpu/event=0xC0,umask=0x00/u	400c89	ZTableLookup	(/home/koga/autobench_perf/src/autobench/ttsprk01_lite)
sprk01_lite	84679	[017]	2604245.411410	200263	cpu/event=0xC0,umask=0x00/u	400ed5	YTableLookup	(/home/koga/autobench_perf/src/autobench/ttsprk01_lite)
sprk01_lite	84679	[017]	2604245.411511	200497	cpu/event=0xC0,umask=0x00/u	400c80	ZTableLookup	(/home/koga/autobench_perf/src/autobench/ttsprk01_lite)
sprk01_lite	84679	[017]	2604245.411611	200368	cpu/event=0xC0,umask=0x00/u	400c97	ZTableLookup	(/home/koga/autobench_perf/src/autobench/ttsprk01_lite)
sprk01_lite	84679	[017]	2604245.411710	200301	cpu/event=0xC0,umask=0x00/u	400ee6	YTableLookup	(/home/koga/autobench_perf/src/autobench/ttsprk01_lite)
sprk01_lite	84679	[017]	2604245.411809	200697	cpu/event=0xC0,umask=0x00/u	400dd0	ZTableLookup	(/home/koga/autobench_perf/src/autobench/ttsprk01_lite)
sprk01_lite	84679	[017]	2604245.411911	200757	cpu/event=0xC0,umask=0x00/u	400c97	ZTableLookup	(/home/koga/autobench_perf/src/autobench/ttsprk01_lite)
sprk01_lite	84679	[017]	2604245.412010	200502	cpu/event=0xC0,umask=0x00/u	400f2d	YTableLookup	(/home/koga/autobench_perf/src/autobench/ttsprk01_lite)
sprk01_lite	84679	[017]	2604245.412109	200615	cpu/event=0xC0,umask=0x00/u	400efc	YTableLookup	(/home/koga/autobench_perf/src/autobench/ttsprk01_lite)
sprk01_lite	84679	[017]	2604245.412210	200877	cpu/event=0xC0,umask=0x00/u	400d65	ZTableLookup	(/home/koga/autobench_perf/src/autobench/ttsprk01_lite)
sprk01_lite	84679	[017]	2604245.412310	200557	cpu/event=0xC0,umask=0x00/u	400ee6	YTableLookup	(/home/koga/autobench_perf/src/autobench/ttsprk01_lite)
sprk01_lite	84679	[017]	2604245.412409	200560	cpu/event=0xC0,umask=0x00/u	400ee2	YTableLookup	(/home/koga/autobench_perf/src/autobench/ttsprk01_lite)
sprk01_lite	84679	[017]	2604245.412509	200907	cpu/event=0xC0,umask=0x00/u	400c97	ZTableLookup	(/home/koga/autobench_perf/src/autobench/ttsprk01_lite)
sprk01_lite	84679	[017]	2604245.412610	200833	cpu/event=0xC0,umask=0x00/u	400c80	ZTableLookup	(/home/koga/autobench_perf/src/autobench/ttsprk01_lite)
sprk01_lite	84679	[017]	2604245.412709	200543	cpu/event=0xC0,umask=0x00/u	400edd	YTableLookup	(/home/koga/autobench_perf/src/autobench/ttsprk01_lite)
sprk01_lite	84679	[017]	2604245.412804	200814	cpu/event=0xC0,umask=0x00/u	400c97	ZTableLookup	(/home/koga/autobench_perf/src/autobench/ttsprk01_lite)
sprk01_lite	84679	[017]	2604245.412910	202303	cpu/event=0xC0,umask=0x00/u	400c84	ZTableLookup	(/home/koga/autobench_perf/src/autobench/ttsprk01_lite)
sprk01_lite	84679	[017]	2604245.413011	200807	cpu/event=0xC0,umask=0x00/u	400efc	YTableLookup	(/home/koga/autobench_perf/src/autobench/ttsprk01_lite)
sprk01_lite	84679	[017]	2604245.413110	200692	cpu/event=0xC0,umask=0x00/u	400edd	YTableLookup	(/home/koga/autobench_perf/src/autobench/ttsprk01_lite)
sprk01_lite	84679	[017]	2604245.413220	200859	cpu/event=0xC0,umask=0x00/u	400df2	ZTableLookup	(/home/koga/autobench_perf/src/autobench/ttsprk01_lite)
sprk01_lite	84679	[017]	2604245.413326	198569	cpu/event=0xC0,umask=0x00/u	400ee2	YTableLookup	(/home/koga/autobench_perf/src/autobench/ttsprk01_lite)
sprk01_lite	84679	[017]	2604245.413424	197165	cpu/event=0xC0,umask=0x00/u	400c9e	ZTableLookup	(/home/koga/autobench_perf/src/autobench/ttsprk01_lite)
sprk01_lite	84679	[017]	2604245.413517	197679	cpu/event=0xC0,umask=0x00/u	400c80	ZTableLookup	(/home/koga/autobench_perf/src/autobench/ttsprk01_lite)
sprk01_lite	84679	[017]	2604245.413618	199305	cpu/event=0xC0,umask=0x00/u	400ee6	YTableLookup	(/home/koga/autobench_perf/src/autobench/ttsprk01_lite)
sprk01_lite	84679	[017]	2604245.413721	199226	cpu/event=0xC0,umask=0x00/u	400e20	ZTableLookup	(/home/koga/autobench_perf/src/autobench/ttsprk01_lite)
sprk01_lite	84679	[017]	2604245.413815	198369	cpu/event=0xC0,umask=0x00/u	400c80	ZTableLookup	(/home/koga/autobench_perf/src/autobench/ttsprk01_lite)
sprk01_lite	84679	[017]	2604245.413915	200115	cpu/event=0xC0,umask=0x00/u	400efc	YTableLookup	(/home/koga/autobench_perf/src/autobench/ttsprk01_lite)
sprk01_lite	84679	[017]	2604245.414015	199970	cpu/event=0xC0,umask=0x00/u	400ed5	YTableLookup	(/home/koga/autobench_perf/src/autobench/ttsprk01_lite)
sprk01_lite	84679	[017]	2604245.414113	200086	cpu/event=0xC0,umask=0x00/u	400efc	YTableLookup	(/home/koga/autobench_perf/src/autobench/ttsprk01_lite)
sprk01_lite	84679	[017]	2604245.414214	200430	cpu/event=0xC0,umask=0x00/u	400f00	YTableLookup	(/home/koga/autobench_perf/src/autobench/ttsprk01_lite)
sprk01_lite	84679	[017]	2604245.414315	200351	cpu/event=0xC0,umask=0x00/u	400d65	ZTableLookup	(/home/koga/autobench_perf/src/autobench/ttsprk01_lite)
sprk01_lite	84679	[017]	2604245.414408	200164	cpu/event=0xC0,umask=0x00/u	400c97	ZTableLookup	(/home/koga/autobench_perf/src/autobench/ttsprk01_lite)
sprk01_lite	84679	[017]	2604245.414512	201969	cpu/event=0xC0,umask=0x00/u	400efc	YTableLookup	(/home/koga/autobench_perf/src/autobench/ttsprk01_lite)
sprk01_lite	84679	[017]	2604245.414614	200886	cpu/event=0xC0,umask=0x00/u	400ee2	YTableLookup	(/home/koga/autobench_perf/src/autobench/ttsprk01_lite)
sprk01_lite	84679	[017]	2604245.414708	200580	cpu/event=0xC0,umask=0x00/u	400f2d	YTableLookup	(/home/koga/autobench_perf/src/autobench/ttsprk01_lite)
sprk01_lite	84679	[017]	2604245.414807	202169	cpu/event=0xC0,umask=0x00/u	400ee6	YTableLookup	(/home/koga/autobench_perf/src/autobench/ttsprk01_lite)
sprk01_lite	84679	[017]	2604245.414908	202417	cpu/event=0xC0,umask=0x00/u	400ef2	YTableLookup	(/home/koga/autobench_perf/src/autobench/ttsprk01_lite)
sprk01_lite	84679	[017]	2604245.415009	202059	cpu/event=0xC0,umask=0x00/u	400ee6	YTableLookup	(/home/koga/autobench_perf/src/autobench/ttsprk01_lite)
sprk01_lite	84679	[017]	2604245.415108	201877	cpu/event=0xC0,umask=0x00/u	400f98	YTableLookup	(/home/koga/autobench_perf/src/autobench/ttsprk01_lite)
sprk01_lite	84679	[017]	2604245.415208	202130	cpu/event=0xC0,umask=0x00/u	400ef2	YTableLookup	(/home/koga/autobench_perf/src/autobench/ttsprk01_lite)
sprk01_lite	84679	[017]	2604245.415310	201998	cpu/event=0xC0,umask=0x00/u	400f2d	YTableLookup	(/home/koga/autobench_perf/src/autobench/ttsprk01_lite)
sprk01_lite	84679	[017]	2604245.415410	201559	cpu/event=0xC0,umask=0x00/u	400cdc	ZTableLookup	(/home/koga/autobench_perf/src/autobench/ttsprk01_lite)
sprk01_lite	84679	[017]	2604245.415509	201665	cpu/event=0xC0,umask=0x00/u	400edd	YTableLookup	(/home/koga/autobench_perf/src/autobench/ttsprk01_lite)
sprk01_lite	84679	[017]	2604245.415611	201793	cpu/event=0xC0,umask=0x00/u	400c8e	ZTableLookup	(/home/koga/autobench_perf/src/autobench/ttsprk01_lite)
sprk01_lite	84679	[017]	2604245.415711	201454	cpu/event=0xC0,umask=0x00/u	400efc	YTableLookup	(/home/koga/autobench_perf/src/autobench/ttsprk01_lite)
sprk01_lite	84679	[017]	2604245.415810	201325	cpu/event=0xC0,umask=0x00/u	400c97	ZTableLookup	(/home/koga/autobench_perf/src/autobench/ttsprk01_lite)
sprk01_lite	84679	[017]	2604245.415911	201556	cpu/event=0xC0,umask=0x00/u	400fa2	YTableLookup	(/home/koga/autobench_perf/src/autobench/ttsprk01_lite)
sprk01_lite	84679	[017]	2604245.416012	201459	cpu/event=0xC0,umask=0x00/u	400c97	ZTableLookup	(/home/koga/autobench_perf/src/autobench/ttsprk01_lite)
sprk01_lite	84679	[017]	2604245.416111	201086	cpu/event=0xC0,umask=0x00/u	400c89	ZTableLookup	(/home/koga/autobench_perf/src/autobench/ttsprk01_lite)
sprk01_lite	84679	[017]	2604245.416211	201303	cpu/event=0xC0,umask=0x00/u	400c8e	ZTableLookup	(/home/koga/autobench_perf/src/autobench/ttsprk01_lite)
sprk01_lite	84679	[017]	2604245.416312	201418	cpu/event=0xC0,umask=0x00/u	400ef2	YTableLookup	(/home/koga/autobench_perf/src/autobench/ttsprk01_lite)
sprk01_lite	84679	[017]	2604245.416412	201070	cpu/event=0xC0,umask=0x00/u	400edd	YTableLookup	(/home/koga/autobench_perf/src/autobench/ttsprk01_lite)
sprk01_lite	84679	[017]	2604245.416511	201040	cpu/event=0xC0,umask=0x00/u	400edd	YTableLookup	(/home/koga/autobench_perf/src/autobench/ttsprk01_lite)
sprk01_lite	84679	[017]	2604245.416612	201270	cpu/event=0xC0,umask=0x00/u	400c97	ZTableLookup	(/home/koga/autobench_perf/src/autobench/ttsprk01_lite)
sprk01_lite	84679	[017]	2604245.416713	201106	cpu/event=0xC0,umask=0x00/u	400c80	ZTableLookup	(/home/koga/autobench_perf/src/autobench/ttsprk01_lite)
sprk01_lite	84679	[017]	2604245.416811	200928	cpu/event=0xC0,umask=0x00/u	400c80	ZTableLookup	(/home/koga/autobench_perf/src/autobench/ttsprk01_lite)
sprk01_lite	84679	[017]	2604245.416911	201265	cpu/event=0xC0,umask=0x00/u	40182a	t_run_test	(/home/koga/autobench_perf/src/autobench/ttsprk01_lite)
sprk01_lite	84679	[017]	2604245.417013	201274	cpu/event=0xC0,umask=0x00/u	400cdc	ZTableLookup	(/home/koga/autobench_perf/src/autobench/ttsprk01_lite)
sprk01_lite	84679	[017]	2604245.417112	200988	cpu/event=0xC0,umask=0x00/u	400dfb	ZTableLookup	(/home/koga/autobench_perf/src/autobench/ttsprk01_lite)
sprk01_lite	84679	[017]	2604245.417228	200989	cpu/event=0xC0,umask=0x00/u	400d65	ZTableLookup	(/home/koga/autobench_perf/src/autobench/ttsprk01_lite)
sprk01_lite	84679	[017]	2604245.417329	197582	cpu/event=0xC0,umask=0x00/u	400cdc	ZTableLookup	(/home/koga/autobench_perf/src/autobench/ttsprk01_lite)
sprk01_lite	84679	[017]	2604245.417428	197338	cpu/event=0xC0,umask=0x00/u	400c97	ZTableLookup	(/home/koga/autobench_perf/src/autobench/ttsprk01_lite)
sprk01_lite	84679	[017]	2604245.417525	197613	cpu/event=0xC0,umask=0x00/u	400fa2	YTableLookup	(/home/koga/autobench_perf/src/autobench/ttsprk01_lite)
sprk01_lite	84679	[017]	2604245.417625	198253	cpu/event=0xC0,umask=0x00/u	400c80	ZTableLookup	(/home/koga/autobench_perf/src/autobench/ttsprk01_lite)
sprk01_lite	84679	[017]	2604245.417725	198414	cpu/event=0xC0,umask=0x00/u	400f2d	YTableLookup	(/home/koga/autobench_perf/src/autobench/ttsprk01_lite)
sprk01_lite	84679	[017]	2604245.417832	198364	cpu/event=0xC0,umask=0x00/u	400c80	ZTableLookup	(/home/koga/autobench_perf/src/autobench/ttsprk01_lite)
sprk01_lite	84679	[017]	2604245.417924	196642	cpu/event=0xC0,umask=0x00/u	400c97	ZTableLookup	(/home/koga/autobench_perf/src/autobench/ttsprk01_lite)
sprk01_lite	84679	[017]	2604245.418016	198958	cpu/event=0xC0,umask=0x00/u	400d65	ZTableLookup	(/home/koga/autobench_perf/src/autobench/ttsprk01_lite)
sprk01_lite	84679	[017]	2604245.418107	201074	cpu/event=0xC0,umask=0x00/u	400c80	ZTableLookup	(/home/koga/autobench_perf/src/autobench/ttsprk01_lite)
sprk01_lite	84679	[017]	2604245.418198	203577	cpu/event=0xC0,umask=0x00/u	400a88	GetInputValues	(/home/koga/autobench_perf/src/autobench/ttsprk01_lite)
sprk01_lite	84679	[017]	2604245.418292	206016	cpu/event=0xC0,umask=0x00/u	400efc	YTableLookup	(/home/koga/autobench_perf/src/autobench/ttsprk01_lite)
sprk01_lite	84679	[017]	2604245.418387	207558	cpu/event=0xC0,umask=0x00/u	401f38	t_run_test	(/home/koga/autobench_perf/src/autobench/ttsprk01_lite)
sprk01_lite	84679	[017]	2604245.418480	209085	cpu/event=0xC0,umask=0x00/u	400c8e	ZTableLookup	(/home/koga/autobench_perf/src/autobench/ttsprk01_lite)
sprk01_lite	84679	[017]	2604245.418575	210908	cpu/event=0xC0,umask=0x00/u	400d65	ZTableLookup	(/home/koga/autobench_perf/src/autobench/ttsprk01_lite)
sprk01_lite	84679	[017]	2604245.418672	212278	cpu/event=0xC0,umask=0x00/u	400efc	YTableLookup	(/home/koga/autobench_perf/src/autobench/ttsprk01_lite)
sprk01_lite	84679	[017]	2604245.418768	213183	cpu/event=0xC0,umask=0x00/u	400efc	YTableLookup	(/home/koga/autobench_perf/src/autobench/ttsprk01_lite)
sprk01_lite	84679	[017]	2604245.418864	214175	cpu/event=0xC0,umask=0x00/u	400cdc	ZTableLookup	(/home/koga/autobench_perf/src/autobench/ttsprk01_lite)
sprk01_lite	84679	[017]	2604245.418956	215435	cpu/event=0xC0,umask=0x00/u	401831	t_run_test	(/home/koga/autobench_perf/src/autobench/ttsprk01_lite)
sprk01_lite	84679	[017]	2604245.419059	217688	cpu/event=0xC0,umask=0x00/u	400cdc	ZTableLookup	(/home/koga/autobench_perf/src/autobench/ttsprk01_lite)
sprk01_lite	84679	[017]	2604245.419157	216970	cpu/event=0xC0,umask=0x00/u	400f00	YTableLookup	(/home/koga/autobench_perf/src/autobench/ttsprk01_lite)
sprk01_lite	84679	[017]	2604245.419254	217517	cpu/event=0xC0,umask=0x00/u	400ee6	YTableLookup	(/home/koga/autobench_perf/src/autobench/ttsprk01_lite)
sprk01_lite	84679	[017]	2604245.419351	218455	cpu/event=0xC0,umask=0x00/u	400f00	YTableLookup	(/home/koga/autobench_perf/src/autobench/ttsprk01_lite)
sprk01_lite	84679	[017]	2604245.419450	219114	cpu/event=0xC0,umask=0x00/u	400efc	YTableLookup	(/home/koga/autobench_perf/src/autobench/ttsprk01_lite)
sprk01_lite	84679	[017]	2604245.419549	219331	cpu/event=0xC0,umask=0x00/u	400edd	YTableLookup	(/home/koga/autobench_perf/src/autobench/ttsprk01_lite)
sprk01_lite	84679	[017]	2604245.419647	219632	cpu/event=0xC0,umask=0x00/u	4027ba	t_run_test	(/home/koga/autobench_perf/src/autobench/ttsprk01_lite)
sprk01_lite	84679	[017]	2604245.419745	220304	cpu/event=0xC0,umask=0x00/u	400aa1	GetInputValues	(/home/koga/autobench_perf/src/autobench/ttsprk01_lite)
sprk01_lite	84679	[017]	2604245.419845	220833	cpu/event=0xC0,umask=0x00/u	400edd	YTableLookup	(/home/koga/autobench_perf/src/autobench/ttsprk01_lite)
sprk01_lite	84679	[017]	2604245.419944	220979	cpu/event=0xC0,umask=0x00/u	400c77	ZTableLookup	(/home/koga/autobench_perf/src/autobench/ttsprk01_lite)
sprk01_lite	84679	[017]	2604245.420043	221064	cpu/event=0xC0,umask=0x00/u	4024a2	t_run_test	(/home/koga/autobench_perf/src/autobench/ttsprk01_lite)
sprk01_lite	84679	[017]	2604245.420141	221432	cpu/event=0xC0,umask=0x00/u	400cdc	ZTableLookup	(/home/koga/autobench_perf/src/autobench/ttsprk01_lite)
sprk01_lite	84679	[017]	2604245.420236	221935	cpu/event=0xC0,umask=0x00/u	400c97	ZTableLookup	(/home/koga/autobench_perf/src/autobench/ttsprk01_lite)
sprk01_lite	84679	[017]	2604245.420341	223475	cpu/event=0xC0,umask=0x00/u	402185	t_run_test	(/home/koga/autobench_perf/src/autobench/ttsprk01_lite)
sprk01_lite	84679	[017]	2604245.420442	222101	cpu/event=0xC0,umask=0x00/u	400c80	ZTableLookup	(/home/koga/autobench_perf/src/autobench/ttsprk01_lite)
sprk01_lite	84679	[017]	2604245.420540	221948	cpu/event=0xC0,umask=0x00/u	400e2e	ZTableLookup	(/home/koga/autobench_perf/src/autobench/ttsprk01_lite)
sprk01_lite	84679	[017]	2604245.420639	222325	cpu/event=0xC0,umask=0x00/u	400edd	YTableLookup	(/home/koga/autobench_perf/src/autobench/ttsprk01_lite)
sprk01_lite	84679	[017]	2604245.420735	222627	cpu/event=0xC0,umask=0x00/u	400efc	YTableLookup	(/home/koga/autobench_perf/src/autobench/ttsprk01_lite)
sprk01_lite	84679	[017]	2604245.420840	223996	cpu/event=0xC0,umask=0x00/u	400ef2	YTableLookup	(/home/koga/autobench_perf/src/autobench/ttsprk01_lite)
sprk01_lite	84679	[017]	2604245.420940	222540	cpu/event=0xC0,umask=0x00/u	400c97	ZTableLookup	(/home/koga/autobench_perf/src/autobench/ttsprk01_lite)
sprk01_lite	84679	[017]	2604245.421039	222535	cpu/event=0xC0,umask=0x00/u	400c97	ZTableLookup	(/home/koga/autobench_perf/src/autobench/ttsprk01_lite)
sprk01_lite	84679	[017]	2604245.421134	222919	cpu/event=0xC0,umask=0x00/u	400ed5	YTableLookup	(/home/koga/autobench_perf/src/autobench/ttsprk01_lite)
sprk01_lite	84679	[017]	2604245.421252	223414	cpu/event=0xC0,umask=0x00/u	400c97	ZTableLookup	(/home/koga/autobench_perf/src/autobench/ttsprk01_lite)
sprk01_lite	84679	[017]	2604245.421353	219114	cpu/event=0xC0,umask=0x00/u	400e2e	ZTableLookup	(/home/koga/autobench_perf/src/autobench/ttsprk01_lite)
sprk01_lite	84679	[017]	2604245.421451	218959	cpu/event=0xC0,umask=0x00/u	401c48	t_run_test	(/home/koga/autobench_perf/src/autobench/ttsprk01_lite)
sprk01_lite	84679	[017]	2604245.421549	219426	cpu/event=0xC0,umask=0x00/u	400f2d	YTableLookup	(/home/koga/autobench_perf/src/autobench/ttsprk01_lite)
sprk01_lite	84679	[017]	2604245.421643	220086	cpu/event=0xC0,umask=0x00/u	400ef2	YTableLookup	(/home/koga/autobench_perf/src/autobench/ttsprk01_lite)
sprk01_lite	84679	[017]	2604245.421747	221768	cpu/event=0xC0,umask=0x00/u	400d65	ZTableLookup	(/home/koga/autobench_perf/src/autobench/ttsprk01_lite)
sprk01_lite	84679	[017]	2604245.421847	220583	cpu/event=0xC0,umask=0x00/u	400d65	ZTableLookup	(/home/koga/autobench_perf/src/autobench/ttsprk01_lite)
sprk01_lite	84679	[017]	2604245.421945	220715	cpu/event=0xC0,umask=0x00/u	400efc	YTableLookup	(/home/koga/autobench_perf/src/autobench/ttsprk01_lite)
sprk01_lite	84679	[017]	2604245.422035	221204	cpu/event=0xC0,umask=0x00/u	400ef8	YTableLookup	(/home/koga/autobench_perf/src/autobench/ttsprk01_lite)
sprk01_lite	84679	[017]	2604245.422144	224478	cpu/event=0xC0,umask=0x00/u	400c80	ZTableLookup	(/home/koga/autobench_perf/src/autobench/ttsprk01_lite)
sprk01_lite	84679	[017]	2604245.422245	221969	cpu/event=0xC0,umask=0x00/u	400c97	ZTableLookup	(/home/koga/autobench_perf/src/autobench/ttsprk01_lite)
sprk01_lite	84679	[017]	2604245.422344	221701	cpu/event=0xC0,umask=0x00/u	400ef2	YTableLookup	(/home/koga/autobench_perf/src/autobench/ttsprk01_lite)
sprk01_lite	84679	[017]	2604245.422443	222018	cpu/event=0xC0,umask=0x00/u	400c52	ZTableLookup	(/home/koga/autobench_perf/src/autobench/ttsprk01_lite)
sprk01_lite	84679	[017]	2604245.422534	222289	cpu/event=0xC0,umask=0x00/u	400ee6	YTableLookup	(/home/koga/autobench_perf/src/autobench/ttsprk01_lite)
sprk01_lite	84679	[017]	2604245.422639	224976	cpu/event=0xC0,umask=0x00/u	400ee6	YTableLookup	(/home/koga/autobench_perf/src/autobench/ttsprk01_lite)
sprk01_lite	84679	[017]	2604245.422740	223628	cpu/event=0xC0,umask=0x00/u	400c97	ZTableLookup	(/home/koga/autobench_perf/src/autobench/ttsprk01_lite)
sprk01_lite	84679	[017]	2604245.422840	223455	cpu/event=0xC0,umask=0x00/u	400c80	ZTableLookup	(/home/koga/autobench_perf/src/autobench/ttsprk01_lite)
sprk01_lite	84679	[017]	2604245.422939	223561	cpu/event=0xC0,umask=0x00/u	4017f4	t_run_test	(/home/koga/autobench_perf/src/autobench/ttsprk01_lite)
sprk01_lite	84679	[017]	2604245.423035	223750	cpu/event=0xC0,umask=0x00/u	400a4d	GetInputValues	(/home/koga/autobench_perf/src/autobench/ttsprk01_lite)
sprk01_lite	84679	[017]	2604245.423141	224817	cpu/event=0xC0,umask=0x00/u	400f00	YTableLookup	(/home/koga/autobench_perf/src/autobench/ttsprk01_lite)
sprk01_lite	84679	[017]	2604245.423241	223346	cpu/event=0xC0,umask=0x00/u	400c97	ZTableLookup	(/home/koga/autobench_perf/src/autobench/ttsprk01_lite)
sprk01_lite	84679	[017]	2604245.423340	223314	cpu/event=0xC0,umask=0x00/u	401fe4	t_run_test	(/home/koga/autobench_perf/src/autobench/ttsprk01_lite)
sprk01_lite	84679	[017]	2604245.423430	223633	cpu/event=0xC0,umask=0x00/u	400efc	YTableLookup	(/home/koga/autobench_perf/src/autobench/ttsprk01_lite)
sprk01_lite	84679	[017]	2604245.423536	226627	cpu/event=0xC0,umask=0x00/u	401c85	t_run_test	(/home/koga/autobench_perf/src/autobench/ttsprk01_lite)
sprk01_lite	84679	[017]	2604245.423642	225081	cpu/event=0xC0,umask=0x00/u	400c97	ZTableLookup	(/home/koga/autobench_perf/src/autobench/ttsprk01_lite)
sprk01_lite	84679	[017]	2604245.423742	223542	cpu/event=0xC0,umask=0x00/u	400c80	ZTableLookup	(/home/koga/autobench_perf/src/autobench/ttsprk01_lite)
sprk01_lite	84679	[017]	2604245.423841	223486	cpu/event=0xC0,umask=0x00/u	400d65	ZTableLookup	(/home/koga/autobench_perf/src/autobench/ttsprk01_lite)
sprk01_lite	84679	[017]	2604245.423936	223673	cpu/event=0xC0,umask=0x00/u	400ed5	YTableLookup	(/home/koga/autobench_perf/src/autobench/ttsprk01_lite)
sprk01_lite	84679	[017]	2604245.424037	225112	cpu/event=0xC0,umask=0x00/u	400c97	ZTableLookup	(/home/koga/autobench_perf/src/autobench/ttsprk01_lite)
sprk01_lite	84679	[017]	2604245.424138	224838	cpu/event=0xC0,umask=0x00/u	4017c4	t_run_test	(/home/koga/autobench_perf/src/autobench/ttsprk01_lite)
sprk01_lite	84679	[017]	2604245.424243	224631	cpu/event=0xC0,umask=0x00/u	400edd	YTableLookup	(/home/koga/autobench_perf/src/autobench/ttsprk01_lite)
sprk01_lite	84679	[017]	2604245.424342	223446	cpu/event=0xC0,umask=0x00/u	400ef2	YTableLookup	(/home/koga/autobench_perf/src/autobench/ttsprk01_lite)
sprk01_lite	84679	[017]	2604245.424438	223478	cpu/event=0xC0,umask=0x00/u	400c80	ZTableLookup	(/home/koga/autobench_perf/src/autobench/ttsprk01_lite)
sprk01_lite	84679	[017]	2604245.424539	224763	cpu/event=0xC0,umask=0x00/u	400c97	ZTableLookup	(/home/koga/autobench_perf/src/autobench/ttsprk01_lite)
sprk01_lite	84679	[017]	2604245.424751	224498	cpu/event=0xC0,umask=0x00/u	402a7e	Calc_crc32	(/home/koga/autobench_perf/src/autobench/ttsprk01_lite)
sprk01_lite	84679	[017]	2604245.425133	209683	cpu/event=0xC0,umask=0x00/u	7f12354210cb	vfprintf	(/lib/x86_64-linux-gnu/libc-2.23.so)
