bitmnp01_lite	79721	[001]	2603486.397263	1	cpu/event=0x3C,umask=0x00/u	7f42e4158c30	_start	(/lib/x86_64-linux-gnu/ld-2.23.so)
bitmnp01_lite	79721	[001]	2603486.397273	1	cpu/event=0x3C,umask=0x00/u	7f42e4158c30	_start	(/lib/x86_64-linux-gnu/ld-2.23.so)
bitmnp01_lite	79721	[001]	2603486.397279	3	cpu/event=0x3C,umask=0x00/u	7f42e4158c30	_start	(/lib/x86_64-linux-gnu/ld-2.23.so)
bitmnp01_lite	79721	[001]	2603486.397285	9	cpu/event=0x3C,umask=0x00/u	7f42e4158c30	_start	(/lib/x86_64-linux-gnu/ld-2.23.so)
bitmnp01_lite	79721	[001]	2603486.397291	28	cpu/event=0x3C,umask=0x00/u	7f42e4158c30	_start	(/lib/x86_64-linux-gnu/ld-2.23.so)
bitmnp01_lite	79721	[001]	2603486.397296	87	cpu/event=0x3C,umask=0x00/u	7f42e4158c30	_start	(/lib/x86_64-linux-gnu/ld-2.23.so)
bitmnp01_lite	79721	[001]	2603486.397302	271	cpu/event=0x3C,umask=0x00/u	7f42e4158c30	_start	(/lib/x86_64-linux-gnu/ld-2.23.so)
bitmnp01_lite	79721	[001]	2603486.397307	836	cpu/event=0x3C,umask=0x00/u	ffffffff8186d5d0	page_fault	([kernel.kallsyms])
bitmnp01_lite	79721	[001]	2603486.397319	2574	cpu/event=0x3C,umask=0x00/u	7f42e4158c33	_start	(/lib/x86_64-linux-gnu/ld-2.23.so)
bitmnp01_lite	79721	[001]	2603486.397347	5062	cpu/event=0x3C,umask=0x00/u	7f42e4159c93	_dl_start	(/lib/x86_64-linux-gnu/ld-2.23.so)
bitmnp01_lite	79721	[001]	2603486.397392	6679	cpu/event=0x3C,umask=0x00/u	ffffffff8186d5d0	page_fault	([kernel.kallsyms])
bitmnp01_lite	79721	[001]	2603486.397432	7684	cpu/event=0x3C,umask=0x00/u	7f42e4171150	init_cpu_features.constprop.0	(/lib/x86_64-linux-gnu/ld-2.23.so)
bitmnp01_lite	79721	[001]	2603486.397464	9162	cpu/event=0x3C,umask=0x00/u	7f42e415a9ac	dl_main	(/lib/x86_64-linux-gnu/ld-2.23.so)
bitmnp01_lite	79721	[001]	2603486.397523	11565	cpu/event=0x3C,umask=0x00/u	7f42e4169114	_dl_debug_initialize	(/lib/x86_64-linux-gnu/ld-2.23.so)
bitmnp01_lite	79721	[001]	2603486.397597	12569	cpu/event=0x3C,umask=0x00/u	7f42e41756c0	memcmp	(/lib/x86_64-linux-gnu/ld-2.23.so)
bitmnp01_lite	79721	[001]	2603486.397691	13139	cpu/event=0x3C,umask=0x00/u	7f42e4170095	_dl_cache_libcmp	(/lib/x86_64-linux-gnu/ld-2.23.so)
bitmnp01_lite	79721	[001]	2603486.397794	13236	cpu/event=0x3C,umask=0x00/u	7f42e4171e73	malloc	(/lib/x86_64-linux-gnu/ld-2.23.so)
bitmnp01_lite	79721	[001]	2603486.397846	13184	cpu/event=0x3C,umask=0x00/u	7f42e416a180	_dl_check_map_versions	(/lib/x86_64-linux-gnu/ld-2.23.so)
bitmnp01_lite	79721	[001]	2603486.397922	14746	cpu/event=0x3C,umask=0x00/u	ffffffff8186d5d0	page_fault	([kernel.kallsyms])
bitmnp01_lite	79721	[001]	2603486.397979	15317	cpu/event=0x3C,umask=0x00/u	7f42e4162a5e	_dl_lookup_symbol_x	(/lib/x86_64-linux-gnu/ld-2.23.so)
bitmnp01_lite	79721	[001]	2603486.398020	16788	cpu/event=0x3C,umask=0x00/u	7f42e4162a20	_dl_lookup_symbol_x	(/lib/x86_64-linux-gnu/ld-2.23.so)
bitmnp01_lite	79721	[001]	2603486.398071	19798	cpu/event=0x3C,umask=0x00/u	7f42e4161f1c	do_lookup_x	(/lib/x86_64-linux-gnu/ld-2.23.so)
bitmnp01_lite	79721	[001]	2603486.398137	22150	cpu/event=0x3C,umask=0x00/u	7f42e41645f8	_dl_relocate_object	(/lib/x86_64-linux-gnu/ld-2.23.so)
bitmnp01_lite	79721	[001]	2603486.398215	23542	cpu/event=0x3C,umask=0x00/u	7f42e3bc837b	_dl_addr	(/lib/x86_64-linux-gnu/libc-2.23.so)
bitmnp01_lite	79721	[001]	2603486.398258	24386	cpu/event=0x3C,umask=0x00/u	7f42e3bc83f4	_dl_addr	(/lib/x86_64-linux-gnu/libc-2.23.so)
bitmnp01_lite	79721	[001]	2603486.398296	28487	cpu/event=0x3C,umask=0x00/u	7f42e3bc83a8	_dl_addr	(/lib/x86_64-linux-gnu/libc-2.23.so)
bitmnp01_lite	79721	[001]	2603486.398352	34168	cpu/event=0x3C,umask=0x00/u	400c9b	t_run_test	(/home/koga/autobench_perf/src/autobench/bitmnp01_lite)
bitmnp01_lite	79721	[001]	2603486.398399	37627	cpu/event=0x3C,umask=0x00/u	400c7e	t_run_test	(/home/koga/autobench_perf/src/autobench/bitmnp01_lite)
bitmnp01_lite	79721	[001]	2603486.398449	42781	cpu/event=0x3C,umask=0x00/u	400b24	t_run_test	(/home/koga/autobench_perf/src/autobench/bitmnp01_lite)
bitmnp01_lite	79721	[001]	2603486.398494	48168	cpu/event=0x3C,umask=0x00/u	401402	t_run_test	(/home/koga/autobench_perf/src/autobench/bitmnp01_lite)
bitmnp01_lite	79721	[001]	2603486.398557	55570	cpu/event=0x3C,umask=0x00/u	400c8e	t_run_test	(/home/koga/autobench_perf/src/autobench/bitmnp01_lite)
bitmnp01_lite	79721	[001]	2603486.398622	59628	cpu/event=0x3C,umask=0x00/u	401153	t_run_test	(/home/koga/autobench_perf/src/autobench/bitmnp01_lite)
bitmnp01_lite	79721	[001]	2603486.398704	63705	cpu/event=0x3C,umask=0x00/u	401533	t_run_test	(/home/koga/autobench_perf/src/autobench/bitmnp01_lite)
bitmnp01_lite	79721	[001]	2603486.398775	65483	cpu/event=0x3C,umask=0x00/u	40142e	t_run_test	(/home/koga/autobench_perf/src/autobench/bitmnp01_lite)
bitmnp01_lite	79721	[001]	2603486.398844	68751	cpu/event=0x3C,umask=0x00/u	4016d6	t_run_test	(/home/koga/autobench_perf/src/autobench/bitmnp01_lite)
bitmnp01_lite	79721	[001]	2603486.398924	72699	cpu/event=0x3C,umask=0x00/u	400c0d	t_run_test	(/home/koga/autobench_perf/src/autobench/bitmnp01_lite)
bitmnp01_lite	79721	[001]	2603486.399003	74899	cpu/event=0x3C,umask=0x00/u	400beb	t_run_test	(/home/koga/autobench_perf/src/autobench/bitmnp01_lite)
bitmnp01_lite	79721	[001]	2603486.399089	77357	cpu/event=0x3C,umask=0x00/u	40121a	t_run_test	(/home/koga/autobench_perf/src/autobench/bitmnp01_lite)
bitmnp01_lite	79721	[001]	2603486.399172	78979	cpu/event=0x3C,umask=0x00/u	400d0a	t_run_test	(/home/koga/autobench_perf/src/autobench/bitmnp01_lite)
bitmnp01_lite	79721	[001]	2603486.399261	80986	cpu/event=0x3C,umask=0x00/u	4011c6	t_run_test	(/home/koga/autobench_perf/src/autobench/bitmnp01_lite)
bitmnp01_lite	79721	[001]	2603486.399347	82255	cpu/event=0x3C,umask=0x00/u	400c67	t_run_test	(/home/koga/autobench_perf/src/autobench/bitmnp01_lite)
bitmnp01_lite	79721	[001]	2603486.399443	83932	cpu/event=0x3C,umask=0x00/u	401577	t_run_test	(/home/koga/autobench_perf/src/autobench/bitmnp01_lite)
bitmnp01_lite	79721	[001]	2603486.399531	84354	cpu/event=0x3C,umask=0x00/u	401768	t_run_test	(/home/koga/autobench_perf/src/autobench/bitmnp01_lite)
bitmnp01_lite	79721	[001]	2603486.399620	85728	cpu/event=0x3C,umask=0x00/u	40178c	t_run_test	(/home/koga/autobench_perf/src/autobench/bitmnp01_lite)
bitmnp01_lite	79721	[001]	2603486.399720	87057	cpu/event=0x3C,umask=0x00/u	40110c	t_run_test	(/home/koga/autobench_perf/src/autobench/bitmnp01_lite)
bitmnp01_lite	79721	[001]	2603486.399816	87108	cpu/event=0x3C,umask=0x00/u	400b70	t_run_test	(/home/koga/autobench_perf/src/autobench/bitmnp01_lite)
bitmnp01_lite	79721	[001]	2603486.399907	87588	cpu/event=0x3C,umask=0x00/u	401768	t_run_test	(/home/koga/autobench_perf/src/autobench/bitmnp01_lite)
bitmnp01_lite	79721	[001]	2603486.400003	88664	cpu/event=0x3C,umask=0x00/u	401431	t_run_test	(/home/koga/autobench_perf/src/autobench/bitmnp01_lite)
bitmnp01_lite	79721	[001]	2603486.400095	89118	cpu/event=0x3C,umask=0x00/u	401687	t_run_test	(/home/koga/autobench_perf/src/autobench/bitmnp01_lite)
bitmnp01_lite	79721	[001]	2603486.400193	90041	cpu/event=0x3C,umask=0x00/u	40120c	t_run_test	(/home/koga/autobench_perf/src/autobench/bitmnp01_lite)
bitmnp01_lite	79721	[001]	2603486.400286	90328	cpu/event=0x3C,umask=0x00/u	40116a	t_run_test	(/home/koga/autobench_perf/src/autobench/bitmnp01_lite)
bitmnp01_lite	79721	[001]	2603486.400380	91091	cpu/event=0x3C,umask=0x00/u	4016d6	t_run_test	(/home/koga/autobench_perf/src/autobench/bitmnp01_lite)
bitmnp01_lite	79721	[001]	2603486.400479	91834	cpu/event=0x3C,umask=0x00/u	401522	t_run_test	(/home/koga/autobench_perf/src/autobench/bitmnp01_lite)
bitmnp01_lite	79721	[001]	2603486.400579	91931	cpu/event=0x3C,umask=0x00/u	400d0a	t_run_test	(/home/koga/autobench_perf/src/autobench/bitmnp01_lite)
bitmnp01_lite	79721	[001]	2603486.400674	91981	cpu/event=0x3C,umask=0x00/u	4010a8	t_run_test	(/home/koga/autobench_perf/src/autobench/bitmnp01_lite)
bitmnp01_lite	79721	[001]	2603486.400774	92582	cpu/event=0x3C,umask=0x00/u	4011c6	t_run_test	(/home/koga/autobench_perf/src/autobench/bitmnp01_lite)
bitmnp01_lite	79721	[001]	2603486.400870	92593	cpu/event=0x3C,umask=0x00/u	400b70	t_run_test	(/home/koga/autobench_perf/src/autobench/bitmnp01_lite)
bitmnp01_lite	79721	[001]	2603486.400970	93094	cpu/event=0x3C,umask=0x00/u	401184	t_run_test	(/home/koga/autobench_perf/src/autobench/bitmnp01_lite)
bitmnp01_lite	79721	[001]	2603486.401071	93045	cpu/event=0x3C,umask=0x00/u	401522	t_run_test	(/home/koga/autobench_perf/src/autobench/bitmnp01_lite)
bitmnp01_lite	79721	[001]	2603486.401167	92970	cpu/event=0x3C,umask=0x00/u	400b24	t_run_test	(/home/koga/autobench_perf/src/autobench/bitmnp01_lite)
bitmnp01_lite	79721	[001]	2603486.401288	90594	cpu/event=0x3C,umask=0x00/u	400ca8	t_run_test	(/home/koga/autobench_perf/src/autobench/bitmnp01_lite)
bitmnp01_lite	79721	[001]	2603486.401386	88661	cpu/event=0x3C,umask=0x00/u	400c0d	t_run_test	(/home/koga/autobench_perf/src/autobench/bitmnp01_lite)
bitmnp01_lite	79721	[001]	2603486.401479	88804	cpu/event=0x3C,umask=0x00/u	401153	t_run_test	(/home/koga/autobench_perf/src/autobench/bitmnp01_lite)
bitmnp01_lite	79721	[001]	2603486.401576	89692	cpu/event=0x3C,umask=0x00/u	401012	t_run_test	(/home/koga/autobench_perf/src/autobench/bitmnp01_lite)
bitmnp01_lite	79721	[001]	2603486.401674	90001	cpu/event=0x3C,umask=0x00/u	401191	t_run_test	(/home/koga/autobench_perf/src/autobench/bitmnp01_lite)
bitmnp01_lite	79721	[001]	2603486.401767	90254	cpu/event=0x3C,umask=0x00/u	4016c8	t_run_test	(/home/koga/autobench_perf/src/autobench/bitmnp01_lite)
bitmnp01_lite	79721	[001]	2603486.401866	91038	cpu/event=0x3C,umask=0x00/u	4015b8	t_run_test	(/home/koga/autobench_perf/src/autobench/bitmnp01_lite)
bitmnp01_lite	79721	[001]	2603486.401965	91236	cpu/event=0x3C,umask=0x00/u	4016c8	t_run_test	(/home/koga/autobench_perf/src/autobench/bitmnp01_lite)
bitmnp01_lite	79721	[001]	2603486.402064	91344	cpu/event=0x3C,umask=0x00/u	4010fb	t_run_test	(/home/koga/autobench_perf/src/autobench/bitmnp01_lite)
bitmnp01_lite	79721	[001]	2603486.402159	91423	cpu/event=0x3C,umask=0x00/u	40171c	t_run_test	(/home/koga/autobench_perf/src/autobench/bitmnp01_lite)
bitmnp01_lite	79721	[001]	2603486.402258	92057	cpu/event=0x3C,umask=0x00/u	401533	t_run_test	(/home/koga/autobench_perf/src/autobench/bitmnp01_lite)
bitmnp01_lite	79721	[001]	2603486.402358	92138	cpu/event=0x3C,umask=0x00/u	400cee	t_run_test	(/home/koga/autobench_perf/src/autobench/bitmnp01_lite)
bitmnp01_lite	79721	[001]	2603486.402458	92165	cpu/event=0x3C,umask=0x00/u	401080	t_run_test	(/home/koga/autobench_perf/src/autobench/bitmnp01_lite)
bitmnp01_lite	79721	[001]	2603486.402558	92171	cpu/event=0x3C,umask=0x00/u	401148	t_run_test	(/home/koga/autobench_perf/src/autobench/bitmnp01_lite)
bitmnp01_lite	79721	[001]	2603486.402653	92164	cpu/event=0x3C,umask=0x00/u	400bac	t_run_test	(/home/koga/autobench_perf/src/autobench/bitmnp01_lite)
bitmnp01_lite	79721	[001]	2603486.402754	92709	cpu/event=0x3C,umask=0x00/u	4011fe	t_run_test	(/home/koga/autobench_perf/src/autobench/bitmnp01_lite)
bitmnp01_lite	79721	[001]	2603486.402854	92661	cpu/event=0x3C,umask=0x00/u	401161	t_run_test	(/home/koga/autobench_perf/src/autobench/bitmnp01_lite)
bitmnp01_lite	79721	[001]	2603486.402954	92630	cpu/event=0x3C,umask=0x00/u	400b24	t_run_test	(/home/koga/autobench_perf/src/autobench/bitmnp01_lite)
bitmnp01_lite	79721	[001]	2603486.403055	92602	cpu/event=0x3C,umask=0x00/u	400ee7	t_run_test	(/home/koga/autobench_perf/src/autobench/bitmnp01_lite)
bitmnp01_lite	79721	[001]	2603486.403155	92562	cpu/event=0x3C,umask=0x00/u	40128e	t_run_test	(/home/koga/autobench_perf/src/autobench/bitmnp01_lite)
bitmnp01_lite	79721	[001]	2603486.403251	92515	cpu/event=0x3C,umask=0x00/u	400cad	t_run_test	(/home/koga/autobench_perf/src/autobench/bitmnp01_lite)
bitmnp01_lite	79721	[001]	2603486.403356	93021	cpu/event=0x3C,umask=0x00/u	400b57	t_run_test	(/home/koga/autobench_perf/src/autobench/bitmnp01_lite)
bitmnp01_lite	79721	[001]	2603486.403457	92466	cpu/event=0x3C,umask=0x00/u	400c40	t_run_test	(/home/koga/autobench_perf/src/autobench/bitmnp01_lite)
bitmnp01_lite	79721	[001]	2603486.403552	92401	cpu/event=0x3C,umask=0x00/u	400b24	t_run_test	(/home/koga/autobench_perf/src/autobench/bitmnp01_lite)
bitmnp01_lite	79721	[001]	2603486.403653	92944	cpu/event=0x3C,umask=0x00/u	400c1d	t_run_test	(/home/koga/autobench_perf/src/autobench/bitmnp01_lite)
bitmnp01_lite	79721	[001]	2603486.403750	92807	cpu/event=0x3C,umask=0x00/u	400f00	t_run_test	(/home/koga/autobench_perf/src/autobench/bitmnp01_lite)
bitmnp01_lite	79721	[001]	2603486.403850	93271	cpu/event=0x3C,umask=0x00/u	400ca8	t_run_test	(/home/koga/autobench_perf/src/autobench/bitmnp01_lite)
bitmnp01_lite	79721	[001]	2603486.403951	93204	cpu/event=0x3C,umask=0x00/u	400b46	t_run_test	(/home/koga/autobench_perf/src/autobench/bitmnp01_lite)
bitmnp01_lite	79721	[001]	2603486.404052	93109	cpu/event=0x3C,umask=0x00/u	400f51	t_run_test	(/home/koga/autobench_perf/src/autobench/bitmnp01_lite)
bitmnp01_lite	79721	[001]	2603486.404152	93025	cpu/event=0x3C,umask=0x00/u	400c43	t_run_test	(/home/koga/autobench_perf/src/autobench/bitmnp01_lite)
bitmnp01_lite	79721	[001]	2603486.404253	92951	cpu/event=0x3C,umask=0x00/u	400cee	t_run_test	(/home/koga/autobench_perf/src/autobench/bitmnp01_lite)
bitmnp01_lite	79721	[001]	2603486.404354	92848	cpu/event=0x3C,umask=0x00/u	4010d9	t_run_test	(/home/koga/autobench_perf/src/autobench/bitmnp01_lite)
bitmnp01_lite	79721	[001]	2603486.404450	92774	cpu/event=0x3C,umask=0x00/u	400b6b	t_run_test	(/home/koga/autobench_perf/src/autobench/bitmnp01_lite)
bitmnp01_lite	79721	[001]	2603486.404546	93246	cpu/event=0x3C,umask=0x00/u	400b85	t_run_test	(/home/koga/autobench_perf/src/autobench/bitmnp01_lite)
bitmnp01_lite	79721	[001]	2603486.404656	93749	cpu/event=0x3C,umask=0x00/u	401153	t_run_test	(/home/koga/autobench_perf/src/autobench/bitmnp01_lite)
bitmnp01_lite	79721	[001]	2603486.404752	92696	cpu/event=0x3C,umask=0x00/u	400c81	t_run_test	(/home/koga/autobench_perf/src/autobench/bitmnp01_lite)
bitmnp01_lite	79721	[001]	2603486.404848	93104	cpu/event=0x3C,umask=0x00/u	4010a8	t_run_test	(/home/koga/autobench_perf/src/autobench/bitmnp01_lite)
bitmnp01_lite	79721	[001]	2603486.404954	93602	cpu/event=0x3C,umask=0x00/u	40161c	t_run_test	(/home/koga/autobench_perf/src/autobench/bitmnp01_lite)
bitmnp01_lite	79721	[001]	2603486.405050	93013	cpu/event=0x3C,umask=0x00/u	401001	t_run_test	(/home/koga/autobench_perf/src/autobench/bitmnp01_lite)
bitmnp01_lite	79721	[001]	2603486.405151	93415	cpu/event=0x3C,umask=0x00/u	4016db	t_run_test	(/home/koga/autobench_perf/src/autobench/bitmnp01_lite)
bitmnp01_lite	79721	[001]	2603486.405264	93253	cpu/event=0x3C,umask=0x00/u	40128e	t_run_test	(/home/koga/autobench_perf/src/autobench/bitmnp01_lite)
bitmnp01_lite	79721	[001]	2603486.405361	91853	cpu/event=0x3C,umask=0x00/u	401772	t_run_test	(/home/koga/autobench_perf/src/autobench/bitmnp01_lite)
bitmnp01_lite	79721	[001]	2603486.405460	92314	cpu/event=0x3C,umask=0x00/u	400c5a	t_run_test	(/home/koga/autobench_perf/src/autobench/bitmnp01_lite)
bitmnp01_lite	79721	[001]	2603486.405565	92347	cpu/event=0x3C,umask=0x00/u	4016f2	t_run_test	(/home/koga/autobench_perf/src/autobench/bitmnp01_lite)
bitmnp01_lite	79721	[001]	2603486.405661	91830	cpu/event=0x3C,umask=0x00/u	400c43	t_run_test	(/home/koga/autobench_perf/src/autobench/bitmnp01_lite)
bitmnp01_lite	79721	[001]	2603486.405760	92360	cpu/event=0x3C,umask=0x00/u	400b70	t_run_test	(/home/koga/autobench_perf/src/autobench/bitmnp01_lite)
bitmnp01_lite	79721	[001]	2603486.405865	92374	cpu/event=0x3C,umask=0x00/u	4008b7	GetInputValues	(/home/koga/autobench_perf/src/autobench/bitmnp01_lite)
bitmnp01_lite	79721	[001]	2603486.405961	91864	cpu/event=0x3C,umask=0x00/u	401129	t_run_test	(/home/koga/autobench_perf/src/autobench/bitmnp01_lite)
bitmnp01_lite	79721	[001]	2603486.406060	92395	cpu/event=0x3C,umask=0x00/u	40141b	t_run_test	(/home/koga/autobench_perf/src/autobench/bitmnp01_lite)
bitmnp01_lite	79721	[001]	2603486.406161	92415	cpu/event=0x3C,umask=0x00/u	40121a	t_run_test	(/home/koga/autobench_perf/src/autobench/bitmnp01_lite)
bitmnp01_lite	79721	[001]	2603486.406256	92391	cpu/event=0x3C,umask=0x00/u	401153	t_run_test	(/home/koga/autobench_perf/src/autobench/bitmnp01_lite)
bitmnp01_lite	79721	[001]	2603486.406356	92917	cpu/event=0x3C,umask=0x00/u	400c4d	t_run_test	(/home/koga/autobench_perf/src/autobench/bitmnp01_lite)
bitmnp01_lite	79721	[001]	2603486.406457	92923	cpu/event=0x3C,umask=0x00/u	400d79	t_run_test	(/home/koga/autobench_perf/src/autobench/bitmnp01_lite)
bitmnp01_lite	79721	[001]	2603486.406557	92875	cpu/event=0x3C,umask=0x00/u	400c74	t_run_test	(/home/koga/autobench_perf/src/autobench/bitmnp01_lite)
bitmnp01_lite	79721	[001]	2603486.406658	92816	cpu/event=0x3C,umask=0x00/u	4016e4	t_run_test	(/home/koga/autobench_perf/src/autobench/bitmnp01_lite)
bitmnp01_lite	79721	[001]	2603486.406758	92753	cpu/event=0x3C,umask=0x00/u	40107b	t_run_test	(/home/koga/autobench_perf/src/autobench/bitmnp01_lite)
bitmnp01_lite	79721	[001]	2603486.406859	92701	cpu/event=0x3C,umask=0x00/u	401067	t_run_test	(/home/koga/autobench_perf/src/autobench/bitmnp01_lite)
bitmnp01_lite	79721	[001]	2603486.406959	92669	cpu/event=0x3C,umask=0x00/u	400ca8	t_run_test	(/home/koga/autobench_perf/src/autobench/bitmnp01_lite)
bitmnp01_lite	79721	[001]	2603486.407059	92638	cpu/event=0x3C,umask=0x00/u	4014fe	t_run_test	(/home/koga/autobench_perf/src/autobench/bitmnp01_lite)
bitmnp01_lite	79721	[001]	2603486.407155	92616	cpu/event=0x3C,umask=0x00/u	400c43	t_run_test	(/home/koga/autobench_perf/src/autobench/bitmnp01_lite)
bitmnp01_lite	79721	[001]	2603486.407255	93128	cpu/event=0x3C,umask=0x00/u	40167a	t_run_test	(/home/koga/autobench_perf/src/autobench/bitmnp01_lite)
bitmnp01_lite	79721	[001]	2603486.407356	93070	cpu/event=0x3C,umask=0x00/u	400b13	t_run_test	(/home/koga/autobench_perf/src/autobench/bitmnp01_lite)
bitmnp01_lite	79721	[001]	2603486.407457	92980	cpu/event=0x3C,umask=0x00/u	401522	t_run_test	(/home/koga/autobench_perf/src/autobench/bitmnp01_lite)
bitmnp01_lite	79721	[001]	2603486.407557	92887	cpu/event=0x3C,umask=0x00/u	4011d4	t_run_test	(/home/koga/autobench_perf/src/autobench/bitmnp01_lite)
bitmnp01_lite	79721	[001]	2603486.407658	92834	cpu/event=0x3C,umask=0x00/u	4016bb	t_run_test	(/home/koga/autobench_perf/src/autobench/bitmnp01_lite)
bitmnp01_lite	79721	[001]	2603486.407759	92783	cpu/event=0x3C,umask=0x00/u	400d64	t_run_test	(/home/koga/autobench_perf/src/autobench/bitmnp01_lite)
bitmnp01_lite	79721	[001]	2603486.407859	92704	cpu/event=0x3C,umask=0x00/u	400c0d	t_run_test	(/home/koga/autobench_perf/src/autobench/bitmnp01_lite)
bitmnp01_lite	79721	[001]	2603486.407960	92631	cpu/event=0x3C,umask=0x00/u	400f25	t_run_test	(/home/koga/autobench_perf/src/autobench/bitmnp01_lite)
bitmnp01_lite	79721	[001]	2603486.408060	92576	cpu/event=0x3C,umask=0x00/u	401566	t_run_test	(/home/koga/autobench_perf/src/autobench/bitmnp01_lite)
bitmnp01_lite	79721	[001]	2603486.408156	92546	cpu/event=0x3C,umask=0x00/u	40166d	t_run_test	(/home/koga/autobench_perf/src/autobench/bitmnp01_lite)
bitmnp01_lite	79721	[001]	2603486.408260	93078	cpu/event=0x3C,umask=0x00/u	40162d	t_run_test	(/home/koga/autobench_perf/src/autobench/bitmnp01_lite)
bitmnp01_lite	79721	[001]	2603486.408361	92543	cpu/event=0x3C,umask=0x00/u	400c4d	t_run_test	(/home/koga/autobench_perf/src/autobench/bitmnp01_lite)
bitmnp01_lite	79721	[001]	2603486.408457	92450	cpu/event=0x3C,umask=0x00/u	40155a	t_run_test	(/home/koga/autobench_perf/src/autobench/bitmnp01_lite)
bitmnp01_lite	79721	[001]	2603486.408557	92964	cpu/event=0x3C,umask=0x00/u	400b57	t_run_test	(/home/koga/autobench_perf/src/autobench/bitmnp01_lite)
bitmnp01_lite	79721	[001]	2603486.408658	92953	cpu/event=0x3C,umask=0x00/u	401753	t_run_test	(/home/koga/autobench_perf/src/autobench/bitmnp01_lite)
bitmnp01_lite	79721	[001]	2603486.408758	92892	cpu/event=0x3C,umask=0x00/u	4011ab	t_run_test	(/home/koga/autobench_perf/src/autobench/bitmnp01_lite)
bitmnp01_lite	79721	[001]	2603486.408859	92816	cpu/event=0x3C,umask=0x00/u	4011d4	t_run_test	(/home/koga/autobench_perf/src/autobench/bitmnp01_lite)
bitmnp01_lite	79721	[001]	2603486.408960	92730	cpu/event=0x3C,umask=0x00/u	4011ab	t_run_test	(/home/koga/autobench_perf/src/autobench/bitmnp01_lite)
bitmnp01_lite	79721	[001]	2603486.409060	92664	cpu/event=0x3C,umask=0x00/u	401738	t_run_test	(/home/koga/autobench_perf/src/autobench/bitmnp01_lite)
bitmnp01_lite	79721	[001]	2603486.409160	92611	cpu/event=0x3C,umask=0x00/u	400b57	t_run_test	(/home/koga/autobench_perf/src/autobench/bitmnp01_lite)
bitmnp01_lite	79721	[001]	2603486.409284	92591	cpu/event=0x3C,umask=0x00/u	400b70	t_run_test	(/home/koga/autobench_perf/src/autobench/bitmnp01_lite)
bitmnp01_lite	79721	[001]	2603486.409377	90385	cpu/event=0x3C,umask=0x00/u	4011b8	t_run_test	(/home/koga/autobench_perf/src/autobench/bitmnp01_lite)
bitmnp01_lite	79721	[001]	2603486.409468	91278	cpu/event=0x3C,umask=0x00/u	4016ae	t_run_test	(/home/koga/autobench_perf/src/autobench/bitmnp01_lite)
bitmnp01_lite	79721	[001]	2603486.409560	92409	cpu/event=0x3C,umask=0x00/u	400bda	t_run_test	(/home/koga/autobench_perf/src/autobench/bitmnp01_lite)
bitmnp01_lite	79721	[001]	2603486.409652	93400	cpu/event=0x3C,umask=0x00/u	40116a	t_run_test	(/home/koga/autobench_perf/src/autobench/bitmnp01_lite)
bitmnp01_lite	79721	[001]	2603486.409745	94347	cpu/event=0x3C,umask=0x00/u	40192b	t_run_test	(/home/koga/autobench_perf/src/autobench/bitmnp01_lite)
bitmnp01_lite	79721	[001]	2603486.409839	95210	cpu/event=0x3C,umask=0x00/u	401566	t_run_test	(/home/koga/autobench_perf/src/autobench/bitmnp01_lite)
bitmnp01_lite	79721	[001]	2603486.409934	95978	cpu/event=0x3C,umask=0x00/u	4010ae	t_run_test	(/home/koga/autobench_perf/src/autobench/bitmnp01_lite)
bitmnp01_lite	79721	[001]	2603486.410029	96656	cpu/event=0x3C,umask=0x00/u	400cc4	t_run_test	(/home/koga/autobench_perf/src/autobench/bitmnp01_lite)
bitmnp01_lite	79721	[001]	2603486.410121	97248	cpu/event=0x3C,umask=0x00/u	401045	t_run_test	(/home/koga/autobench_perf/src/autobench/bitmnp01_lite)
bitmnp01_lite	79721	[001]	2603486.410217	98369	cpu/event=0x3C,umask=0x00/u	400ce5	t_run_test	(/home/koga/autobench_perf/src/autobench/bitmnp01_lite)
bitmnp01_lite	79721	[001]	2603486.410314	98833	cpu/event=0x3C,umask=0x00/u	400b94	t_run_test	(/home/koga/autobench_perf/src/autobench/bitmnp01_lite)
bitmnp01_lite	79721	[001]	2603486.410412	99222	cpu/event=0x3C,umask=0x00/u	400d0a	t_run_test	(/home/koga/autobench_perf/src/autobench/bitmnp01_lite)
bitmnp01_lite	79721	[001]	2603486.410510	99551	cpu/event=0x3C,umask=0x00/u	401660	t_run_test	(/home/koga/autobench_perf/src/autobench/bitmnp01_lite)
bitmnp01_lite	79721	[001]	2603486.410608	99815	cpu/event=0x3C,umask=0x00/u	400c0d	t_run_test	(/home/koga/autobench_perf/src/autobench/bitmnp01_lite)
bitmnp01_lite	79721	[001]	2603486.410706	100055	cpu/event=0x3C,umask=0x00/u	400c81	t_run_test	(/home/koga/autobench_perf/src/autobench/bitmnp01_lite)
bitmnp01_lite	79721	[001]	2603486.410804	100277	cpu/event=0x3C,umask=0x00/u	400c4d	t_run_test	(/home/koga/autobench_perf/src/autobench/bitmnp01_lite)
bitmnp01_lite	79721	[001]	2603486.410903	100508	cpu/event=0x3C,umask=0x00/u	401153	t_run_test	(/home/koga/autobench_perf/src/autobench/bitmnp01_lite)
bitmnp01_lite	79721	[001]	2603486.410997	100703	cpu/event=0x3C,umask=0x00/u	40110c	t_run_test	(/home/koga/autobench_perf/src/autobench/bitmnp01_lite)
bitmnp01_lite	79721	[001]	2603486.411100	101428	cpu/event=0x3C,umask=0x00/u	40110c	t_run_test	(/home/koga/autobench_perf/src/autobench/bitmnp01_lite)
bitmnp01_lite	79721	[001]	2603486.411200	101045	cpu/event=0x3C,umask=0x00/u	4016f2	t_run_test	(/home/koga/autobench_perf/src/autobench/bitmnp01_lite)
bitmnp01_lite	79721	[001]	2603486.411295	101108	cpu/event=0x3C,umask=0x00/u	4016f2	t_run_test	(/home/koga/autobench_perf/src/autobench/bitmnp01_lite)
bitmnp01_lite	79721	[001]	2603486.411398	101797	cpu/event=0x3C,umask=0x00/u	400c4d	t_run_test	(/home/koga/autobench_perf/src/autobench/bitmnp01_lite)
bitmnp01_lite	79721	[001]	2603486.411493	101403	cpu/event=0x3C,umask=0x00/u	400c67	t_run_test	(/home/koga/autobench_perf/src/autobench/bitmnp01_lite)
bitmnp01_lite	79721	[001]	2603486.411597	102009	cpu/event=0x3C,umask=0x00/u	400f21	t_run_test	(/home/koga/autobench_perf/src/autobench/bitmnp01_lite)
bitmnp01_lite	79721	[001]	2603486.411694	101558	cpu/event=0x3C,umask=0x00/u	4013f7	t_run_test	(/home/koga/autobench_perf/src/autobench/bitmnp01_lite)
bitmnp01_lite	79721	[001]	2603486.411789	101996	cpu/event=0x3C,umask=0x00/u	401405	t_run_test	(/home/koga/autobench_perf/src/autobench/bitmnp01_lite)
bitmnp01_lite	79721	[001]	2603486.411893	102597	cpu/event=0x3C,umask=0x00/u	401663	t_run_test	(/home/koga/autobench_perf/src/autobench/bitmnp01_lite)
bitmnp01_lite	79721	[001]	2603486.411989	102112	cpu/event=0x3C,umask=0x00/u	400bfc	t_run_test	(/home/koga/autobench_perf/src/autobench/bitmnp01_lite)
bitmnp01_lite	79721	[001]	2603486.412089	102650	cpu/event=0x3C,umask=0x00/u	400c8e	t_run_test	(/home/koga/autobench_perf/src/autobench/bitmnp01_lite)
bitmnp01_lite	79721	[001]	2603486.412190	102645	cpu/event=0x3C,umask=0x00/u	401405	t_run_test	(/home/koga/autobench_perf/src/autobench/bitmnp01_lite)
bitmnp01_lite	79721	[001]	2603486.412290	102578	cpu/event=0x3C,umask=0x00/u	401150	t_run_test	(/home/koga/autobench_perf/src/autobench/bitmnp01_lite)
bitmnp01_lite	79721	[001]	2603486.412390	102540	cpu/event=0x3C,umask=0x00/u	401150	t_run_test	(/home/koga/autobench_perf/src/autobench/bitmnp01_lite)
bitmnp01_lite	79721	[001]	2603486.412490	102527	cpu/event=0x3C,umask=0x00/u	4015a5	t_run_test	(/home/koga/autobench_perf/src/autobench/bitmnp01_lite)
bitmnp01_lite	79721	[001]	2603486.412590	102506	cpu/event=0x3C,umask=0x00/u	400d39	t_run_test	(/home/koga/autobench_perf/src/autobench/bitmnp01_lite)
bitmnp01_lite	79721	[001]	2603486.412691	102475	cpu/event=0x3C,umask=0x00/u	401139	t_run_test	(/home/koga/autobench_perf/src/autobench/bitmnp01_lite)
bitmnp01_lite	79721	[001]	2603486.412791	102429	cpu/event=0x3C,umask=0x00/u	401153	t_run_test	(/home/koga/autobench_perf/src/autobench/bitmnp01_lite)
bitmnp01_lite	79721	[001]	2603486.412891	102393	cpu/event=0x3C,umask=0x00/u	401153	t_run_test	(/home/koga/autobench_perf/src/autobench/bitmnp01_lite)
bitmnp01_lite	79721	[001]	2603486.412991	102384	cpu/event=0x3C,umask=0x00/u	4016e4	t_run_test	(/home/koga/autobench_perf/src/autobench/bitmnp01_lite)
bitmnp01_lite	79721	[001]	2603486.413092	102384	cpu/event=0x3C,umask=0x00/u	40172f	t_run_test	(/home/koga/autobench_perf/src/autobench/bitmnp01_lite)
bitmnp01_lite	79721	[001]	2603486.413204	102163	cpu/event=0x3C,umask=0x00/u	4015fa	t_run_test	(/home/koga/autobench_perf/src/autobench/bitmnp01_lite)
bitmnp01_lite	79721	[001]	2603486.413304	100759	cpu/event=0x3C,umask=0x00/u	401687	t_run_test	(/home/koga/autobench_perf/src/autobench/bitmnp01_lite)
bitmnp01_lite	79721	[001]	2603486.413403	100701	cpu/event=0x3C,umask=0x00/u	401663	t_run_test	(/home/koga/autobench_perf/src/autobench/bitmnp01_lite)
bitmnp01_lite	79721	[001]	2603486.413502	100841	cpu/event=0x3C,umask=0x00/u	400b35	t_run_test	(/home/koga/autobench_perf/src/autobench/bitmnp01_lite)
bitmnp01_lite	79721	[001]	2603486.413601	100986	cpu/event=0x3C,umask=0x00/u	40166d	t_run_test	(/home/koga/autobench_perf/src/autobench/bitmnp01_lite)
bitmnp01_lite	79721	[001]	2603486.413696	101111	cpu/event=0x3C,umask=0x00/u	400c4d	t_run_test	(/home/koga/autobench_perf/src/autobench/bitmnp01_lite)
bitmnp01_lite	79721	[001]	2603486.413795	101781	cpu/event=0x3C,umask=0x00/u	401150	t_run_test	(/home/koga/autobench_perf/src/autobench/bitmnp01_lite)
bitmnp01_lite	79721	[001]	2603486.413895	101874	cpu/event=0x3C,umask=0x00/u	401262	t_run_test	(/home/koga/autobench_perf/src/autobench/bitmnp01_lite)
bitmnp01_lite	79721	[001]	2603486.413995	101919	cpu/event=0x3C,umask=0x00/u	401508	t_run_test	(/home/koga/autobench_perf/src/autobench/bitmnp01_lite)
bitmnp01_lite	79721	[001]	2603486.414095	101966	cpu/event=0x3C,umask=0x00/u	40160b	t_run_test	(/home/koga/autobench_perf/src/autobench/bitmnp01_lite)
bitmnp01_lite	79721	[001]	2603486.414195	101993	cpu/event=0x3C,umask=0x00/u	400c4d	t_run_test	(/home/koga/autobench_perf/src/autobench/bitmnp01_lite)
bitmnp01_lite	79721	[001]	2603486.414290	101994	cpu/event=0x3C,umask=0x00/u	4016f2	t_run_test	(/home/koga/autobench_perf/src/autobench/bitmnp01_lite)
bitmnp01_lite	79721	[001]	2603486.414394	102569	cpu/event=0x3C,umask=0x00/u	401153	t_run_test	(/home/koga/autobench_perf/src/autobench/bitmnp01_lite)
bitmnp01_lite	79721	[001]	2603486.414494	102079	cpu/event=0x3C,umask=0x00/u	40166d	t_run_test	(/home/koga/autobench_perf/src/autobench/bitmnp01_lite)
bitmnp01_lite	79721	[001]	2603486.414595	102054	cpu/event=0x3C,umask=0x00/u	4016fd	t_run_test	(/home/koga/autobench_perf/src/autobench/bitmnp01_lite)
bitmnp01_lite	79721	[001]	2603486.414695	102044	cpu/event=0x3C,umask=0x00/u	4015e9	t_run_test	(/home/koga/autobench_perf/src/autobench/bitmnp01_lite)
bitmnp01_lite	79721	[001]	2603486.414791	102029	cpu/event=0x3C,umask=0x00/u	401153	t_run_test	(/home/koga/autobench_perf/src/autobench/bitmnp01_lite)
bitmnp01_lite	79721	[001]	2603486.414890	102574	cpu/event=0x3C,umask=0x00/u	401177	t_run_test	(/home/koga/autobench_perf/src/autobench/bitmnp01_lite)
bitmnp01_lite	79721	[001]	2603486.414991	102585	cpu/event=0x3C,umask=0x00/u	4015b8	t_run_test	(/home/koga/autobench_perf/src/autobench/bitmnp01_lite)
bitmnp01_lite	79721	[001]	2603486.415091	102544	cpu/event=0x3C,umask=0x00/u	400c43	t_run_test	(/home/koga/autobench_perf/src/autobench/bitmnp01_lite)
bitmnp01_lite	79721	[001]	2603486.415191	102516	cpu/event=0x3C,umask=0x00/u	4010ea	t_run_test	(/home/koga/autobench_perf/src/autobench/bitmnp01_lite)
bitmnp01_lite	79721	[001]	2603486.415292	102463	cpu/event=0x3C,umask=0x00/u	4016d6	t_run_test	(/home/koga/autobench_perf/src/autobench/bitmnp01_lite)
bitmnp01_lite	79721	[001]	2603486.415392	102415	cpu/event=0x3C,umask=0x00/u	40193e	t_run_test	(/home/koga/autobench_perf/src/autobench/bitmnp01_lite)
bitmnp01_lite	79721	[001]	2603486.415492	102373	cpu/event=0x3C,umask=0x00/u	400cfc	t_run_test	(/home/koga/autobench_perf/src/autobench/bitmnp01_lite)
bitmnp01_lite	79721	[001]	2603486.415588	102345	cpu/event=0x3C,umask=0x00/u	40171c	t_run_test	(/home/koga/autobench_perf/src/autobench/bitmnp01_lite)
bitmnp01_lite	79721	[001]	2603486.415689	102891	cpu/event=0x3C,umask=0x00/u	4016e4	t_run_test	(/home/koga/autobench_perf/src/autobench/bitmnp01_lite)
bitmnp01_lite	79721	[001]	2603486.415789	102856	cpu/event=0x3C,umask=0x00/u	40111d	t_run_test	(/home/koga/autobench_perf/src/autobench/bitmnp01_lite)
bitmnp01_lite	79721	[001]	2603486.415890	102771	cpu/event=0x3C,umask=0x00/u	401667	t_run_test	(/home/koga/autobench_perf/src/autobench/bitmnp01_lite)
bitmnp01_lite	79721	[001]	2603486.415990	102685	cpu/event=0x3C,umask=0x00/u	400b7e	t_run_test	(/home/koga/autobench_perf/src/autobench/bitmnp01_lite)
bitmnp01_lite	79721	[001]	2603486.416091	102641	cpu/event=0x3C,umask=0x00/u	401738	t_run_test	(/home/koga/autobench_perf/src/autobench/bitmnp01_lite)
bitmnp01_lite	79721	[001]	2603486.416191	102582	cpu/event=0x3C,umask=0x00/u	4015d8	t_run_test	(/home/koga/autobench_perf/src/autobench/bitmnp01_lite)
bitmnp01_lite	79721	[001]	2603486.416288	102521	cpu/event=0x3C,umask=0x00/u	400cd2	t_run_test	(/home/koga/autobench_perf/src/autobench/bitmnp01_lite)
bitmnp01_lite	79721	[001]	2603486.416388	103024	cpu/event=0x3C,umask=0x00/u	4011fe	t_run_test	(/home/koga/autobench_perf/src/autobench/bitmnp01_lite)
bitmnp01_lite	79721	[001]	2603486.416493	102976	cpu/event=0x3C,umask=0x00/u	401577	t_run_test	(/home/koga/autobench_perf/src/autobench/bitmnp01_lite)
bitmnp01_lite	79721	[001]	2603486.416589	102388	cpu/event=0x3C,umask=0x00/u	401153	t_run_test	(/home/koga/autobench_perf/src/autobench/bitmnp01_lite)
bitmnp01_lite	79721	[001]	2603486.416689	102876	cpu/event=0x3C,umask=0x00/u	4013f7	t_run_test	(/home/koga/autobench_perf/src/autobench/bitmnp01_lite)
bitmnp01_lite	79721	[001]	2603486.416790	102847	cpu/event=0x3C,umask=0x00/u	400b85	t_run_test	(/home/koga/autobench_perf/src/autobench/bitmnp01_lite)
bitmnp01_lite	79721	[001]	2603486.416891	102766	cpu/event=0x3C,umask=0x00/u	4011af	t_run_test	(/home/koga/autobench_perf/src/autobench/bitmnp01_lite)
bitmnp01_lite	79721	[001]	2603486.416991	102688	cpu/event=0x3C,umask=0x00/u	40120c	t_run_test	(/home/koga/autobench_perf/src/autobench/bitmnp01_lite)
bitmnp01_lite	79721	[001]	2603486.417091	102644	cpu/event=0x3C,umask=0x00/u	40115d	t_run_test	(/home/koga/autobench_perf/src/autobench/bitmnp01_lite)
bitmnp01_lite	79721	[001]	2603486.417198	102580	cpu/event=0x3C,umask=0x00/u	40111d	t_run_test	(/home/koga/autobench_perf/src/autobench/bitmnp01_lite)
bitmnp01_lite	79721	[001]	2603486.417303	101739	cpu/event=0x3C,umask=0x00/u	401663	t_run_test	(/home/koga/autobench_perf/src/autobench/bitmnp01_lite)
bitmnp01_lite	79721	[001]	2603486.417399	101139	cpu/event=0x3C,umask=0x00/u	4011f0	t_run_test	(/home/koga/autobench_perf/src/autobench/bitmnp01_lite)
bitmnp01_lite	79721	[001]	2603486.417498	101724	cpu/event=0x3C,umask=0x00/u	401045	t_run_test	(/home/koga/autobench_perf/src/autobench/bitmnp01_lite)
bitmnp01_lite	79721	[001]	2603486.417598	101831	cpu/event=0x3C,umask=0x00/u	400cfc	t_run_test	(/home/koga/autobench_perf/src/autobench/bitmnp01_lite)
bitmnp01_lite	79721	[001]	2603486.417693	101863	cpu/event=0x3C,umask=0x00/u	40111d	t_run_test	(/home/koga/autobench_perf/src/autobench/bitmnp01_lite)
bitmnp01_lite	79721	[001]	2603486.417797	102467	cpu/event=0x3C,umask=0x00/u	4016bb	t_run_test	(/home/koga/autobench_perf/src/autobench/bitmnp01_lite)
bitmnp01_lite	79721	[001]	2603486.417898	101958	cpu/event=0x3C,umask=0x00/u	400b6b	t_run_test	(/home/koga/autobench_perf/src/autobench/bitmnp01_lite)
bitmnp01_lite	79721	[001]	2603486.417993	101924	cpu/event=0x3C,umask=0x00/u	40115d	t_run_test	(/home/koga/autobench_perf/src/autobench/bitmnp01_lite)
bitmnp01_lite	79721	[001]	2603486.418097	102523	cpu/event=0x3C,umask=0x00/u	4016f2	t_run_test	(/home/koga/autobench_perf/src/autobench/bitmnp01_lite)
bitmnp01_lite	79721	[001]	2603486.418193	102041	cpu/event=0x3C,umask=0x00/u	400cb6	t_run_test	(/home/koga/autobench_perf/src/autobench/bitmnp01_lite)
bitmnp01_lite	79721	[001]	2603486.418293	102561	cpu/event=0x3C,umask=0x00/u	401191	t_run_test	(/home/koga/autobench_perf/src/autobench/bitmnp01_lite)
bitmnp01_lite	79721	[001]	2603486.418394	102553	cpu/event=0x3C,umask=0x00/u	400b88	t_run_test	(/home/koga/autobench_perf/src/autobench/bitmnp01_lite)
bitmnp01_lite	79721	[001]	2603486.418494	102497	cpu/event=0x3C,umask=0x00/u	400ce0	t_run_test	(/home/koga/autobench_perf/src/autobench/bitmnp01_lite)
bitmnp01_lite	79721	[001]	2603486.418594	102463	cpu/event=0x3C,umask=0x00/u	401566	t_run_test	(/home/koga/autobench_perf/src/autobench/bitmnp01_lite)
bitmnp01_lite	79721	[001]	2603486.418694	102448	cpu/event=0x3C,umask=0x00/u	401663	t_run_test	(/home/koga/autobench_perf/src/autobench/bitmnp01_lite)
bitmnp01_lite	79721	[001]	2603486.418795	102413	cpu/event=0x3C,umask=0x00/u	400bfc	t_run_test	(/home/koga/autobench_perf/src/autobench/bitmnp01_lite)
bitmnp01_lite	79721	[001]	2603486.418891	102369	cpu/event=0x3C,umask=0x00/u	4016e4	t_run_test	(/home/koga/autobench_perf/src/autobench/bitmnp01_lite)
bitmnp01_lite	79721	[001]	2603486.418991	102894	cpu/event=0x3C,umask=0x00/u	400c92	t_run_test	(/home/koga/autobench_perf/src/autobench/bitmnp01_lite)
bitmnp01_lite	79721	[001]	2603486.419092	102871	cpu/event=0x3C,umask=0x00/u	401153	t_run_test	(/home/koga/autobench_perf/src/autobench/bitmnp01_lite)
bitmnp01_lite	79721	[001]	2603486.419196	102798	cpu/event=0x3C,umask=0x00/u	40166d	t_run_test	(/home/koga/autobench_perf/src/autobench/bitmnp01_lite)
bitmnp01_lite	79721	[001]	2603486.419297	102219	cpu/event=0x3C,umask=0x00/u	401738	t_run_test	(/home/koga/autobench_perf/src/autobench/bitmnp01_lite)
bitmnp01_lite	79721	[001]	2603486.419393	102146	cpu/event=0x3C,umask=0x00/u	4015be	t_run_test	(/home/koga/autobench_perf/src/autobench/bitmnp01_lite)
bitmnp01_lite	79721	[001]	2603486.419493	102685	cpu/event=0x3C,umask=0x00/u	401799	t_run_test	(/home/koga/autobench_perf/src/autobench/bitmnp01_lite)
bitmnp01_lite	79721	[001]	2603486.419597	102697	cpu/event=0x3C,umask=0x00/u	400cd2	t_run_test	(/home/koga/autobench_perf/src/autobench/bitmnp01_lite)
bitmnp01_lite	79721	[001]	2603486.419693	102140	cpu/event=0x3C,umask=0x00/u	4011c6	t_run_test	(/home/koga/autobench_perf/src/autobench/bitmnp01_lite)
bitmnp01_lite	79721	[001]	2603486.419793	102661	cpu/event=0x3C,umask=0x00/u	401177	t_run_test	(/home/koga/autobench_perf/src/autobench/bitmnp01_lite)
bitmnp01_lite	79721	[001]	2603486.419894	102646	cpu/event=0x3C,umask=0x00/u	400d0a	t_run_test	(/home/koga/autobench_perf/src/autobench/bitmnp01_lite)
bitmnp01_lite	79721	[001]	2603486.419994	102584	cpu/event=0x3C,umask=0x00/u	4011f0	t_run_test	(/home/koga/autobench_perf/src/autobench/bitmnp01_lite)
bitmnp01_lite	79721	[001]	2603486.420095	102542	cpu/event=0x3C,umask=0x00/u	4016d6	t_run_test	(/home/koga/autobench_perf/src/autobench/bitmnp01_lite)
bitmnp01_lite	79721	[001]	2603486.420195	102517	cpu/event=0x3C,umask=0x00/u	401098	t_run_test	(/home/koga/autobench_perf/src/autobench/bitmnp01_lite)
bitmnp01_lite	79721	[001]	2603486.420295	102487	cpu/event=0x3C,umask=0x00/u	4010fb	t_run_test	(/home/koga/autobench_perf/src/autobench/bitmnp01_lite)
bitmnp01_lite	79721	[001]	2603486.420395	102450	cpu/event=0x3C,umask=0x00/u	400d18	t_run_test	(/home/koga/autobench_perf/src/autobench/bitmnp01_lite)
bitmnp01_lite	79721	[001]	2603486.420496	102400	cpu/event=0x3C,umask=0x00/u	400c9b	t_run_test	(/home/koga/autobench_perf/src/autobench/bitmnp01_lite)
bitmnp01_lite	79721	[001]	2603486.420596	102361	cpu/event=0x3C,umask=0x00/u	401228	t_run_test	(/home/koga/autobench_perf/src/autobench/bitmnp01_lite)
bitmnp01_lite	79721	[001]	2603486.420692	102327	cpu/event=0x3C,umask=0x00/u	400d59	t_run_test	(/home/koga/autobench_perf/src/autobench/bitmnp01_lite)
bitmnp01_lite	79721	[001]	2603486.420796	102885	cpu/event=0x3C,umask=0x00/u	400c9b	t_run_test	(/home/koga/autobench_perf/src/autobench/bitmnp01_lite)
bitmnp01_lite	79721	[001]	2603486.420893	102330	cpu/event=0x3C,umask=0x00/u	4014f4	t_run_test	(/home/koga/autobench_perf/src/autobench/bitmnp01_lite)
bitmnp01_lite	79721	[001]	2603486.420993	102803	cpu/event=0x3C,umask=0x00/u	400b98	t_run_test	(/home/koga/autobench_perf/src/autobench/bitmnp01_lite)
bitmnp01_lite	79721	[001]	2603486.421098	102787	cpu/event=0x3C,umask=0x00/u	400c67	t_run_test	(/home/koga/autobench_perf/src/autobench/bitmnp01_lite)
bitmnp01_lite	79721	[001]	2603486.421210	102209	cpu/event=0x3C,umask=0x00/u	401687	t_run_test	(/home/koga/autobench_perf/src/autobench/bitmnp01_lite)
bitmnp01_lite	79721	[001]	2603486.421315	100796	cpu/event=0x3C,umask=0x00/u	401663	t_run_test	(/home/koga/autobench_perf/src/autobench/bitmnp01_lite)
bitmnp01_lite	79721	[001]	2603486.421410	100230	cpu/event=0x3C,umask=0x00/u	400ca8	t_run_test	(/home/koga/autobench_perf/src/autobench/bitmnp01_lite)
bitmnp01_lite	79721	[001]	2603486.421508	100919	cpu/event=0x3C,umask=0x00/u	4010a4	t_run_test	(/home/koga/autobench_perf/src/autobench/bitmnp01_lite)
bitmnp01_lite	79721	[001]	2603486.421612	101084	cpu/event=0x3C,umask=0x00/u	401174	t_run_test	(/home/koga/autobench_perf/src/autobench/bitmnp01_lite)
bitmnp01_lite	79721	[001]	2603486.421714	100688	cpu/event=0x3C,umask=0x00/u	401228	t_run_test	(/home/koga/autobench_perf/src/autobench/bitmnp01_lite)
bitmnp01_lite	79721	[001]	2603486.421803	100392	cpu/event=0x3C,umask=0x00/u	401431	t_run_test	(/home/koga/autobench_perf/src/autobench/bitmnp01_lite)
bitmnp01_lite	79721	[001]	2603486.421895	101945	cpu/event=0x3C,umask=0x00/u	401768	t_run_test	(/home/koga/autobench_perf/src/autobench/bitmnp01_lite)
bitmnp01_lite	79721	[001]	2603486.421988	103063	cpu/event=0x3C,umask=0x00/u	400b85	t_run_test	(/home/koga/autobench_perf/src/autobench/bitmnp01_lite)
bitmnp01_lite	79721	[001]	2603486.422081	104058	cpu/event=0x3C,umask=0x00/u	401184	t_run_test	(/home/koga/autobench_perf/src/autobench/bitmnp01_lite)
bitmnp01_lite	79721	[001]	2603486.422176	104927	cpu/event=0x3C,umask=0x00/u	401663	t_run_test	(/home/koga/autobench_perf/src/autobench/bitmnp01_lite)
bitmnp01_lite	79721	[001]	2603486.422271	105736	cpu/event=0x3C,umask=0x00/u	40120c	t_run_test	(/home/koga/autobench_perf/src/autobench/bitmnp01_lite)
bitmnp01_lite	79721	[001]	2603486.422366	106451	cpu/event=0x3C,umask=0x00/u	40172f	t_run_test	(/home/koga/autobench_perf/src/autobench/bitmnp01_lite)
bitmnp01_lite	79721	[001]	2603486.422462	107086	cpu/event=0x3C,umask=0x00/u	40166d	t_run_test	(/home/koga/autobench_perf/src/autobench/bitmnp01_lite)
bitmnp01_lite	79721	[001]	2603486.422558	107648	cpu/event=0x3C,umask=0x00/u	400b18	t_run_test	(/home/koga/autobench_perf/src/autobench/bitmnp01_lite)
bitmnp01_lite	79721	[001]	2603486.422655	108154	cpu/event=0x3C,umask=0x00/u	401533	t_run_test	(/home/koga/autobench_perf/src/autobench/bitmnp01_lite)
bitmnp01_lite	79721	[001]	2603486.422752	108620	cpu/event=0x3C,umask=0x00/u	4010fb	t_run_test	(/home/koga/autobench_perf/src/autobench/bitmnp01_lite)
bitmnp01_lite	79721	[001]	2603486.422850	109001	cpu/event=0x3C,umask=0x00/u	400d0f	t_run_test	(/home/koga/autobench_perf/src/autobench/bitmnp01_lite)
bitmnp01_lite	79721	[001]	2603486.422948	109349	cpu/event=0x3C,umask=0x00/u	400cf9	t_run_test	(/home/koga/autobench_perf/src/autobench/bitmnp01_lite)
bitmnp01_lite	79721	[001]	2603486.423046	109640	cpu/event=0x3C,umask=0x00/u	401067	t_run_test	(/home/koga/autobench_perf/src/autobench/bitmnp01_lite)
bitmnp01_lite	79721	[001]	2603486.423144	109930	cpu/event=0x3C,umask=0x00/u	401700	t_run_test	(/home/koga/autobench_perf/src/autobench/bitmnp01_lite)
bitmnp01_lite	79721	[001]	2603486.423238	110191	cpu/event=0x3C,umask=0x00/u	4010ea	t_run_test	(/home/koga/autobench_perf/src/autobench/bitmnp01_lite)
bitmnp01_lite	79721	[001]	2603486.423341	110973	cpu/event=0x3C,umask=0x00/u	400f51	t_run_test	(/home/koga/autobench_perf/src/autobench/bitmnp01_lite)
bitmnp01_lite	79721	[001]	2603486.423440	110616	cpu/event=0x3C,umask=0x00/u	400cf3	t_run_test	(/home/koga/autobench_perf/src/autobench/bitmnp01_lite)
bitmnp01_lite	79721	[001]	2603486.423535	110720	cpu/event=0x3C,umask=0x00/u	400ad4	t_run_test	(/home/koga/autobench_perf/src/autobench/bitmnp01_lite)
bitmnp01_lite	79721	[001]	2603486.423634	111438	cpu/event=0x3C,umask=0x00/u	40120c	t_run_test	(/home/koga/autobench_perf/src/autobench/bitmnp01_lite)
bitmnp01_lite	79721	[001]	2603486.423734	111589	cpu/event=0x3C,umask=0x00/u	400bce	t_run_test	(/home/koga/autobench_perf/src/autobench/bitmnp01_lite)
bitmnp01_lite	79721	[001]	2603486.423833	111657	cpu/event=0x3C,umask=0x00/u	400bda	t_run_test	(/home/koga/autobench_perf/src/autobench/bitmnp01_lite)
bitmnp01_lite	79721	[001]	2603486.423929	111703	cpu/event=0x3C,umask=0x00/u	400cd2	t_run_test	(/home/koga/autobench_perf/src/autobench/bitmnp01_lite)
bitmnp01_lite	79721	[001]	2603486.424029	112325	cpu/event=0x3C,umask=0x00/u	400b57	t_run_test	(/home/koga/autobench_perf/src/autobench/bitmnp01_lite)
bitmnp01_lite	79721	[001]	2603486.424129	112380	cpu/event=0x3C,umask=0x00/u	400c81	t_run_test	(/home/koga/autobench_perf/src/autobench/bitmnp01_lite)
bitmnp01_lite	79721	[001]	2603486.424229	112375	cpu/event=0x3C,umask=0x00/u	400ba7	t_run_test	(/home/koga/autobench_perf/src/autobench/bitmnp01_lite)
bitmnp01_lite	79721	[001]	2603486.424325	112347	cpu/event=0x3C,umask=0x00/u	401660	t_run_test	(/home/koga/autobench_perf/src/autobench/bitmnp01_lite)
bitmnp01_lite	79721	[001]	2603486.424429	112878	cpu/event=0x3C,umask=0x00/u	4011fe	t_run_test	(/home/koga/autobench_perf/src/autobench/bitmnp01_lite)
bitmnp01_lite	79721	[001]	2603486.424530	112335	cpu/event=0x3C,umask=0x00/u	401555	t_run_test	(/home/koga/autobench_perf/src/autobench/bitmnp01_lite)
bitmnp01_lite	79721	[001]	2603486.424630	112268	cpu/event=0x3C,umask=0x00/u	401772	t_run_test	(/home/koga/autobench_perf/src/autobench/bitmnp01_lite)
bitmnp01_lite	79721	[001]	2603486.424726	112246	cpu/event=0x3C,umask=0x00/u	40166d	t_run_test	(/home/koga/autobench_perf/src/autobench/bitmnp01_lite)
bitmnp01_lite	79721	[001]	2603486.424827	112789	cpu/event=0x3C,umask=0x00/u	400b35	t_run_test	(/home/koga/autobench_perf/src/autobench/bitmnp01_lite)
bitmnp01_lite	79721	[001]	2603486.424931	112763	cpu/event=0x3C,umask=0x00/u	40171c	t_run_test	(/home/koga/autobench_perf/src/autobench/bitmnp01_lite)
bitmnp01_lite	79721	[001]	2603486.425028	112185	cpu/event=0x3C,umask=0x00/u	400c43	t_run_test	(/home/koga/autobench_perf/src/autobench/bitmnp01_lite)
bitmnp01_lite	79721	[001]	2603486.425128	112674	cpu/event=0x3C,umask=0x00/u	401915	t_run_test	(/home/koga/autobench_perf/src/autobench/bitmnp01_lite)
bitmnp01_lite	79721	[001]	2603486.425238	112334	cpu/event=0x3C,umask=0x00/u	400c67	t_run_test	(/home/koga/autobench_perf/src/autobench/bitmnp01_lite)
bitmnp01_lite	79721	[001]	2603486.425339	110985	cpu/event=0x3C,umask=0x00/u	400d33	t_run_test	(/home/koga/autobench_perf/src/autobench/bitmnp01_lite)
bitmnp01_lite	79721	[001]	2603486.425438	110928	cpu/event=0x3C,umask=0x00/u	401772	t_run_test	(/home/koga/autobench_perf/src/autobench/bitmnp01_lite)
bitmnp01_lite	79721	[001]	2603486.425537	111052	cpu/event=0x3C,umask=0x00/u	400ca8	t_run_test	(/home/koga/autobench_perf/src/autobench/bitmnp01_lite)
bitmnp01_lite	79721	[001]	2603486.425636	111176	cpu/event=0x3C,umask=0x00/u	40167a	t_run_test	(/home/koga/autobench_perf/src/autobench/bitmnp01_lite)
bitmnp01_lite	79721	[001]	2603486.425736	111276	cpu/event=0x3C,umask=0x00/u	400cc4	t_run_test	(/home/koga/autobench_perf/src/autobench/bitmnp01_lite)
bitmnp01_lite	79721	[001]	2603486.425835	111362	cpu/event=0x3C,umask=0x00/u	401555	t_run_test	(/home/koga/autobench_perf/src/autobench/bitmnp01_lite)
bitmnp01_lite	79721	[001]	2603486.425934	111436	cpu/event=0x3C,umask=0x00/u	4016b2	t_run_test	(/home/koga/autobench_perf/src/autobench/bitmnp01_lite)
bitmnp01_lite	79721	[001]	2603486.426034	111524	cpu/event=0x3C,umask=0x00/u	40160b	t_run_test	(/home/koga/autobench_perf/src/autobench/bitmnp01_lite)
bitmnp01_lite	79721	[001]	2603486.426134	111586	cpu/event=0x3C,umask=0x00/u	4015fa	t_run_test	(/home/koga/autobench_perf/src/autobench/bitmnp01_lite)
bitmnp01_lite	79721	[001]	2603486.426229	111634	cpu/event=0x3C,umask=0x00/u	4011ab	t_run_test	(/home/koga/autobench_perf/src/autobench/bitmnp01_lite)
bitmnp01_lite	79721	[001]	2603486.426329	112247	cpu/event=0x3C,umask=0x00/u	400ca8	t_run_test	(/home/koga/autobench_perf/src/autobench/bitmnp01_lite)
bitmnp01_lite	79721	[001]	2603486.426429	112290	cpu/event=0x3C,umask=0x00/u	4011d4	t_run_test	(/home/koga/autobench_perf/src/autobench/bitmnp01_lite)
bitmnp01_lite	79721	[001]	2603486.426529	112284	cpu/event=0x3C,umask=0x00/u	4010ea	t_run_test	(/home/koga/autobench_perf/src/autobench/bitmnp01_lite)
bitmnp01_lite	79721	[001]	2603486.426630	112241	cpu/event=0x3C,umask=0x00/u	4010fb	t_run_test	(/home/koga/autobench_perf/src/autobench/bitmnp01_lite)
bitmnp01_lite	79721	[001]	2603486.426730	112201	cpu/event=0x3C,umask=0x00/u	401522	t_run_test	(/home/koga/autobench_perf/src/autobench/bitmnp01_lite)
bitmnp01_lite	79721	[001]	2603486.426830	112182	cpu/event=0x3C,umask=0x00/u	40120c	t_run_test	(/home/koga/autobench_perf/src/autobench/bitmnp01_lite)
bitmnp01_lite	79721	[001]	2603486.426927	112189	cpu/event=0x3C,umask=0x00/u	400d79	t_run_test	(/home/koga/autobench_perf/src/autobench/bitmnp01_lite)
bitmnp01_lite	79721	[001]	2603486.427027	112609	cpu/event=0x3C,umask=0x00/u	40192b	t_run_test	(/home/koga/autobench_perf/src/autobench/bitmnp01_lite)
bitmnp01_lite	79721	[001]	2603486.427124	112582	cpu/event=0x3C,umask=0x00/u	4011b8	t_run_test	(/home/koga/autobench_perf/src/autobench/bitmnp01_lite)
bitmnp01_lite	79721	[001]	2603486.427228	113090	cpu/event=0x3C,umask=0x00/u	4011e2	t_run_test	(/home/koga/autobench_perf/src/autobench/bitmnp01_lite)
bitmnp01_lite	79721	[001]	2603486.427329	112508	cpu/event=0x3C,umask=0x00/u	40120c	t_run_test	(/home/koga/autobench_perf/src/autobench/bitmnp01_lite)
bitmnp01_lite	79721	[001]	2603486.427425	112419	cpu/event=0x3C,umask=0x00/u	401663	t_run_test	(/home/koga/autobench_perf/src/autobench/bitmnp01_lite)
bitmnp01_lite	79721	[001]	2603486.427525	112960	cpu/event=0x3C,umask=0x00/u	40197d	t_run_test	(/home/koga/autobench_perf/src/autobench/bitmnp01_lite)
bitmnp01_lite	79721	[001]	2603486.427626	112913	cpu/event=0x3C,umask=0x00/u	401184	t_run_test	(/home/koga/autobench_perf/src/autobench/bitmnp01_lite)
bitmnp01_lite	79721	[001]	2603486.427727	112822	cpu/event=0x3C,umask=0x00/u	401177	t_run_test	(/home/koga/autobench_perf/src/autobench/bitmnp01_lite)
bitmnp01_lite	79721	[001]	2603486.427827	112739	cpu/event=0x3C,umask=0x00/u	4015b8	t_run_test	(/home/koga/autobench_perf/src/autobench/bitmnp01_lite)
bitmnp01_lite	79721	[001]	2603486.427928	112677	cpu/event=0x3C,umask=0x00/u	401663	t_run_test	(/home/koga/autobench_perf/src/autobench/bitmnp01_lite)
bitmnp01_lite	79721	[001]	2603486.428028	112568	cpu/event=0x3C,umask=0x00/u	400c29	t_run_test	(/home/koga/autobench_perf/src/autobench/bitmnp01_lite)
bitmnp01_lite	79721	[001]	2603486.428129	112491	cpu/event=0x3C,umask=0x00/u	40115d	t_run_test	(/home/koga/autobench_perf/src/autobench/bitmnp01_lite)
bitmnp01_lite	79721	[001]	2603486.428229	112423	cpu/event=0x3C,umask=0x00/u	401148	t_run_test	(/home/koga/autobench_perf/src/autobench/bitmnp01_lite)
bitmnp01_lite	79721	[001]	2603486.428329	112391	cpu/event=0x3C,umask=0x00/u	401687	t_run_test	(/home/koga/autobench_perf/src/autobench/bitmnp01_lite)
bitmnp01_lite	79721	[001]	2603486.428429	112372	cpu/event=0x3C,umask=0x00/u	401228	t_run_test	(/home/koga/autobench_perf/src/autobench/bitmnp01_lite)
bitmnp01_lite	79721	[001]	2603486.428526	112330	cpu/event=0x3C,umask=0x00/u	400bc9	t_run_test	(/home/koga/autobench_perf/src/autobench/bitmnp01_lite)
bitmnp01_lite	79721	[001]	2603486.428630	112860	cpu/event=0x3C,umask=0x00/u	40172a	t_run_test	(/home/koga/autobench_perf/src/autobench/bitmnp01_lite)
bitmnp01_lite	79721	[001]	2603486.428731	112295	cpu/event=0x3C,umask=0x00/u	400b70	t_run_test	(/home/koga/autobench_perf/src/autobench/bitmnp01_lite)
bitmnp01_lite	79721	[001]	2603486.428831	112220	cpu/event=0x3C,umask=0x00/u	400c4d	t_run_test	(/home/koga/autobench_perf/src/autobench/bitmnp01_lite)
bitmnp01_lite	79721	[001]	2603486.428931	112188	cpu/event=0x3C,umask=0x00/u	400c67	t_run_test	(/home/koga/autobench_perf/src/autobench/bitmnp01_lite)
bitmnp01_lite	79721	[001]	2603486.429027	112160	cpu/event=0x3C,umask=0x00/u	4014f0	t_run_test	(/home/koga/autobench_perf/src/autobench/bitmnp01_lite)
bitmnp01_lite	79721	[001]	2603486.429127	112709	cpu/event=0x3C,umask=0x00/u	401431	t_run_test	(/home/koga/autobench_perf/src/autobench/bitmnp01_lite)
bitmnp01_lite	79721	[001]	2603486.429243	112655	cpu/event=0x3C,umask=0x00/u	4016c8	t_run_test	(/home/koga/autobench_perf/src/autobench/bitmnp01_lite)
bitmnp01_lite	79721	[001]	2603486.429349	110752	cpu/event=0x3C,umask=0x00/u	401191	t_run_test	(/home/koga/autobench_perf/src/autobench/bitmnp01_lite)
bitmnp01_lite	79721	[001]	2603486.429445	109989	cpu/event=0x3C,umask=0x00/u	40121a	t_run_test	(/home/koga/autobench_perf/src/autobench/bitmnp01_lite)
bitmnp01_lite	79721	[001]	2603486.429537	110501	cpu/event=0x3C,umask=0x00/u	401095	t_run_test	(/home/koga/autobench_perf/src/autobench/bitmnp01_lite)
bitmnp01_lite	79721	[001]	2603486.429626	111730	cpu/event=0x3C,umask=0x00/u	401157	t_run_test	(/home/koga/autobench_perf/src/autobench/bitmnp01_lite)
bitmnp01_lite	79721	[001]	2603486.429722	113538	cpu/event=0x3C,umask=0x00/u	401544	t_run_test	(/home/koga/autobench_perf/src/autobench/bitmnp01_lite)
bitmnp01_lite	79721	[001]	2603486.429813	114035	cpu/event=0x3C,umask=0x00/u	40167a	t_run_test	(/home/koga/autobench_perf/src/autobench/bitmnp01_lite)
bitmnp01_lite	79721	[001]	2603486.429911	115504	cpu/event=0x3C,umask=0x00/u	400ea2	t_run_test	(/home/koga/autobench_perf/src/autobench/bitmnp01_lite)
bitmnp01_lite	79721	[001]	2603486.430003	115757	cpu/event=0x3C,umask=0x00/u	401461	t_run_test	(/home/koga/autobench_perf/src/autobench/bitmnp01_lite)
bitmnp01_lite	79721	[001]	2603486.430102	117033	cpu/event=0x3C,umask=0x00/u	400b94	t_run_test	(/home/koga/autobench_perf/src/autobench/bitmnp01_lite)
bitmnp01_lite	79721	[001]	2603486.430195	117127	cpu/event=0x3C,umask=0x00/u	4011c6	t_run_test	(/home/koga/autobench_perf/src/autobench/bitmnp01_lite)
bitmnp01_lite	79721	[001]	2603486.430292	118238	cpu/event=0x3C,umask=0x00/u	400c9b	t_run_test	(/home/koga/autobench_perf/src/autobench/bitmnp01_lite)
bitmnp01_lite	79721	[001]	2603486.430390	118711	cpu/event=0x3C,umask=0x00/u	40170e	t_run_test	(/home/koga/autobench_perf/src/autobench/bitmnp01_lite)
bitmnp01_lite	79721	[001]	2603486.430487	119112	cpu/event=0x3C,umask=0x00/u	4011fb	t_run_test	(/home/koga/autobench_perf/src/autobench/bitmnp01_lite)
bitmnp01_lite	79721	[001]	2603486.430585	119471	cpu/event=0x3C,umask=0x00/u	40120c	t_run_test	(/home/koga/autobench_perf/src/autobench/bitmnp01_lite)
bitmnp01_lite	79721	[001]	2603486.430676	119789	cpu/event=0x3C,umask=0x00/u	400c74	t_run_test	(/home/koga/autobench_perf/src/autobench/bitmnp01_lite)
bitmnp01_lite	79721	[001]	2603486.430782	121272	cpu/event=0x3C,umask=0x00/u	400cd2	t_run_test	(/home/koga/autobench_perf/src/autobench/bitmnp01_lite)
bitmnp01_lite	79721	[001]	2603486.430878	120455	cpu/event=0x3C,umask=0x00/u	400b57	t_run_test	(/home/koga/autobench_perf/src/autobench/bitmnp01_lite)
bitmnp01_lite	79721	[001]	2603486.430980	121088	cpu/event=0x3C,umask=0x00/u	400ad0	t_run_test	(/home/koga/autobench_perf/src/autobench/bitmnp01_lite)
bitmnp01_lite	79721	[001]	2603486.431072	120722	cpu/event=0x3C,umask=0x00/u	401694	t_run_test	(/home/koga/autobench_perf/src/autobench/bitmnp01_lite)
bitmnp01_lite	79721	[001]	2603486.431179	122032	cpu/event=0x3C,umask=0x00/u	40170e	t_run_test	(/home/koga/autobench_perf/src/autobench/bitmnp01_lite)
bitmnp01_lite	79721	[001]	2603486.431272	121098	cpu/event=0x3C,umask=0x00/u	40167a	t_run_test	(/home/koga/autobench_perf/src/autobench/bitmnp01_lite)
bitmnp01_lite	79721	[001]	2603486.431374	122286	cpu/event=0x3C,umask=0x00/u	401667	t_run_test	(/home/koga/autobench_perf/src/autobench/bitmnp01_lite)
bitmnp01_lite	79721	[001]	2603486.431471	121857	cpu/event=0x3C,umask=0x00/u	4015fa	t_run_test	(/home/koga/autobench_perf/src/autobench/bitmnp01_lite)
bitmnp01_lite	79721	[001]	2603486.431571	122410	cpu/event=0x3C,umask=0x00/u	40172a	t_run_test	(/home/koga/autobench_perf/src/autobench/bitmnp01_lite)
bitmnp01_lite	79721	[001]	2603486.431671	122425	cpu/event=0x3C,umask=0x00/u	401705	t_run_test	(/home/koga/autobench_perf/src/autobench/bitmnp01_lite)
bitmnp01_lite	79721	[001]	2603486.431771	122395	cpu/event=0x3C,umask=0x00/u	40171c	t_run_test	(/home/koga/autobench_perf/src/autobench/bitmnp01_lite)
bitmnp01_lite	79721	[001]	2603486.431871	122366	cpu/event=0x3C,umask=0x00/u	40178c	t_run_test	(/home/koga/autobench_perf/src/autobench/bitmnp01_lite)
bitmnp01_lite	79721	[001]	2603486.431972	122346	cpu/event=0x3C,umask=0x00/u	4011c6	t_run_test	(/home/koga/autobench_perf/src/autobench/bitmnp01_lite)
bitmnp01_lite	79721	[001]	2603486.432073	122307	cpu/event=0x3C,umask=0x00/u	40193e	t_run_test	(/home/koga/autobench_perf/src/autobench/bitmnp01_lite)
bitmnp01_lite	79721	[001]	2603486.432169	122145	cpu/event=0x3C,umask=0x00/u	4016db	t_run_test	(/home/koga/autobench_perf/src/autobench/bitmnp01_lite)
bitmnp01_lite	79721	[001]	2603486.432269	122703	cpu/event=0x3C,umask=0x00/u	401566	t_run_test	(/home/koga/autobench_perf/src/autobench/bitmnp01_lite)
bitmnp01_lite	79721	[001]	2603486.432370	122704	cpu/event=0x3C,umask=0x00/u	4016cd	t_run_test	(/home/koga/autobench_perf/src/autobench/bitmnp01_lite)
bitmnp01_lite	79721	[001]	2603486.432470	122612	cpu/event=0x3C,umask=0x00/u	401738	t_run_test	(/home/koga/autobench_perf/src/autobench/bitmnp01_lite)
bitmnp01_lite	79721	[001]	2603486.432571	122535	cpu/event=0x3C,umask=0x00/u	4016f2	t_run_test	(/home/koga/autobench_perf/src/autobench/bitmnp01_lite)
bitmnp01_lite	79721	[001]	2603486.432671	122484	cpu/event=0x3C,umask=0x00/u	401694	t_run_test	(/home/koga/autobench_perf/src/autobench/bitmnp01_lite)
bitmnp01_lite	79721	[001]	2603486.432771	122452	cpu/event=0x3C,umask=0x00/u	401184	t_run_test	(/home/koga/autobench_perf/src/autobench/bitmnp01_lite)
bitmnp01_lite	79721	[001]	2603486.432872	122413	cpu/event=0x3C,umask=0x00/u	401784	t_run_test	(/home/koga/autobench_perf/src/autobench/bitmnp01_lite)
bitmnp01_lite	79721	[001]	2603486.432972	122360	cpu/event=0x3C,umask=0x00/u	401555	t_run_test	(/home/koga/autobench_perf/src/autobench/bitmnp01_lite)
bitmnp01_lite	79721	[001]	2603486.433072	122303	cpu/event=0x3C,umask=0x00/u	40166d	t_run_test	(/home/koga/autobench_perf/src/autobench/bitmnp01_lite)
bitmnp01_lite	79721	[001]	2603486.433168	122300	cpu/event=0x3C,umask=0x00/u	401745	t_run_test	(/home/koga/autobench_perf/src/autobench/bitmnp01_lite)
bitmnp01_lite	79721	[001]	2603486.433282	122626	cpu/event=0x3C,umask=0x00/u	4011c6	t_run_test	(/home/koga/autobench_perf/src/autobench/bitmnp01_lite)
bitmnp01_lite	79721	[001]	2603486.433378	120834	cpu/event=0x3C,umask=0x00/u	40107b	t_run_test	(/home/koga/autobench_perf/src/autobench/bitmnp01_lite)
bitmnp01_lite	79721	[001]	2603486.433481	121344	cpu/event=0x3C,umask=0x00/u	400c67	t_run_test	(/home/koga/autobench_perf/src/autobench/bitmnp01_lite)
bitmnp01_lite	79721	[001]	2603486.433577	120928	cpu/event=0x3C,umask=0x00/u	401184	t_run_test	(/home/koga/autobench_perf/src/autobench/bitmnp01_lite)
bitmnp01_lite	79721	[001]	2603486.433680	121604	cpu/event=0x3C,umask=0x00/u	401753	t_run_test	(/home/koga/autobench_perf/src/autobench/bitmnp01_lite)
bitmnp01_lite	79721	[001]	2603486.433776	121181	cpu/event=0x3C,umask=0x00/u	400d0a	t_run_test	(/home/koga/autobench_perf/src/autobench/bitmnp01_lite)
bitmnp01_lite	79721	[001]	2603486.433876	121806	cpu/event=0x3C,umask=0x00/u	40171c	t_run_test	(/home/koga/autobench_perf/src/autobench/bitmnp01_lite)
bitmnp01_lite	79721	[001]	2603486.433975	121837	cpu/event=0x3C,umask=0x00/u	401522	t_run_test	(/home/koga/autobench_perf/src/autobench/bitmnp01_lite)
bitmnp01_lite	79721	[001]	2603486.434075	121876	cpu/event=0x3C,umask=0x00/u	4011c6	t_run_test	(/home/koga/autobench_perf/src/autobench/bitmnp01_lite)
bitmnp01_lite	79721	[001]	2603486.434175	121902	cpu/event=0x3C,umask=0x00/u	401660	t_run_test	(/home/koga/autobench_perf/src/autobench/bitmnp01_lite)
bitmnp01_lite	79721	[001]	2603486.434275	121927	cpu/event=0x3C,umask=0x00/u	401153	t_run_test	(/home/koga/autobench_perf/src/autobench/bitmnp01_lite)
bitmnp01_lite	79721	[001]	2603486.434381	121941	cpu/event=0x3C,umask=0x00/u	401df0	Calc_crc32	(/home/koga/autobench_perf/src/autobench/bitmnp01_lite)
