bitmnp01_lite	80539	[007]	2603553.782320	1	cpu/event=0xD0,umask=0x81/u	7f1ca92a5c30	_start	(/lib/x86_64-linux-gnu/ld-2.23.so)
bitmnp01_lite	80539	[007]	2603553.782335	1	cpu/event=0xD0,umask=0x81/u	7f1ca92a5c30	_start	(/lib/x86_64-linux-gnu/ld-2.23.so)
bitmnp01_lite	80539	[007]	2603553.782341	2	cpu/event=0xD0,umask=0x81/u	7f1ca92a5c30	_start	(/lib/x86_64-linux-gnu/ld-2.23.so)
bitmnp01_lite	80539	[007]	2603553.782347	6	cpu/event=0xD0,umask=0x81/u	7f1ca92a5c30	_start	(/lib/x86_64-linux-gnu/ld-2.23.so)
bitmnp01_lite	80539	[007]	2603553.782364	19	cpu/event=0xD0,umask=0x81/u	7f1ca92a5c30	_start	(/lib/x86_64-linux-gnu/ld-2.23.so)
bitmnp01_lite	80539	[007]	2603553.782404	31	cpu/event=0xD0,umask=0x81/u	7f1ca92a6a6b	_dl_start	(/lib/x86_64-linux-gnu/ld-2.23.so)
bitmnp01_lite	80539	[007]	2603553.782439	37	cpu/event=0xD0,umask=0x81/u	7f1ca92a6aa2	_dl_start	(/lib/x86_64-linux-gnu/ld-2.23.so)
bitmnp01_lite	80539	[007]	2603553.782454	46	cpu/event=0xD0,umask=0x81/u	7f1ca92a6d36	_dl_start	(/lib/x86_64-linux-gnu/ld-2.23.so)
bitmnp01_lite	80539	[007]	2603553.782464	80	cpu/event=0xD0,umask=0x81/u	ffffffff8186d5d0	page_fault	([kernel.kallsyms])
bitmnp01_lite	80539	[007]	2603553.782494	173	cpu/event=0xD0,umask=0x81/u	7f1ca92be645	_dl_sysdep_start	(/lib/x86_64-linux-gnu/ld-2.23.so)
bitmnp01_lite	80539	[007]	2603553.782528	223	cpu/event=0xD0,umask=0x81/u	7f1ca92c2ed0	memcpy	(/lib/x86_64-linux-gnu/ld-2.23.so)
bitmnp01_lite	80539	[007]	2603553.782569	279	cpu/event=0xD0,umask=0x81/u	7f1ca92a7d2d	dl_main	(/lib/x86_64-linux-gnu/ld-2.23.so)
bitmnp01_lite	80539	[007]	2603553.782609	329	cpu/event=0xD0,umask=0x81/u	7f1ca92b2fc0	_dl_map_object_deps	(/lib/x86_64-linux-gnu/ld-2.23.so)
bitmnp01_lite	80539	[007]	2603553.782660	391	cpu/event=0xD0,umask=0x81/u	7f1ca92bd068	_dl_cache_libcmp	(/lib/x86_64-linux-gnu/ld-2.23.so)
bitmnp01_lite	80539	[007]	2603553.782728	438	cpu/event=0xD0,umask=0x81/u	7f1ca92abc0c	_dl_map_object_from_fd	(/lib/x86_64-linux-gnu/ld-2.23.so)
bitmnp01_lite	80539	[007]	2603553.782761	465	cpu/event=0xD0,umask=0x81/u	7f1ca92bd008	_dl_cache_libcmp	(/lib/x86_64-linux-gnu/ld-2.23.so)
bitmnp01_lite	80539	[007]	2603553.782840	585	cpu/event=0xD0,umask=0x81/u	7f1ca92b0b6f	_dl_add_to_namespace_list	(/lib/x86_64-linux-gnu/ld-2.23.so)
bitmnp01_lite	80539	[007]	2603553.782865	605	cpu/event=0xD0,umask=0x81/u	7f1ca92b31b9	_dl_map_object_deps	(/lib/x86_64-linux-gnu/ld-2.23.so)
bitmnp01_lite	80539	[007]	2603553.782883	824	cpu/event=0xD0,umask=0x81/u	7f1ca92b6f58	_dl_check_map_versions	(/lib/x86_64-linux-gnu/ld-2.23.so)
bitmnp01_lite	80539	[007]	2603553.782905	1301	cpu/event=0xD0,umask=0x81/u	7f1ca92b71e8	_dl_check_map_versions	(/lib/x86_64-linux-gnu/ld-2.23.so)
bitmnp01_lite	80539	[007]	2603553.782962	1888	cpu/event=0xD0,umask=0x81/u	7f1ca92b1654	_dl_relocate_object	(/lib/x86_64-linux-gnu/ld-2.23.so)
bitmnp01_lite	80539	[007]	2603553.782984	2063	cpu/event=0xD0,umask=0x81/u	7f1ca92b163f	_dl_relocate_object	(/lib/x86_64-linux-gnu/ld-2.23.so)
bitmnp01_lite	80539	[007]	2603553.783019	2982	cpu/event=0xD0,umask=0x81/u	7f1ca92b1706	_dl_relocate_object	(/lib/x86_64-linux-gnu/ld-2.23.so)
bitmnp01_lite	80539	[007]	2603553.783051	3666	cpu/event=0xD0,umask=0x81/u	7f1ca92b69c0	_dl_name_match_p	(/lib/x86_64-linux-gnu/ld-2.23.so)
bitmnp01_lite	80539	[007]	2603553.783077	4644	cpu/event=0xD0,umask=0x81/u	7f1ca92b1806	_dl_relocate_object	(/lib/x86_64-linux-gnu/ld-2.23.so)
bitmnp01_lite	80539	[007]	2603553.783112	6358	cpu/event=0xD0,umask=0x81/u	7f1ca92b1709	_dl_relocate_object	(/lib/x86_64-linux-gnu/ld-2.23.so)
bitmnp01_lite	80539	[007]	2603553.783289	7789	cpu/event=0xD0,umask=0x81/u	7f1ca92bced9	_dl_runtime_resolve_xsave	(/lib/x86_64-linux-gnu/ld-2.23.so)
bitmnp01_lite	80539	[007]	2603553.783350	7368	cpu/event=0xD0,umask=0x81/u	7f1ca8d15360	_dl_addr	(/lib/x86_64-linux-gnu/libc-2.23.so)
bitmnp01_lite	80539	[007]	2603553.783444	7948	cpu/event=0xD0,umask=0x81/u	401012	t_run_test	(/home/koga/autobench_perf/src/autobench/bitmnp01_lite)
bitmnp01_lite	80539	[007]	2603553.783593	8011	cpu/event=0xD0,umask=0x81/u	401150	t_run_test	(/home/koga/autobench_perf/src/autobench/bitmnp01_lite)
bitmnp01_lite	80539	[007]	2603553.783708	7687	cpu/event=0xD0,umask=0x81/u	401091	t_run_test	(/home/koga/autobench_perf/src/autobench/bitmnp01_lite)
bitmnp01_lite	80539	[007]	2603553.783785	7564	cpu/event=0xD0,umask=0x81/u	400c43	t_run_test	(/home/koga/autobench_perf/src/autobench/bitmnp01_lite)
bitmnp01_lite	80539	[007]	2603553.783904	7834	cpu/event=0xD0,umask=0x81/u	4013fc	t_run_test	(/home/koga/autobench_perf/src/autobench/bitmnp01_lite)
bitmnp01_lite	80539	[007]	2603553.784009	7683	cpu/event=0xD0,umask=0x81/u	40161c	t_run_test	(/home/koga/autobench_perf/src/autobench/bitmnp01_lite)
bitmnp01_lite	80539	[007]	2603553.784100	7633	cpu/event=0xD0,umask=0x81/u	401139	t_run_test	(/home/koga/autobench_perf/src/autobench/bitmnp01_lite)
bitmnp01_lite	80539	[007]	2603553.784184	7737	cpu/event=0xD0,umask=0x81/u	401461	t_run_test	(/home/koga/autobench_perf/src/autobench/bitmnp01_lite)
bitmnp01_lite	80539	[007]	2603553.784273	7915	cpu/event=0xD0,umask=0x81/u	400c40	t_run_test	(/home/koga/autobench_perf/src/autobench/bitmnp01_lite)
bitmnp01_lite	80539	[007]	2603553.784353	8038	cpu/event=0xD0,umask=0x81/u	401928	t_run_test	(/home/koga/autobench_perf/src/autobench/bitmnp01_lite)
bitmnp01_lite	80539	[007]	2603553.784427	8290	cpu/event=0xD0,umask=0x81/u	400b02	t_run_test	(/home/koga/autobench_perf/src/autobench/bitmnp01_lite)
bitmnp01_lite	80539	[007]	2603553.784523	8658	cpu/event=0xD0,umask=0x81/u	400beb	t_run_test	(/home/koga/autobench_perf/src/autobench/bitmnp01_lite)
bitmnp01_lite	80539	[007]	2603553.784614	8706	cpu/event=0xD0,umask=0x81/u	4015cc	t_run_test	(/home/koga/autobench_perf/src/autobench/bitmnp01_lite)
bitmnp01_lite	80539	[007]	2603553.784692	8805	cpu/event=0xD0,umask=0x81/u	400b94	t_run_test	(/home/koga/autobench_perf/src/autobench/bitmnp01_lite)
bitmnp01_lite	80539	[007]	2603553.784783	9117	cpu/event=0xD0,umask=0x81/u	401405	t_run_test	(/home/koga/autobench_perf/src/autobench/bitmnp01_lite)
bitmnp01_lite	80539	[007]	2603553.784907	8581	cpu/event=0xD0,umask=0x81/u	401544	t_run_test	(/home/koga/autobench_perf/src/autobench/bitmnp01_lite)
bitmnp01_lite	80539	[007]	2603553.784984	8378	cpu/event=0xD0,umask=0x81/u	400b6b	t_run_test	(/home/koga/autobench_perf/src/autobench/bitmnp01_lite)
bitmnp01_lite	80539	[007]	2603553.785076	8679	cpu/event=0xD0,umask=0x81/u	400cc4	t_run_test	(/home/koga/autobench_perf/src/autobench/bitmnp01_lite)
bitmnp01_lite	80539	[007]	2603553.785162	8780	cpu/event=0xD0,umask=0x81/u	400d07	t_run_test	(/home/koga/autobench_perf/src/autobench/bitmnp01_lite)
bitmnp01_lite	80539	[007]	2603553.785244	8956	cpu/event=0xD0,umask=0x81/u	40110c	t_run_test	(/home/koga/autobench_perf/src/autobench/bitmnp01_lite)
bitmnp01_lite	80539	[007]	2603553.785334	9197	cpu/event=0xD0,umask=0x81/u	401544	t_run_test	(/home/koga/autobench_perf/src/autobench/bitmnp01_lite)
bitmnp01_lite	80539	[007]	2603553.785447	9324	cpu/event=0xD0,umask=0x81/u	400c5a	t_run_test	(/home/koga/autobench_perf/src/autobench/bitmnp01_lite)
bitmnp01_lite	80539	[007]	2603553.785530	9192	cpu/event=0xD0,umask=0x81/u	400b02	t_run_test	(/home/koga/autobench_perf/src/autobench/bitmnp01_lite)
bitmnp01_lite	80539	[007]	2603553.785634	9430	cpu/event=0xD0,umask=0x81/u	40162d	t_run_test	(/home/koga/autobench_perf/src/autobench/bitmnp01_lite)
bitmnp01_lite	80539	[007]	2603553.785742	9393	cpu/event=0xD0,umask=0x81/u	400cc4	t_run_test	(/home/koga/autobench_perf/src/autobench/bitmnp01_lite)
bitmnp01_lite	80539	[007]	2603553.785826	9299	cpu/event=0xD0,umask=0x81/u	400c0d	t_run_test	(/home/koga/autobench_perf/src/autobench/bitmnp01_lite)
bitmnp01_lite	80539	[007]	2603553.785932	9520	cpu/event=0xD0,umask=0x81/u	401915	t_run_test	(/home/koga/autobench_perf/src/autobench/bitmnp01_lite)
bitmnp01_lite	80539	[007]	2603553.786029	9454	cpu/event=0xD0,umask=0x81/u	401034	t_run_test	(/home/koga/autobench_perf/src/autobench/bitmnp01_lite)
bitmnp01_lite	80539	[007]	2603553.786124	9492	cpu/event=0xD0,umask=0x81/u	401067	t_run_test	(/home/koga/autobench_perf/src/autobench/bitmnp01_lite)
bitmnp01_lite	80539	[007]	2603553.786232	9561	cpu/event=0xD0,umask=0x81/u	401098	t_run_test	(/home/koga/autobench_perf/src/autobench/bitmnp01_lite)
bitmnp01_lite	80539	[007]	2603553.786328	9475	cpu/event=0xD0,umask=0x81/u	40171c	t_run_test	(/home/koga/autobench_perf/src/autobench/bitmnp01_lite)
bitmnp01_lite	80539	[007]	2603553.786423	9523	cpu/event=0xD0,umask=0x81/u	401933	t_run_test	(/home/koga/autobench_perf/src/autobench/bitmnp01_lite)
bitmnp01_lite	80539	[007]	2603553.786532	9587	cpu/event=0xD0,umask=0x81/u	401928	t_run_test	(/home/koga/autobench_perf/src/autobench/bitmnp01_lite)
bitmnp01_lite	80539	[007]	2603553.786626	9486	cpu/event=0xD0,umask=0x81/u	400c8e	t_run_test	(/home/koga/autobench_perf/src/autobench/bitmnp01_lite)
bitmnp01_lite	80539	[007]	2603553.786723	9562	cpu/event=0xD0,umask=0x81/u	401153	t_run_test	(/home/koga/autobench_perf/src/autobench/bitmnp01_lite)
bitmnp01_lite	80539	[007]	2603553.786829	9605	cpu/event=0xD0,umask=0x81/u	4010ea	t_run_test	(/home/koga/autobench_perf/src/autobench/bitmnp01_lite)
bitmnp01_lite	80539	[007]	2603553.786920	9535	cpu/event=0xD0,umask=0x81/u	4015b4	t_run_test	(/home/koga/autobench_perf/src/autobench/bitmnp01_lite)
bitmnp01_lite	80539	[007]	2603553.787021	9651	cpu/event=0xD0,umask=0x81/u	400f37	t_run_test	(/home/koga/autobench_perf/src/autobench/bitmnp01_lite)
bitmnp01_lite	80539	[007]	2603553.787128	9643	cpu/event=0xD0,umask=0x81/u	400d48	t_run_test	(/home/koga/autobench_perf/src/autobench/bitmnp01_lite)
bitmnp01_lite	80539	[007]	2603553.787224	9566	cpu/event=0xD0,umask=0x81/u	400ee7	t_run_test	(/home/koga/autobench_perf/src/autobench/bitmnp01_lite)
bitmnp01_lite	80539	[007]	2603553.787328	9616	cpu/event=0xD0,umask=0x81/u	400bc9	t_run_test	(/home/koga/autobench_perf/src/autobench/bitmnp01_lite)
bitmnp01_lite	80539	[007]	2603553.787433	9573	cpu/event=0xD0,umask=0x81/u	4015e9	t_run_test	(/home/koga/autobench_perf/src/autobench/bitmnp01_lite)
bitmnp01_lite	80539	[007]	2603553.787523	9517	cpu/event=0xD0,umask=0x81/u	401663	t_run_test	(/home/koga/autobench_perf/src/autobench/bitmnp01_lite)
bitmnp01_lite	80539	[007]	2603553.787630	9646	cpu/event=0xD0,umask=0x81/u	401687	t_run_test	(/home/koga/autobench_perf/src/autobench/bitmnp01_lite)
bitmnp01_lite	80539	[007]	2603553.787732	9572	cpu/event=0xD0,umask=0x81/u	401034	t_run_test	(/home/koga/autobench_perf/src/autobench/bitmnp01_lite)
bitmnp01_lite	80539	[007]	2603553.787827	9546	cpu/event=0xD0,umask=0x81/u	401228	t_run_test	(/home/koga/autobench_perf/src/autobench/bitmnp01_lite)
bitmnp01_lite	80539	[007]	2603553.787942	9613	cpu/event=0xD0,umask=0x81/u	401177	t_run_test	(/home/koga/autobench_perf/src/autobench/bitmnp01_lite)
bitmnp01_lite	80539	[007]	2603553.788033	9454	cpu/event=0xD0,umask=0x81/u	401663	t_run_test	(/home/koga/autobench_perf/src/autobench/bitmnp01_lite)
bitmnp01_lite	80539	[007]	2603553.788122	9574	cpu/event=0xD0,umask=0x81/u	400ca5	t_run_test	(/home/koga/autobench_perf/src/autobench/bitmnp01_lite)
bitmnp01_lite	80539	[007]	2603553.788244	9715	cpu/event=0xD0,umask=0x81/u	400b94	t_run_test	(/home/koga/autobench_perf/src/autobench/bitmnp01_lite)
bitmnp01_lite	80539	[007]	2603553.788344	9503	cpu/event=0xD0,umask=0x81/u	401012	t_run_test	(/home/koga/autobench_perf/src/autobench/bitmnp01_lite)
bitmnp01_lite	80539	[007]	2603553.788437	9496	cpu/event=0xD0,umask=0x81/u	401663	t_run_test	(/home/koga/autobench_perf/src/autobench/bitmnp01_lite)
bitmnp01_lite	80539	[007]	2603553.788551	9596	cpu/event=0xD0,umask=0x81/u	401738	t_run_test	(/home/koga/autobench_perf/src/autobench/bitmnp01_lite)
bitmnp01_lite	80539	[007]	2603553.788648	9450	cpu/event=0xD0,umask=0x81/u	401745	t_run_test	(/home/koga/autobench_perf/src/autobench/bitmnp01_lite)
bitmnp01_lite	80539	[007]	2603553.788744	9483	cpu/event=0xD0,umask=0x81/u	401228	t_run_test	(/home/koga/autobench_perf/src/autobench/bitmnp01_lite)
bitmnp01_lite	80539	[007]	2603553.788873	9529	cpu/event=0xD0,umask=0x81/u	400b94	t_run_test	(/home/koga/autobench_perf/src/autobench/bitmnp01_lite)
bitmnp01_lite	80539	[007]	2603553.788964	9262	cpu/event=0xD0,umask=0x81/u	400b85	t_run_test	(/home/koga/autobench_perf/src/autobench/bitmnp01_lite)
bitmnp01_lite	80539	[007]	2603553.789068	9371	cpu/event=0xD0,umask=0x81/u	4015c7	t_run_test	(/home/koga/autobench_perf/src/autobench/bitmnp01_lite)
bitmnp01_lite	80539	[007]	2603553.789178	9330	cpu/event=0xD0,umask=0x81/u	401139	t_run_test	(/home/koga/autobench_perf/src/autobench/bitmnp01_lite)
bitmnp01_lite	80539	[007]	2603553.789261	9229	cpu/event=0xD0,umask=0x81/u	400c43	t_run_test	(/home/koga/autobench_perf/src/autobench/bitmnp01_lite)
bitmnp01_lite	80539	[007]	2603553.789364	9465	cpu/event=0xD0,umask=0x81/u	40158b	t_run_test	(/home/koga/autobench_perf/src/autobench/bitmnp01_lite)
bitmnp01_lite	80539	[007]	2603553.789468	9430	cpu/event=0xD0,umask=0x81/u	401034	t_run_test	(/home/koga/autobench_perf/src/autobench/bitmnp01_lite)
bitmnp01_lite	80539	[007]	2603553.789562	9386	cpu/event=0xD0,umask=0x81/u	401150	t_run_test	(/home/koga/autobench_perf/src/autobench/bitmnp01_lite)
bitmnp01_lite	80539	[007]	2603553.789670	9461	cpu/event=0xD0,umask=0x81/u	400c29	t_run_test	(/home/koga/autobench_perf/src/autobench/bitmnp01_lite)
bitmnp01_lite	80539	[007]	2603553.789771	9378	cpu/event=0xD0,umask=0x81/u	401405	t_run_test	(/home/koga/autobench_perf/src/autobench/bitmnp01_lite)
bitmnp01_lite	80539	[007]	2603553.789859	9360	cpu/event=0xD0,umask=0x81/u	40141b	t_run_test	(/home/koga/autobench_perf/src/autobench/bitmnp01_lite)
bitmnp01_lite	80539	[007]	2603553.789971	9520	cpu/event=0xD0,umask=0x81/u	401095	t_run_test	(/home/koga/autobench_perf/src/autobench/bitmnp01_lite)
bitmnp01_lite	80539	[007]	2603553.790072	9396	cpu/event=0xD0,umask=0x81/u	401566	t_run_test	(/home/koga/autobench_perf/src/autobench/bitmnp01_lite)
bitmnp01_lite	80539	[007]	2603553.790161	9387	cpu/event=0xD0,umask=0x81/u	4015b4	t_run_test	(/home/koga/autobench_perf/src/autobench/bitmnp01_lite)
bitmnp01_lite	80539	[007]	2603553.790268	9534	cpu/event=0xD0,umask=0x81/u	401663	t_run_test	(/home/koga/autobench_perf/src/autobench/bitmnp01_lite)
bitmnp01_lite	80539	[007]	2603553.790367	9453	cpu/event=0xD0,umask=0x81/u	400c43	t_run_test	(/home/koga/autobench_perf/src/autobench/bitmnp01_lite)
bitmnp01_lite	80539	[007]	2603553.790457	9471	cpu/event=0xD0,umask=0x81/u	400f1e	t_run_test	(/home/koga/autobench_perf/src/autobench/bitmnp01_lite)
bitmnp01_lite	80539	[007]	2603553.790570	9607	cpu/event=0xD0,umask=0x81/u	400e9b	t_run_test	(/home/koga/autobench_perf/src/autobench/bitmnp01_lite)
bitmnp01_lite	80539	[007]	2603553.790667	9470	cpu/event=0xD0,umask=0x81/u	40120c	t_run_test	(/home/koga/autobench_perf/src/autobench/bitmnp01_lite)
bitmnp01_lite	80539	[007]	2603553.790756	9506	cpu/event=0xD0,umask=0x81/u	401694	t_run_test	(/home/koga/autobench_perf/src/autobench/bitmnp01_lite)
bitmnp01_lite	80539	[007]	2603553.790863	9651	cpu/event=0xD0,umask=0x81/u	4016d6	t_run_test	(/home/koga/autobench_perf/src/autobench/bitmnp01_lite)
bitmnp01_lite	80539	[007]	2603553.790959	9572	cpu/event=0xD0,umask=0x81/u	4016bb	t_run_test	(/home/koga/autobench_perf/src/autobench/bitmnp01_lite)
bitmnp01_lite	80539	[007]	2603553.791063	9617	cpu/event=0xD0,umask=0x81/u	4013f7	t_run_test	(/home/koga/autobench_perf/src/autobench/bitmnp01_lite)
bitmnp01_lite	80539	[007]	2603553.791168	9573	cpu/event=0xD0,umask=0x81/u	401188	t_run_test	(/home/koga/autobench_perf/src/autobench/bitmnp01_lite)
bitmnp01_lite	80539	[007]	2603553.791264	9518	cpu/event=0xD0,umask=0x81/u	401034	t_run_test	(/home/koga/autobench_perf/src/autobench/bitmnp01_lite)
bitmnp01_lite	80539	[007]	2603553.791370	9576	cpu/event=0xD0,umask=0x81/u	400f4e	t_run_test	(/home/koga/autobench_perf/src/autobench/bitmnp01_lite)
bitmnp01_lite	80539	[007]	2603553.791472	9509	cpu/event=0xD0,umask=0x81/u	4015e9	t_run_test	(/home/koga/autobench_perf/src/autobench/bitmnp01_lite)
bitmnp01_lite	80539	[007]	2603553.791555	9480	cpu/event=0xD0,umask=0x81/u	40195f	t_run_test	(/home/koga/autobench_perf/src/autobench/bitmnp01_lite)
bitmnp01_lite	80539	[007]	2603553.791663	9732	cpu/event=0xD0,umask=0x81/u	4015b4	t_run_test	(/home/koga/autobench_perf/src/autobench/bitmnp01_lite)
bitmnp01_lite	80539	[007]	2603553.791764	9639	cpu/event=0xD0,umask=0x81/u	40107b	t_run_test	(/home/koga/autobench_perf/src/autobench/bitmnp01_lite)
bitmnp01_lite	80539	[007]	2603553.791859	9633	cpu/event=0xD0,umask=0x81/u	40166d	t_run_test	(/home/koga/autobench_perf/src/autobench/bitmnp01_lite)
bitmnp01_lite	80539	[007]	2603553.791969	9687	cpu/event=0xD0,umask=0x81/u	4015be	t_run_test	(/home/koga/autobench_perf/src/autobench/bitmnp01_lite)
bitmnp01_lite	80539	[007]	2603553.792067	9582	cpu/event=0xD0,umask=0x81/u	400bb8	t_run_test	(/home/koga/autobench_perf/src/autobench/bitmnp01_lite)
bitmnp01_lite	80539	[007]	2603553.792159	9604	cpu/event=0xD0,umask=0x81/u	4011d4	t_run_test	(/home/koga/autobench_perf/src/autobench/bitmnp01_lite)
bitmnp01_lite	80539	[007]	2603553.792266	9719	cpu/event=0xD0,umask=0x81/u	401431	t_run_test	(/home/koga/autobench_perf/src/autobench/bitmnp01_lite)
bitmnp01_lite	80539	[007]	2603553.792363	9631	cpu/event=0xD0,umask=0x81/u	401555	t_run_test	(/home/koga/autobench_perf/src/autobench/bitmnp01_lite)
bitmnp01_lite	80539	[007]	2603553.792464	9675	cpu/event=0xD0,umask=0x81/u	401262	t_run_test	(/home/koga/autobench_perf/src/autobench/bitmnp01_lite)
bitmnp01_lite	80539	[007]	2603553.792570	9665	cpu/event=0xD0,umask=0x81/u	4010de	t_run_test	(/home/koga/autobench_perf/src/autobench/bitmnp01_lite)
bitmnp01_lite	80539	[007]	2603553.792666	9594	cpu/event=0xD0,umask=0x81/u	401228	t_run_test	(/home/koga/autobench_perf/src/autobench/bitmnp01_lite)
bitmnp01_lite	80539	[007]	2603553.792770	9654	cpu/event=0xD0,umask=0x81/u	40107b	t_run_test	(/home/koga/autobench_perf/src/autobench/bitmnp01_lite)
bitmnp01_lite	80539	[007]	2603553.792888	9586	cpu/event=0xD0,umask=0x81/u	400b57	t_run_test	(/home/koga/autobench_perf/src/autobench/bitmnp01_lite)
bitmnp01_lite	80539	[007]	2603553.792982	9406	cpu/event=0xD0,umask=0x81/u	400b94	t_run_test	(/home/koga/autobench_perf/src/autobench/bitmnp01_lite)
bitmnp01_lite	80539	[007]	2603553.793089	9476	cpu/event=0xD0,umask=0x81/u	400d0a	t_run_test	(/home/koga/autobench_perf/src/autobench/bitmnp01_lite)
bitmnp01_lite	80539	[007]	2603553.793191	9406	cpu/event=0xD0,umask=0x81/u	401184	t_run_test	(/home/koga/autobench_perf/src/autobench/bitmnp01_lite)
bitmnp01_lite	80539	[007]	2603553.793284	9386	cpu/event=0xD0,umask=0x81/u	40111d	t_run_test	(/home/koga/autobench_perf/src/autobench/bitmnp01_lite)
bitmnp01_lite	80539	[007]	2603553.793389	9474	cpu/event=0xD0,umask=0x81/u	401056	t_run_test	(/home/koga/autobench_perf/src/autobench/bitmnp01_lite)
bitmnp01_lite	80539	[007]	2603553.793487	9411	cpu/event=0xD0,umask=0x81/u	401577	t_run_test	(/home/koga/autobench_perf/src/autobench/bitmnp01_lite)
bitmnp01_lite	80539	[007]	2603553.793576	9436	cpu/event=0xD0,umask=0x81/u	401555	t_run_test	(/home/koga/autobench_perf/src/autobench/bitmnp01_lite)
bitmnp01_lite	80539	[007]	2603553.793687	9590	cpu/event=0xD0,umask=0x81/u	4015fa	t_run_test	(/home/koga/autobench_perf/src/autobench/bitmnp01_lite)
bitmnp01_lite	80539	[007]	2603553.793786	9465	cpu/event=0xD0,umask=0x81/u	400a7d	t_run_test	(/home/koga/autobench_perf/src/autobench/bitmnp01_lite)
bitmnp01_lite	80539	[007]	2603553.793875	9485	cpu/event=0xD0,umask=0x81/u	400f08	t_run_test	(/home/koga/autobench_perf/src/autobench/bitmnp01_lite)
bitmnp01_lite	80539	[007]	2603553.793982	9625	cpu/event=0xD0,umask=0x81/u	400b94	t_run_test	(/home/koga/autobench_perf/src/autobench/bitmnp01_lite)
bitmnp01_lite	80539	[007]	2603553.794078	9547	cpu/event=0xD0,umask=0x81/u	401034	t_run_test	(/home/koga/autobench_perf/src/autobench/bitmnp01_lite)
bitmnp01_lite	80539	[007]	2603553.794177	9595	cpu/event=0xD0,umask=0x81/u	40196e	t_run_test	(/home/koga/autobench_perf/src/autobench/bitmnp01_lite)
bitmnp01_lite	80539	[007]	2603553.794284	9609	cpu/event=0xD0,umask=0x81/u	4015fa	t_run_test	(/home/koga/autobench_perf/src/autobench/bitmnp01_lite)
bitmnp01_lite	80539	[007]	2603553.794379	9539	cpu/event=0xD0,umask=0x81/u	401957	t_run_test	(/home/koga/autobench_perf/src/autobench/bitmnp01_lite)
bitmnp01_lite	80539	[007]	2603553.794481	9600	cpu/event=0xD0,umask=0x81/u	401533	t_run_test	(/home/koga/autobench_perf/src/autobench/bitmnp01_lite)
bitmnp01_lite	80539	[007]	2603553.794580	9578	cpu/event=0xD0,umask=0x81/u	401045	t_run_test	(/home/koga/autobench_perf/src/autobench/bitmnp01_lite)
bitmnp01_lite	80539	[007]	2603553.794670	9584	cpu/event=0xD0,umask=0x81/u	40107b	t_run_test	(/home/koga/autobench_perf/src/autobench/bitmnp01_lite)
bitmnp01_lite	80539	[007]	2603553.794780	9725	cpu/event=0xD0,umask=0x81/u	401228	t_run_test	(/home/koga/autobench_perf/src/autobench/bitmnp01_lite)
bitmnp01_lite	80539	[007]	2603553.794882	9616	cpu/event=0xD0,umask=0x81/u	400beb	t_run_test	(/home/koga/autobench_perf/src/autobench/bitmnp01_lite)
bitmnp01_lite	80539	[007]	2603553.794971	9589	cpu/event=0xD0,umask=0x81/u	400efd	t_run_test	(/home/koga/autobench_perf/src/autobench/bitmnp01_lite)
bitmnp01_lite	80539	[007]	2603553.795077	9748	cpu/event=0xD0,umask=0x81/u	401023	t_run_test	(/home/koga/autobench_perf/src/autobench/bitmnp01_lite)
bitmnp01_lite	80539	[007]	2603553.795183	9674	cpu/event=0xD0,umask=0x81/u	401544	t_run_test	(/home/koga/autobench_perf/src/autobench/bitmnp01_lite)
bitmnp01_lite	80539	[007]	2603553.795273	9605	cpu/event=0xD0,umask=0x81/u	400b81	t_run_test	(/home/koga/autobench_perf/src/autobench/bitmnp01_lite)
bitmnp01_lite	80539	[007]	2603553.795382	9736	cpu/event=0xD0,umask=0x81/u	400f08	t_run_test	(/home/koga/autobench_perf/src/autobench/bitmnp01_lite)
bitmnp01_lite	80539	[007]	2603553.795482	9637	cpu/event=0xD0,umask=0x81/u	401405	t_run_test	(/home/koga/autobench_perf/src/autobench/bitmnp01_lite)
bitmnp01_lite	80539	[007]	2603553.795579	9647	cpu/event=0xD0,umask=0x81/u	400c67	t_run_test	(/home/koga/autobench_perf/src/autobench/bitmnp01_lite)
bitmnp01_lite	80539	[007]	2603553.795687	9678	cpu/event=0xD0,umask=0x81/u	400cd7	t_run_test	(/home/koga/autobench_perf/src/autobench/bitmnp01_lite)
bitmnp01_lite	80539	[007]	2603553.795783	9591	cpu/event=0xD0,umask=0x81/u	400f00	t_run_test	(/home/koga/autobench_perf/src/autobench/bitmnp01_lite)
bitmnp01_lite	80539	[007]	2603553.795885	9636	cpu/event=0xD0,umask=0x81/u	401904	t_run_test	(/home/koga/autobench_perf/src/autobench/bitmnp01_lite)
bitmnp01_lite	80539	[007]	2603553.795985	9621	cpu/event=0xD0,umask=0x81/u	40160b	t_run_test	(/home/koga/autobench_perf/src/autobench/bitmnp01_lite)
bitmnp01_lite	80539	[007]	2603553.796085	9624	cpu/event=0xD0,umask=0x81/u	401957	t_run_test	(/home/koga/autobench_perf/src/autobench/bitmnp01_lite)
bitmnp01_lite	80539	[007]	2603553.796185	9618	cpu/event=0xD0,umask=0x81/u	401544	t_run_test	(/home/koga/autobench_perf/src/autobench/bitmnp01_lite)
bitmnp01_lite	80539	[007]	2603553.796287	9619	cpu/event=0xD0,umask=0x81/u	401034	t_run_test	(/home/koga/autobench_perf/src/autobench/bitmnp01_lite)
bitmnp01_lite	80539	[007]	2603553.796387	9597	cpu/event=0xD0,umask=0x81/u	401454	t_run_test	(/home/koga/autobench_perf/src/autobench/bitmnp01_lite)
bitmnp01_lite	80539	[007]	2603553.796489	9597	cpu/event=0xD0,umask=0x81/u	40147b	t_run_test	(/home/koga/autobench_perf/src/autobench/bitmnp01_lite)
bitmnp01_lite	80539	[007]	2603553.796591	9573	cpu/event=0xD0,umask=0x81/u	400b81	t_run_test	(/home/koga/autobench_perf/src/autobench/bitmnp01_lite)
bitmnp01_lite	80539	[007]	2603553.796686	9553	cpu/event=0xD0,umask=0x81/u	400f13	t_run_test	(/home/koga/autobench_perf/src/autobench/bitmnp01_lite)
bitmnp01_lite	80539	[007]	2603553.796794	9618	cpu/event=0xD0,umask=0x81/u	40117b	t_run_test	(/home/koga/autobench_perf/src/autobench/bitmnp01_lite)
bitmnp01_lite	80539	[007]	2603553.796925	9524	cpu/event=0xD0,umask=0x81/u	40145a	t_run_test	(/home/koga/autobench_perf/src/autobench/bitmnp01_lite)
bitmnp01_lite	80539	[007]	2603553.797013	9249	cpu/event=0xD0,umask=0x81/u	401954	t_run_test	(/home/koga/autobench_perf/src/autobench/bitmnp01_lite)
bitmnp01_lite	80539	[007]	2603553.797111	9403	cpu/event=0xD0,umask=0x81/u	4015a5	t_run_test	(/home/koga/autobench_perf/src/autobench/bitmnp01_lite)
bitmnp01_lite	80539	[007]	2603553.797201	9421	cpu/event=0xD0,umask=0x81/u	401694	t_run_test	(/home/koga/autobench_perf/src/autobench/bitmnp01_lite)
bitmnp01_lite	80539	[007]	2603553.797290	9562	cpu/event=0xD0,umask=0x81/u	400b13	t_run_test	(/home/koga/autobench_perf/src/autobench/bitmnp01_lite)
bitmnp01_lite	80539	[007]	2603553.797396	9702	cpu/event=0xD0,umask=0x81/u	400b46	t_run_test	(/home/koga/autobench_perf/src/autobench/bitmnp01_lite)
bitmnp01_lite	80539	[007]	2603553.797487	9638	cpu/event=0xD0,umask=0x81/u	400efd	t_run_test	(/home/koga/autobench_perf/src/autobench/bitmnp01_lite)
bitmnp01_lite	80539	[007]	2603553.797576	9759	cpu/event=0xD0,umask=0x81/u	400bc9	t_run_test	(/home/koga/autobench_perf/src/autobench/bitmnp01_lite)
bitmnp01_lite	80539	[007]	2603553.797681	9906	cpu/event=0xD0,umask=0x81/u	401928	t_run_test	(/home/koga/autobench_perf/src/autobench/bitmnp01_lite)
bitmnp01_lite	80539	[007]	2603553.797766	9849	cpu/event=0xD0,umask=0x81/u	400ee4	t_run_test	(/home/koga/autobench_perf/src/autobench/bitmnp01_lite)
bitmnp01_lite	80539	[007]	2603553.797872	10058	cpu/event=0xD0,umask=0x81/u	401184	t_run_test	(/home/koga/autobench_perf/src/autobench/bitmnp01_lite)
bitmnp01_lite	80539	[007]	2603553.797972	9992	cpu/event=0xD0,umask=0x81/u	400f3f	t_run_test	(/home/koga/autobench_perf/src/autobench/bitmnp01_lite)
bitmnp01_lite	80539	[007]	2603553.798064	9991	cpu/event=0xD0,umask=0x81/u	401577	t_run_test	(/home/koga/autobench_perf/src/autobench/bitmnp01_lite)
bitmnp01_lite	80539	[007]	2603553.798169	10107	cpu/event=0xD0,umask=0x81/u	400c43	t_run_test	(/home/koga/autobench_perf/src/autobench/bitmnp01_lite)
bitmnp01_lite	80539	[007]	2603553.798264	10043	cpu/event=0xD0,umask=0x81/u	4015fa	t_run_test	(/home/koga/autobench_perf/src/autobench/bitmnp01_lite)
bitmnp01_lite	80539	[007]	2603553.798354	10110	cpu/event=0xD0,umask=0x81/u	4016c8	t_run_test	(/home/koga/autobench_perf/src/autobench/bitmnp01_lite)
bitmnp01_lite	80539	[007]	2603553.798466	10255	cpu/event=0xD0,umask=0x81/u	400b24	t_run_test	(/home/koga/autobench_perf/src/autobench/bitmnp01_lite)
bitmnp01_lite	80539	[007]	2603553.798559	10123	cpu/event=0xD0,umask=0x81/u	40141b	t_run_test	(/home/koga/autobench_perf/src/autobench/bitmnp01_lite)
bitmnp01_lite	80539	[007]	2603553.798661	10205	cpu/event=0xD0,umask=0x81/u	401663	t_run_test	(/home/koga/autobench_perf/src/autobench/bitmnp01_lite)
bitmnp01_lite	80539	[007]	2603553.798761	10184	cpu/event=0xD0,umask=0x81/u	401979	t_run_test	(/home/koga/autobench_perf/src/autobench/bitmnp01_lite)
bitmnp01_lite	80539	[007]	2603553.798848	10190	cpu/event=0xD0,umask=0x81/u	401431	t_run_test	(/home/koga/autobench_perf/src/autobench/bitmnp01_lite)
bitmnp01_lite	80539	[007]	2603553.798954	10382	cpu/event=0xD0,umask=0x81/u	400c43	t_run_test	(/home/koga/autobench_perf/src/autobench/bitmnp01_lite)
bitmnp01_lite	80539	[007]	2603553.799052	10305	cpu/event=0xD0,umask=0x81/u	400d48	t_run_test	(/home/koga/autobench_perf/src/autobench/bitmnp01_lite)
bitmnp01_lite	80539	[007]	2603553.799149	10338	cpu/event=0xD0,umask=0x81/u	400beb	t_run_test	(/home/koga/autobench_perf/src/autobench/bitmnp01_lite)
bitmnp01_lite	80539	[007]	2603553.799254	10374	cpu/event=0xD0,umask=0x81/u	401402	t_run_test	(/home/koga/autobench_perf/src/autobench/bitmnp01_lite)
bitmnp01_lite	80539	[007]	2603553.799341	10316	cpu/event=0xD0,umask=0x81/u	400f08	t_run_test	(/home/koga/autobench_perf/src/autobench/bitmnp01_lite)
bitmnp01_lite	80539	[007]	2603553.799449	10502	cpu/event=0xD0,umask=0x81/u	401522	t_run_test	(/home/koga/autobench_perf/src/autobench/bitmnp01_lite)
bitmnp01_lite	80539	[007]	2603553.799550	10405	cpu/event=0xD0,umask=0x81/u	401954	t_run_test	(/home/koga/autobench_perf/src/autobench/bitmnp01_lite)
bitmnp01_lite	80539	[007]	2603553.799639	10398	cpu/event=0xD0,umask=0x81/u	40167a	t_run_test	(/home/koga/autobench_perf/src/autobench/bitmnp01_lite)
bitmnp01_lite	80539	[007]	2603553.799746	10557	cpu/event=0xD0,umask=0x81/u	401405	t_run_test	(/home/koga/autobench_perf/src/autobench/bitmnp01_lite)
bitmnp01_lite	80539	[007]	2603553.799842	10469	cpu/event=0xD0,umask=0x81/u	40111d	t_run_test	(/home/koga/autobench_perf/src/autobench/bitmnp01_lite)
bitmnp01_lite	80539	[007]	2603553.799945	10524	cpu/event=0xD0,umask=0x81/u	401971	t_run_test	(/home/koga/autobench_perf/src/autobench/bitmnp01_lite)
bitmnp01_lite	80539	[007]	2603553.800046	10491	cpu/event=0xD0,umask=0x81/u	400f37	t_run_test	(/home/koga/autobench_perf/src/autobench/bitmnp01_lite)
bitmnp01_lite	80539	[007]	2603553.800136	10477	cpu/event=0xD0,umask=0x81/u	400b35	t_run_test	(/home/koga/autobench_perf/src/autobench/bitmnp01_lite)
bitmnp01_lite	80539	[007]	2603553.800243	10633	cpu/event=0xD0,umask=0x81/u	401957	t_run_test	(/home/koga/autobench_perf/src/autobench/bitmnp01_lite)
bitmnp01_lite	80539	[007]	2603553.800340	10541	cpu/event=0xD0,umask=0x81/u	401907	t_run_test	(/home/koga/autobench_perf/src/autobench/bitmnp01_lite)
bitmnp01_lite	80539	[007]	2603553.800434	10582	cpu/event=0xD0,umask=0x81/u	400f18	t_run_test	(/home/koga/autobench_perf/src/autobench/bitmnp01_lite)
bitmnp01_lite	80539	[007]	2603553.800540	10664	cpu/event=0xD0,umask=0x81/u	401971	t_run_test	(/home/koga/autobench_perf/src/autobench/bitmnp01_lite)
bitmnp01_lite	80539	[007]	2603553.800634	10597	cpu/event=0xD0,umask=0x81/u	401663	t_run_test	(/home/koga/autobench_perf/src/autobench/bitmnp01_lite)
bitmnp01_lite	80539	[007]	2603553.800741	10680	cpu/event=0xD0,umask=0x81/u	40172a	t_run_test	(/home/koga/autobench_perf/src/autobench/bitmnp01_lite)
bitmnp01_lite	80539	[007]	2603553.800853	10560	cpu/event=0xD0,umask=0x81/u	40162d	t_run_test	(/home/koga/autobench_perf/src/autobench/bitmnp01_lite)
bitmnp01_lite	80539	[007]	2603553.800951	10418	cpu/event=0xD0,umask=0x81/u	400c5a	t_run_test	(/home/koga/autobench_perf/src/autobench/bitmnp01_lite)
bitmnp01_lite	80539	[007]	2603553.801058	10448	cpu/event=0xD0,umask=0x81/u	401470	t_run_test	(/home/koga/autobench_perf/src/autobench/bitmnp01_lite)
bitmnp01_lite	80539	[007]	2603553.801151	10362	cpu/event=0xD0,umask=0x81/u	401153	t_run_test	(/home/koga/autobench_perf/src/autobench/bitmnp01_lite)
bitmnp01_lite	80539	[007]	2603553.801255	10453	cpu/event=0xD0,umask=0x81/u	401915	t_run_test	(/home/koga/autobench_perf/src/autobench/bitmnp01_lite)
bitmnp01_lite	80539	[007]	2603553.801354	10407	cpu/event=0xD0,umask=0x81/u	400d0a	t_run_test	(/home/koga/autobench_perf/src/autobench/bitmnp01_lite)
bitmnp01_lite	80539	[007]	2603553.801443	10422	cpu/event=0xD0,umask=0x81/u	40194e	t_run_test	(/home/koga/autobench_perf/src/autobench/bitmnp01_lite)
bitmnp01_lite	80539	[007]	2603553.801554	10587	cpu/event=0xD0,umask=0x81/u	4016d6	t_run_test	(/home/koga/autobench_perf/src/autobench/bitmnp01_lite)
bitmnp01_lite	80539	[007]	2603553.801650	10453	cpu/event=0xD0,umask=0x81/u	401405	t_run_test	(/home/koga/autobench_perf/src/autobench/bitmnp01_lite)
bitmnp01_lite	80539	[007]	2603553.801746	10510	cpu/event=0xD0,umask=0x81/u	400beb	t_run_test	(/home/koga/autobench_perf/src/autobench/bitmnp01_lite)
bitmnp01_lite	80539	[007]	2603553.801848	10568	cpu/event=0xD0,umask=0x81/u	40110c	t_run_test	(/home/koga/autobench_perf/src/autobench/bitmnp01_lite)
bitmnp01_lite	80539	[007]	2603553.801941	10536	cpu/event=0xD0,umask=0x81/u	400f00	t_run_test	(/home/koga/autobench_perf/src/autobench/bitmnp01_lite)
bitmnp01_lite	80539	[007]	2603553.802048	10639	cpu/event=0xD0,umask=0x81/u	400b02	t_run_test	(/home/koga/autobench_perf/src/autobench/bitmnp01_lite)
bitmnp01_lite	80539	[007]	2603553.802144	10559	cpu/event=0xD0,umask=0x81/u	400b6b	t_run_test	(/home/koga/autobench_perf/src/autobench/bitmnp01_lite)
bitmnp01_lite	80539	[007]	2603553.802243	10606	cpu/event=0xD0,umask=0x81/u	40110c	t_run_test	(/home/koga/autobench_perf/src/autobench/bitmnp01_lite)
bitmnp01_lite	80539	[007]	2603553.802348	10617	cpu/event=0xD0,umask=0x81/u	400bc9	t_run_test	(/home/koga/autobench_perf/src/autobench/bitmnp01_lite)
bitmnp01_lite	80539	[007]	2603553.802437	10559	cpu/event=0xD0,umask=0x81/u	400cc4	t_run_test	(/home/koga/autobench_perf/src/autobench/bitmnp01_lite)
bitmnp01_lite	80539	[007]	2603553.802549	10722	cpu/event=0xD0,umask=0x81/u	40167a	t_run_test	(/home/koga/autobench_perf/src/autobench/bitmnp01_lite)
bitmnp01_lite	80539	[007]	2603553.802648	10579	cpu/event=0xD0,umask=0x81/u	400b94	t_run_test	(/home/koga/autobench_perf/src/autobench/bitmnp01_lite)
bitmnp01_lite	80539	[007]	2603553.802739	10598	cpu/event=0xD0,umask=0x81/u	400f1e	t_run_test	(/home/koga/autobench_perf/src/autobench/bitmnp01_lite)
bitmnp01_lite	80539	[007]	2603553.802845	10723	cpu/event=0xD0,umask=0x81/u	400bda	t_run_test	(/home/koga/autobench_perf/src/autobench/bitmnp01_lite)
bitmnp01_lite	80539	[007]	2603553.802941	10645	cpu/event=0xD0,umask=0x81/u	40196a	t_run_test	(/home/koga/autobench_perf/src/autobench/bitmnp01_lite)
bitmnp01_lite	80539	[007]	2603553.803045	10714	cpu/event=0xD0,umask=0x81/u	401577	t_run_test	(/home/koga/autobench_perf/src/autobench/bitmnp01_lite)
bitmnp01_lite	80539	[007]	2603553.803145	10658	cpu/event=0xD0,umask=0x81/u	400b57	t_run_test	(/home/koga/autobench_perf/src/autobench/bitmnp01_lite)
bitmnp01_lite	80539	[007]	2603553.803236	10665	cpu/event=0xD0,umask=0x81/u	400ef5	t_run_test	(/home/koga/autobench_perf/src/autobench/bitmnp01_lite)
bitmnp01_lite	80539	[007]	2603553.803343	10797	cpu/event=0xD0,umask=0x81/u	400bc9	t_run_test	(/home/koga/autobench_perf/src/autobench/bitmnp01_lite)
bitmnp01_lite	80539	[007]	2603553.803440	10703	cpu/event=0xD0,umask=0x81/u	400c67	t_run_test	(/home/koga/autobench_perf/src/autobench/bitmnp01_lite)
bitmnp01_lite	80539	[007]	2603553.803545	10753	cpu/event=0xD0,umask=0x81/u	401700	t_run_test	(/home/koga/autobench_perf/src/autobench/bitmnp01_lite)
bitmnp01_lite	80539	[007]	2603553.803650	10690	cpu/event=0xD0,umask=0x81/u	400f21	t_run_test	(/home/koga/autobench_perf/src/autobench/bitmnp01_lite)
bitmnp01_lite	80539	[007]	2603553.803740	10628	cpu/event=0xD0,umask=0x81/u	4011b8	t_run_test	(/home/koga/autobench_perf/src/autobench/bitmnp01_lite)
bitmnp01_lite	80539	[007]	2603553.803841	10775	cpu/event=0xD0,umask=0x81/u	400f73	t_run_test	(/home/koga/autobench_perf/src/autobench/bitmnp01_lite)
bitmnp01_lite	80539	[007]	2603553.803937	10755	cpu/event=0xD0,umask=0x81/u	400f00	t_run_test	(/home/koga/autobench_perf/src/autobench/bitmnp01_lite)
bitmnp01_lite	80539	[007]	2603553.804039	10809	cpu/event=0xD0,umask=0x81/u	400cb6	t_run_test	(/home/koga/autobench_perf/src/autobench/bitmnp01_lite)
bitmnp01_lite	80539	[007]	2603553.804142	10795	cpu/event=0xD0,umask=0x81/u	401228	t_run_test	(/home/koga/autobench_perf/src/autobench/bitmnp01_lite)
bitmnp01_lite	80539	[007]	2603553.804237	10752	cpu/event=0xD0,umask=0x81/u	4015b8	t_run_test	(/home/koga/autobench_perf/src/autobench/bitmnp01_lite)
bitmnp01_lite	80539	[007]	2603553.804345	10829	cpu/event=0xD0,umask=0x81/u	4015a1	t_run_test	(/home/koga/autobench_perf/src/autobench/bitmnp01_lite)
bitmnp01_lite	80539	[007]	2603553.804441	10728	cpu/event=0xD0,umask=0x81/u	40162d	t_run_test	(/home/koga/autobench_perf/src/autobench/bitmnp01_lite)
bitmnp01_lite	80539	[007]	2603553.804546	10775	cpu/event=0xD0,umask=0x81/u	400fe4	t_run_test	(/home/koga/autobench_perf/src/autobench/bitmnp01_lite)
bitmnp01_lite	80539	[007]	2603553.804648	10716	cpu/event=0xD0,umask=0x81/u	400d52	t_run_test	(/home/koga/autobench_perf/src/autobench/bitmnp01_lite)
bitmnp01_lite	80539	[007]	2603553.804744	10695	cpu/event=0xD0,umask=0x81/u	400b57	t_run_test	(/home/koga/autobench_perf/src/autobench/bitmnp01_lite)
bitmnp01_lite	80539	[007]	2603553.804866	10734	cpu/event=0xD0,umask=0x81/u	400d48	t_run_test	(/home/koga/autobench_perf/src/autobench/bitmnp01_lite)
bitmnp01_lite	80539	[007]	2603553.804963	10485	cpu/event=0xD0,umask=0x81/u	400b81	t_run_test	(/home/koga/autobench_perf/src/autobench/bitmnp01_lite)
bitmnp01_lite	80539	[007]	2603553.805065	10526	cpu/event=0xD0,umask=0x81/u	401012	t_run_test	(/home/koga/autobench_perf/src/autobench/bitmnp01_lite)
bitmnp01_lite	80539	[007]	2603553.805177	10507	cpu/event=0xD0,umask=0x81/u	401912	t_run_test	(/home/koga/autobench_perf/src/autobench/bitmnp01_lite)
bitmnp01_lite	80539	[007]	2603553.805259	10364	cpu/event=0xD0,umask=0x81/u	401522	t_run_test	(/home/koga/autobench_perf/src/autobench/bitmnp01_lite)
bitmnp01_lite	80539	[007]	2603553.805361	10653	cpu/event=0xD0,umask=0x81/u	401228	t_run_test	(/home/koga/autobench_perf/src/autobench/bitmnp01_lite)
bitmnp01_lite	80539	[007]	2603553.805453	10629	cpu/event=0xD0,umask=0x81/u	4010ea	t_run_test	(/home/koga/autobench_perf/src/autobench/bitmnp01_lite)
bitmnp01_lite	80539	[007]	2603553.805542	10748	cpu/event=0xD0,umask=0x81/u	401928	t_run_test	(/home/koga/autobench_perf/src/autobench/bitmnp01_lite)
bitmnp01_lite	80539	[007]	2603553.805643	10919	cpu/event=0xD0,umask=0x81/u	401577	t_run_test	(/home/koga/autobench_perf/src/autobench/bitmnp01_lite)
bitmnp01_lite	80539	[007]	2603553.805727	10905	cpu/event=0xD0,umask=0x81/u	4016b2	t_run_test	(/home/koga/autobench_perf/src/autobench/bitmnp01_lite)
bitmnp01_lite	80539	[007]	2603553.805828	11154	cpu/event=0xD0,umask=0x81/u	401941	t_run_test	(/home/koga/autobench_perf/src/autobench/bitmnp01_lite)
bitmnp01_lite	80539	[007]	2603553.805921	11145	cpu/event=0xD0,umask=0x81/u	4011d4	t_run_test	(/home/koga/autobench_perf/src/autobench/bitmnp01_lite)
bitmnp01_lite	80539	[007]	2603553.806019	11244	cpu/event=0xD0,umask=0x81/u	400b02	t_run_test	(/home/koga/autobench_perf/src/autobench/bitmnp01_lite)
bitmnp01_lite	80539	[007]	2603553.806118	11283	cpu/event=0xD0,umask=0x81/u	400b02	t_run_test	(/home/koga/autobench_perf/src/autobench/bitmnp01_lite)
bitmnp01_lite	80539	[007]	2603553.806209	11297	cpu/event=0xD0,umask=0x81/u	401753	t_run_test	(/home/koga/autobench_perf/src/autobench/bitmnp01_lite)
bitmnp01_lite	80539	[007]	2603553.806313	11435	cpu/event=0xD0,umask=0x81/u	400b94	t_run_test	(/home/koga/autobench_perf/src/autobench/bitmnp01_lite)
bitmnp01_lite	80539	[007]	2603553.806407	11382	cpu/event=0xD0,umask=0x81/u	401663	t_run_test	(/home/koga/autobench_perf/src/autobench/bitmnp01_lite)
bitmnp01_lite	80539	[007]	2603553.806509	11478	cpu/event=0xD0,umask=0x81/u	400d79	t_run_test	(/home/koga/autobench_perf/src/autobench/bitmnp01_lite)
bitmnp01_lite	80539	[007]	2603553.806608	11446	cpu/event=0xD0,umask=0x81/u	401508	t_run_test	(/home/koga/autobench_perf/src/autobench/bitmnp01_lite)
bitmnp01_lite	80539	[007]	2603553.806703	11465	cpu/event=0xD0,umask=0x81/u	40160b	t_run_test	(/home/koga/autobench_perf/src/autobench/bitmnp01_lite)
bitmnp01_lite	80539	[007]	2603553.806806	11542	cpu/event=0xD0,umask=0x81/u	400c40	t_run_test	(/home/koga/autobench_perf/src/autobench/bitmnp01_lite)
bitmnp01_lite	80539	[007]	2603553.806899	11500	cpu/event=0xD0,umask=0x81/u	40160b	t_run_test	(/home/koga/autobench_perf/src/autobench/bitmnp01_lite)
bitmnp01_lite	80539	[007]	2603553.807004	11607	cpu/event=0xD0,umask=0x81/u	401067	t_run_test	(/home/koga/autobench_perf/src/autobench/bitmnp01_lite)
bitmnp01_lite	80539	[007]	2603553.807101	11536	cpu/event=0xD0,umask=0x81/u	400b81	t_run_test	(/home/koga/autobench_perf/src/autobench/bitmnp01_lite)
bitmnp01_lite	80539	[007]	2603553.807203	11576	cpu/event=0xD0,umask=0x81/u	401228	t_run_test	(/home/koga/autobench_perf/src/autobench/bitmnp01_lite)
bitmnp01_lite	80539	[007]	2603553.807303	11558	cpu/event=0xD0,umask=0x81/u	40111d	t_run_test	(/home/koga/autobench_perf/src/autobench/bitmnp01_lite)
bitmnp01_lite	80539	[007]	2603553.807398	11558	cpu/event=0xD0,umask=0x81/u	401191	t_run_test	(/home/koga/autobench_perf/src/autobench/bitmnp01_lite)
bitmnp01_lite	80539	[007]	2603553.807504	11631	cpu/event=0xD0,umask=0x81/u	401700	t_run_test	(/home/koga/autobench_perf/src/autobench/bitmnp01_lite)
bitmnp01_lite	80539	[007]	2603553.807598	11556	cpu/event=0xD0,umask=0x81/u	40121a	t_run_test	(/home/koga/autobench_perf/src/autobench/bitmnp01_lite)
bitmnp01_lite	80539	[007]	2603553.807704	11651	cpu/event=0xD0,umask=0x81/u	400cc4	t_run_test	(/home/koga/autobench_perf/src/autobench/bitmnp01_lite)
bitmnp01_lite	80539	[007]	2603553.807800	11565	cpu/event=0xD0,umask=0x81/u	401900	t_run_test	(/home/koga/autobench_perf/src/autobench/bitmnp01_lite)
bitmnp01_lite	80539	[007]	2603553.807902	11618	cpu/event=0xD0,umask=0x81/u	400f0b	t_run_test	(/home/koga/autobench_perf/src/autobench/bitmnp01_lite)
bitmnp01_lite	80539	[007]	2603553.808004	11589	cpu/event=0xD0,umask=0x81/u	401203	t_run_test	(/home/koga/autobench_perf/src/autobench/bitmnp01_lite)
bitmnp01_lite	80539	[007]	2603553.808098	11572	cpu/event=0xD0,umask=0x81/u	401191	t_run_test	(/home/koga/autobench_perf/src/autobench/bitmnp01_lite)
bitmnp01_lite	80539	[007]	2603553.808205	11657	cpu/event=0xD0,umask=0x81/u	4015fa	t_run_test	(/home/koga/autobench_perf/src/autobench/bitmnp01_lite)
bitmnp01_lite	80539	[007]	2603553.808295	11566	cpu/event=0xD0,umask=0x81/u	40121a	t_run_test	(/home/koga/autobench_perf/src/autobench/bitmnp01_lite)
bitmnp01_lite	80539	[007]	2603553.808406	11727	cpu/event=0xD0,umask=0x81/u	400c5a	t_run_test	(/home/koga/autobench_perf/src/autobench/bitmnp01_lite)
bitmnp01_lite	80539	[007]	2603553.808503	11578	cpu/event=0xD0,umask=0x81/u	40197d	t_run_test	(/home/koga/autobench_perf/src/autobench/bitmnp01_lite)
bitmnp01_lite	80539	[007]	2603553.808604	11633	cpu/event=0xD0,umask=0x81/u	401139	t_run_test	(/home/koga/autobench_perf/src/autobench/bitmnp01_lite)
bitmnp01_lite	80539	[007]	2603553.808707	11614	cpu/event=0xD0,umask=0x81/u	4011d4	t_run_test	(/home/koga/autobench_perf/src/autobench/bitmnp01_lite)
bitmnp01_lite	80539	[007]	2603553.808798	11579	cpu/event=0xD0,umask=0x81/u	401228	t_run_test	(/home/koga/autobench_perf/src/autobench/bitmnp01_lite)
bitmnp01_lite	80539	[007]	2603553.808919	11680	cpu/event=0xD0,umask=0x81/u	401957	t_run_test	(/home/koga/autobench_perf/src/autobench/bitmnp01_lite)
bitmnp01_lite	80539	[007]	2603553.809014	11424	cpu/event=0xD0,umask=0x81/u	40145e	t_run_test	(/home/koga/autobench_perf/src/autobench/bitmnp01_lite)
bitmnp01_lite	80539	[007]	2603553.809119	11510	cpu/event=0xD0,umask=0x81/u	400c43	t_run_test	(/home/koga/autobench_perf/src/autobench/bitmnp01_lite)
bitmnp01_lite	80539	[007]	2603553.809211	11438	cpu/event=0xD0,umask=0x81/u	40162d	t_run_test	(/home/koga/autobench_perf/src/autobench/bitmnp01_lite)
bitmnp01_lite	80539	[007]	2603553.809317	11570	cpu/event=0xD0,umask=0x81/u	400cb6	t_run_test	(/home/koga/autobench_perf/src/autobench/bitmnp01_lite)
bitmnp01_lite	80539	[007]	2603553.809419	11491	cpu/event=0xD0,umask=0x81/u	400c43	t_run_test	(/home/koga/autobench_perf/src/autobench/bitmnp01_lite)
bitmnp01_lite	80539	[007]	2603553.809509	11463	cpu/event=0xD0,umask=0x81/u	401900	t_run_test	(/home/koga/autobench_perf/src/autobench/bitmnp01_lite)
bitmnp01_lite	80539	[007]	2603553.809620	11616	cpu/event=0xD0,umask=0x81/u	40111d	t_run_test	(/home/koga/autobench_perf/src/autobench/bitmnp01_lite)
bitmnp01_lite	80539	[007]	2603553.809710	11478	cpu/event=0xD0,umask=0x81/u	400cc4	t_run_test	(/home/koga/autobench_perf/src/autobench/bitmnp01_lite)
bitmnp01_lite	80539	[007]	2603553.809820	11634	cpu/event=0xD0,umask=0x81/u	401418	t_run_test	(/home/koga/autobench_perf/src/autobench/bitmnp01_lite)
bitmnp01_lite	80539	[007]	2603553.809918	11500	cpu/event=0xD0,umask=0x81/u	401045	t_run_test	(/home/koga/autobench_perf/src/autobench/bitmnp01_lite)
bitmnp01_lite	80539	[007]	2603553.810019	11528	cpu/event=0xD0,umask=0x81/u	401461	t_run_test	(/home/koga/autobench_perf/src/autobench/bitmnp01_lite)
bitmnp01_lite	80539	[007]	2603553.810121	11521	cpu/event=0xD0,umask=0x81/u	4015a8	t_run_test	(/home/koga/autobench_perf/src/autobench/bitmnp01_lite)
bitmnp01_lite	80539	[007]	2603553.810211	11491	cpu/event=0xD0,umask=0x81/u	401153	t_run_test	(/home/koga/autobench_perf/src/autobench/bitmnp01_lite)
bitmnp01_lite	80539	[007]	2603553.810323	11656	cpu/event=0xD0,umask=0x81/u	400b24	t_run_test	(/home/koga/autobench_perf/src/autobench/bitmnp01_lite)
bitmnp01_lite	80539	[007]	2603553.810413	11498	cpu/event=0xD0,umask=0x81/u	401566	t_run_test	(/home/koga/autobench_perf/src/autobench/bitmnp01_lite)
bitmnp01_lite	80539	[007]	2603553.810528	11650	cpu/event=0xD0,umask=0x81/u	400ee0	t_run_test	(/home/koga/autobench_perf/src/autobench/bitmnp01_lite)
bitmnp01_lite	80539	[007]	2603553.810622	11462	cpu/event=0xD0,umask=0x81/u	400c81	t_run_test	(/home/koga/autobench_perf/src/autobench/bitmnp01_lite)
bitmnp01_lite	80539	[007]	2603553.810718	11559	cpu/event=0xD0,umask=0x81/u	400f0b	t_run_test	(/home/koga/autobench_perf/src/autobench/bitmnp01_lite)
bitmnp01_lite	80539	[007]	2603553.810829	11618	cpu/event=0xD0,umask=0x81/u	401067	t_run_test	(/home/koga/autobench_perf/src/autobench/bitmnp01_lite)
bitmnp01_lite	80539	[007]	2603553.810915	11472	cpu/event=0xD0,umask=0x81/u	400f37	t_run_test	(/home/koga/autobench_perf/src/autobench/bitmnp01_lite)
bitmnp01_lite	80539	[007]	2603553.811027	11713	cpu/event=0xD0,umask=0x81/u	4015fa	t_run_test	(/home/koga/autobench_perf/src/autobench/bitmnp01_lite)
bitmnp01_lite	80539	[007]	2603553.811118	11553	cpu/event=0xD0,umask=0x81/u	4010fb	t_run_test	(/home/koga/autobench_perf/src/autobench/bitmnp01_lite)
bitmnp01_lite	80539	[007]	2603553.811229	11700	cpu/event=0xD0,umask=0x81/u	400c5a	t_run_test	(/home/koga/autobench_perf/src/autobench/bitmnp01_lite)
bitmnp01_lite	80539	[007]	2603553.811329	11555	cpu/event=0xD0,umask=0x81/u	400c43	t_run_test	(/home/koga/autobench_perf/src/autobench/bitmnp01_lite)
bitmnp01_lite	80539	[007]	2603553.811430	11564	cpu/event=0xD0,umask=0x81/u	400d33	t_run_test	(/home/koga/autobench_perf/src/autobench/bitmnp01_lite)
bitmnp01_lite	80539	[007]	2603553.811533	11543	cpu/event=0xD0,umask=0x81/u	4010fb	t_run_test	(/home/koga/autobench_perf/src/autobench/bitmnp01_lite)
bitmnp01_lite	80539	[007]	2603553.811622	11508	cpu/event=0xD0,umask=0x81/u	400cc4	t_run_test	(/home/koga/autobench_perf/src/autobench/bitmnp01_lite)
bitmnp01_lite	80539	[007]	2603553.811736	11674	cpu/event=0xD0,umask=0x81/u	401590	t_run_test	(/home/koga/autobench_perf/src/autobench/bitmnp01_lite)
bitmnp01_lite	80539	[007]	2603553.811831	11503	cpu/event=0xD0,umask=0x81/u	401067	t_run_test	(/home/koga/autobench_perf/src/autobench/bitmnp01_lite)
bitmnp01_lite	80539	[007]	2603553.811936	11572	cpu/event=0xD0,umask=0x81/u	401915	t_run_test	(/home/koga/autobench_perf/src/autobench/bitmnp01_lite)
bitmnp01_lite	80539	[007]	2603553.812034	11503	cpu/event=0xD0,umask=0x81/u	40160b	t_run_test	(/home/koga/autobench_perf/src/autobench/bitmnp01_lite)
bitmnp01_lite	80539	[007]	2603553.812135	11536	cpu/event=0xD0,umask=0x81/u	401522	t_run_test	(/home/koga/autobench_perf/src/autobench/bitmnp01_lite)
bitmnp01_lite	80539	[007]	2603553.812238	11523	cpu/event=0xD0,umask=0x81/u	400b46	t_run_test	(/home/koga/autobench_perf/src/autobench/bitmnp01_lite)
bitmnp01_lite	80539	[007]	2603553.812332	11489	cpu/event=0xD0,umask=0x81/u	401577	t_run_test	(/home/koga/autobench_perf/src/autobench/bitmnp01_lite)
bitmnp01_lite	80539	[007]	2603553.812435	11577	cpu/event=0xD0,umask=0x81/u	4010ea	t_run_test	(/home/koga/autobench_perf/src/autobench/bitmnp01_lite)
bitmnp01_lite	80539	[007]	2603553.812530	11533	cpu/event=0xD0,umask=0x81/u	400c9b	t_run_test	(/home/koga/autobench_perf/src/autobench/bitmnp01_lite)
bitmnp01_lite	80539	[007]	2603553.812636	11604	cpu/event=0xD0,umask=0x81/u	401150	t_run_test	(/home/koga/autobench_perf/src/autobench/bitmnp01_lite)
bitmnp01_lite	80539	[007]	2603553.812733	11528	cpu/event=0xD0,umask=0x81/u	4011c6	t_run_test	(/home/koga/autobench_perf/src/autobench/bitmnp01_lite)
bitmnp01_lite	80539	[007]	2603553.812828	11569	cpu/event=0xD0,umask=0x81/u	4010fb	t_run_test	(/home/koga/autobench_perf/src/autobench/bitmnp01_lite)
bitmnp01_lite	80539	[007]	2603553.812941	11636	cpu/event=0xD0,umask=0x81/u	4015d8	t_run_test	(/home/koga/autobench_perf/src/autobench/bitmnp01_lite)
bitmnp01_lite	80539	[007]	2603553.813036	11463	cpu/event=0xD0,umask=0x81/u	40145e	t_run_test	(/home/koga/autobench_perf/src/autobench/bitmnp01_lite)
bitmnp01_lite	80539	[007]	2603553.813142	11548	cpu/event=0xD0,umask=0x81/u	400b94	t_run_test	(/home/koga/autobench_perf/src/autobench/bitmnp01_lite)
bitmnp01_lite	80539	[007]	2603553.813235	11471	cpu/event=0xD0,umask=0x81/u	401533	t_run_test	(/home/koga/autobench_perf/src/autobench/bitmnp01_lite)
bitmnp01_lite	80539	[007]	2603553.813339	11570	cpu/event=0xD0,umask=0x81/u	400d40	t_run_test	(/home/koga/autobench_perf/src/autobench/bitmnp01_lite)
bitmnp01_lite	80539	[007]	2603553.813437	11515	cpu/event=0xD0,umask=0x81/u	400bb8	t_run_test	(/home/koga/autobench_perf/src/autobench/bitmnp01_lite)
bitmnp01_lite	80539	[007]	2603553.813536	11542	cpu/event=0xD0,umask=0x81/u	400c4d	t_run_test	(/home/koga/autobench_perf/src/autobench/bitmnp01_lite)
bitmnp01_lite	80539	[007]	2603553.813635	11566	cpu/event=0xD0,umask=0x81/u	401023	t_run_test	(/home/koga/autobench_perf/src/autobench/bitmnp01_lite)
bitmnp01_lite	80539	[007]	2603553.813724	11579	cpu/event=0xD0,umask=0x81/u	400d40	t_run_test	(/home/koga/autobench_perf/src/autobench/bitmnp01_lite)
bitmnp01_lite	80539	[007]	2603553.813834	11762	cpu/event=0xD0,umask=0x81/u	401663	t_run_test	(/home/koga/autobench_perf/src/autobench/bitmnp01_lite)
bitmnp01_lite	80539	[007]	2603553.813930	11624	cpu/event=0xD0,umask=0x81/u	401095	t_run_test	(/home/koga/autobench_perf/src/autobench/bitmnp01_lite)
bitmnp01_lite	80539	[007]	2603553.814035	11680	cpu/event=0xD0,umask=0x81/u	400ae8	t_run_test	(/home/koga/autobench_perf/src/autobench/bitmnp01_lite)
bitmnp01_lite	80539	[007]	2603553.814134	11619	cpu/event=0xD0,umask=0x81/u	400d18	t_run_test	(/home/koga/autobench_perf/src/autobench/bitmnp01_lite)
bitmnp01_lite	80539	[007]	2603553.814228	11636	cpu/event=0xD0,umask=0x81/u	400ef2	t_run_test	(/home/koga/autobench_perf/src/autobench/bitmnp01_lite)
bitmnp01_lite	80539	[007]	2603553.814331	11729	cpu/event=0xD0,umask=0x81/u	4013fc	t_run_test	(/home/koga/autobench_perf/src/autobench/bitmnp01_lite)
bitmnp01_lite	80539	[007]	2603553.814421	11685	cpu/event=0xD0,umask=0x81/u	40111d	t_run_test	(/home/koga/autobench_perf/src/autobench/bitmnp01_lite)
bitmnp01_lite	80539	[007]	2603553.814533	11849	cpu/event=0xD0,umask=0x81/u	400b02	t_run_test	(/home/koga/autobench_perf/src/autobench/bitmnp01_lite)
bitmnp01_lite	80539	[007]	2603553.814623	11695	cpu/event=0xD0,umask=0x81/u	400c43	t_run_test	(/home/koga/autobench_perf/src/autobench/bitmnp01_lite)
bitmnp01_lite	80539	[007]	2603553.814733	11843	cpu/event=0xD0,umask=0x81/u	4015cc	t_run_test	(/home/koga/autobench_perf/src/autobench/bitmnp01_lite)
bitmnp01_lite	80539	[007]	2603553.814832	11715	cpu/event=0xD0,umask=0x81/u	40161c	t_run_test	(/home/koga/autobench_perf/src/autobench/bitmnp01_lite)
bitmnp01_lite	80539	[007]	2603553.814933	11728	cpu/event=0xD0,umask=0x81/u	400b46	t_run_test	(/home/koga/autobench_perf/src/autobench/bitmnp01_lite)
bitmnp01_lite	80539	[007]	2603553.815037	11715	cpu/event=0xD0,umask=0x81/u	4010a4	t_run_test	(/home/koga/autobench_perf/src/autobench/bitmnp01_lite)
bitmnp01_lite	80539	[007]	2603553.815127	11665	cpu/event=0xD0,umask=0x81/u	400f37	t_run_test	(/home/koga/autobench_perf/src/autobench/bitmnp01_lite)
bitmnp01_lite	80539	[007]	2603553.815238	11822	cpu/event=0xD0,umask=0x81/u	401949	t_run_test	(/home/koga/autobench_perf/src/autobench/bitmnp01_lite)
bitmnp01_lite	80539	[007]	2603553.815329	11677	cpu/event=0xD0,umask=0x81/u	4015a8	t_run_test	(/home/koga/autobench_perf/src/autobench/bitmnp01_lite)
bitmnp01_lite	80539	[007]	2603553.815435	11824	cpu/event=0xD0,umask=0x81/u	401228	t_run_test	(/home/koga/autobench_perf/src/autobench/bitmnp01_lite)
bitmnp01_lite	80539	[007]	2603553.815532	11744	cpu/event=0xD0,umask=0x81/u	401181	t_run_test	(/home/koga/autobench_perf/src/autobench/bitmnp01_lite)
bitmnp01_lite	80539	[007]	2603553.815634	11781	cpu/event=0xD0,umask=0x81/u	401663	t_run_test	(/home/koga/autobench_perf/src/autobench/bitmnp01_lite)
bitmnp01_lite	80539	[007]	2603553.815735	11752	cpu/event=0xD0,umask=0x81/u	400cf3	t_run_test	(/home/koga/autobench_perf/src/autobench/bitmnp01_lite)
bitmnp01_lite	80539	[007]	2603553.815831	11745	cpu/event=0xD0,umask=0x81/u	400c40	t_run_test	(/home/koga/autobench_perf/src/autobench/bitmnp01_lite)
bitmnp01_lite	80539	[007]	2603553.815937	11809	cpu/event=0xD0,umask=0x81/u	40158b	t_run_test	(/home/koga/autobench_perf/src/autobench/bitmnp01_lite)
bitmnp01_lite	80539	[007]	2603553.816032	11722	cpu/event=0xD0,umask=0x81/u	401447	t_run_test	(/home/koga/autobench_perf/src/autobench/bitmnp01_lite)
bitmnp01_lite	80539	[007]	2603553.816138	11804	cpu/event=0xD0,umask=0x81/u	4011e2	t_run_test	(/home/koga/autobench_perf/src/autobench/bitmnp01_lite)
bitmnp01_lite	80539	[007]	2603553.816234	11717	cpu/event=0xD0,umask=0x81/u	400c81	t_run_test	(/home/koga/autobench_perf/src/autobench/bitmnp01_lite)
bitmnp01_lite	80539	[007]	2603553.816333	11776	cpu/event=0xD0,umask=0x81/u	4015a5	t_run_test	(/home/koga/autobench_perf/src/autobench/bitmnp01_lite)
bitmnp01_lite	80539	[007]	2603553.816438	11796	cpu/event=0xD0,umask=0x81/u	40167a	t_run_test	(/home/koga/autobench_perf/src/autobench/bitmnp01_lite)
bitmnp01_lite	80539	[007]	2603553.816531	11734	cpu/event=0xD0,umask=0x81/u	400c43	t_run_test	(/home/koga/autobench_perf/src/autobench/bitmnp01_lite)
bitmnp01_lite	80539	[007]	2603553.816635	11838	cpu/event=0xD0,umask=0x81/u	40142e	t_run_test	(/home/koga/autobench_perf/src/autobench/bitmnp01_lite)
bitmnp01_lite	80539	[007]	2603553.816730	11780	cpu/event=0xD0,umask=0x81/u	401184	t_run_test	(/home/koga/autobench_perf/src/autobench/bitmnp01_lite)
bitmnp01_lite	80539	[007]	2603553.816851	11834	cpu/event=0xD0,umask=0x81/u	401034	t_run_test	(/home/koga/autobench_perf/src/autobench/bitmnp01_lite)
bitmnp01_lite	80539	[007]	2603553.816947	11586	cpu/event=0xD0,umask=0x81/u	400c8e	t_run_test	(/home/koga/autobench_perf/src/autobench/bitmnp01_lite)
bitmnp01_lite	80539	[007]	2603553.817051	11639	cpu/event=0xD0,umask=0x81/u	40167e	t_run_test	(/home/koga/autobench_perf/src/autobench/bitmnp01_lite)
bitmnp01_lite	80539	[007]	2603553.817162	11584	cpu/event=0xD0,umask=0x81/u	401447	t_run_test	(/home/koga/autobench_perf/src/autobench/bitmnp01_lite)
bitmnp01_lite	80539	[007]	2603553.817255	11440	cpu/event=0xD0,umask=0x81/u	401687	t_run_test	(/home/koga/autobench_perf/src/autobench/bitmnp01_lite)
bitmnp01_lite	80539	[007]	2603553.817349	11557	cpu/event=0xD0,umask=0x81/u	40196e	t_run_test	(/home/koga/autobench_perf/src/autobench/bitmnp01_lite)
bitmnp01_lite	80539	[007]	2603553.817436	11643	cpu/event=0xD0,umask=0x81/u	401418	t_run_test	(/home/koga/autobench_perf/src/autobench/bitmnp01_lite)
bitmnp01_lite	80539	[007]	2603553.817536	11868	cpu/event=0xD0,umask=0x81/u	40110c	t_run_test	(/home/koga/autobench_perf/src/autobench/bitmnp01_lite)
bitmnp01_lite	80539	[007]	2603553.817626	11871	cpu/event=0xD0,umask=0x81/u	400bda	t_run_test	(/home/koga/autobench_perf/src/autobench/bitmnp01_lite)
bitmnp01_lite	80539	[007]	2603553.817725	12034	cpu/event=0xD0,umask=0x81/u	400b81	t_run_test	(/home/koga/autobench_perf/src/autobench/bitmnp01_lite)
bitmnp01_lite	80539	[007]	2603553.817818	12049	cpu/event=0xD0,umask=0x81/u	400b46	t_run_test	(/home/koga/autobench_perf/src/autobench/bitmnp01_lite)
bitmnp01_lite	80539	[007]	2603553.817915	12153	cpu/event=0xD0,umask=0x81/u	401663	t_run_test	(/home/koga/autobench_perf/src/autobench/bitmnp01_lite)
bitmnp01_lite	80539	[007]	2603553.818012	12210	cpu/event=0xD0,umask=0x81/u	401139	t_run_test	(/home/koga/autobench_perf/src/autobench/bitmnp01_lite)
bitmnp01_lite	80539	[007]	2603553.818101	12248	cpu/event=0xD0,umask=0x81/u	401738	t_run_test	(/home/koga/autobench_perf/src/autobench/bitmnp01_lite)
bitmnp01_lite	80539	[007]	2603553.818208	12440	cpu/event=0xD0,umask=0x81/u	4016d6	t_run_test	(/home/koga/autobench_perf/src/autobench/bitmnp01_lite)
bitmnp01_lite	80539	[007]	2603553.818302	12341	cpu/event=0xD0,umask=0x81/u	400b57	t_run_test	(/home/koga/autobench_perf/src/autobench/bitmnp01_lite)
bitmnp01_lite	80539	[007]	2603553.818405	12443	cpu/event=0xD0,umask=0x81/u	40110c	t_run_test	(/home/koga/autobench_perf/src/autobench/bitmnp01_lite)
bitmnp01_lite	80539	[007]	2603553.818494	12394	cpu/event=0xD0,umask=0x81/u	401470	t_run_test	(/home/koga/autobench_perf/src/autobench/bitmnp01_lite)
bitmnp01_lite	80539	[007]	2603553.818601	12592	cpu/event=0xD0,umask=0x81/u	401964	t_run_test	(/home/koga/autobench_perf/src/autobench/bitmnp01_lite)
bitmnp01_lite	80539	[007]	2603553.818697	12484	cpu/event=0xD0,umask=0x81/u	4010a4	t_run_test	(/home/koga/autobench_perf/src/autobench/bitmnp01_lite)
bitmnp01_lite	80539	[007]	2603553.818800	12557	cpu/event=0xD0,umask=0x81/u	4015d8	t_run_test	(/home/koga/autobench_perf/src/autobench/bitmnp01_lite)
bitmnp01_lite	80539	[007]	2603553.818897	12505	cpu/event=0xD0,umask=0x81/u	400b85	t_run_test	(/home/koga/autobench_perf/src/autobench/bitmnp01_lite)
bitmnp01_lite	80539	[007]	2603553.818994	12552	cpu/event=0xD0,umask=0x81/u	400f37	t_run_test	(/home/koga/autobench_perf/src/autobench/bitmnp01_lite)
bitmnp01_lite	80539	[007]	2603553.819096	12611	cpu/event=0xD0,umask=0x81/u	400c8e	t_run_test	(/home/koga/autobench_perf/src/autobench/bitmnp01_lite)
bitmnp01_lite	80539	[007]	2603553.819190	12575	cpu/event=0xD0,umask=0x81/u	400d79	t_run_test	(/home/koga/autobench_perf/src/autobench/bitmnp01_lite)
bitmnp01_lite	80539	[007]	2603553.819291	12682	cpu/event=0xD0,umask=0x81/u	400bfc	t_run_test	(/home/koga/autobench_perf/src/autobench/bitmnp01_lite)
bitmnp01_lite	80539	[007]	2603553.819387	12663	cpu/event=0xD0,umask=0x81/u	401533	t_run_test	(/home/koga/autobench_perf/src/autobench/bitmnp01_lite)
bitmnp01_lite	80539	[007]	2603553.819492	12733	cpu/event=0xD0,umask=0x81/u	400cb6	t_run_test	(/home/koga/autobench_perf/src/autobench/bitmnp01_lite)
