bitmnp01_lite	79697	[001]	2603484.365989	1	cpu/event=0xC0,umask=0x00/u	7fa52604bc30	_start	(/lib/x86_64-linux-gnu/ld-2.23.so)
bitmnp01_lite	79697	[001]	2603484.366001	1	cpu/event=0xC0,umask=0x00/u	7fa52604bc30	_start	(/lib/x86_64-linux-gnu/ld-2.23.so)
bitmnp01_lite	79697	[001]	2603484.366011	2	cpu/event=0xC0,umask=0x00/u	7fa52604bc30	_start	(/lib/x86_64-linux-gnu/ld-2.23.so)
bitmnp01_lite	79697	[001]	2603484.366024	5	cpu/event=0xC0,umask=0x00/u	ffffffff8186d5d0	page_fault	([kernel.kallsyms])
bitmnp01_lite	79697	[001]	2603484.366038	10	cpu/event=0xC0,umask=0x00/u	7fa52604c9b6	_dl_start	(/lib/x86_64-linux-gnu/ld-2.23.so)
bitmnp01_lite	79697	[001]	2603484.366044	18	cpu/event=0xC0,umask=0x00/u	ffffffff8186d5d0	page_fault	([kernel.kallsyms])
bitmnp01_lite	79697	[001]	2603484.366054	52	cpu/event=0xC0,umask=0x00/u	7fa52604ca48	_dl_start	(/lib/x86_64-linux-gnu/ld-2.23.so)
bitmnp01_lite	79697	[001]	2603484.366070	111	cpu/event=0xC0,umask=0x00/u	7fa52604ca4f	_dl_start	(/lib/x86_64-linux-gnu/ld-2.23.so)
bitmnp01_lite	79697	[001]	2603484.366085	184	cpu/event=0xC0,umask=0x00/u	7fa52604ca65	_dl_start	(/lib/x86_64-linux-gnu/ld-2.23.so)
bitmnp01_lite	79697	[001]	2603484.366113	316	cpu/event=0xC0,umask=0x00/u	7fa52604cd36	_dl_start	(/lib/x86_64-linux-gnu/ld-2.23.so)
bitmnp01_lite	79697	[001]	2603484.366137	418	cpu/event=0xC0,umask=0x00/u	7fa5260645fa	_dl_sysdep_start	(/lib/x86_64-linux-gnu/ld-2.23.so)
bitmnp01_lite	79697	[001]	2603484.366163	579	cpu/event=0xC0,umask=0x00/u	7fa52606413f	init_cpu_features.constprop.0	(/lib/x86_64-linux-gnu/ld-2.23.so)
bitmnp01_lite	79697	[001]	2603484.366190	788	cpu/event=0xC0,umask=0x00/u	ffffffff8186d5d0	page_fault	([kernel.kallsyms])
bitmnp01_lite	79697	[001]	2603484.366216	1057	cpu/event=0xC0,umask=0x00/u	7fa52604db56	dl_main	(/lib/x86_64-linux-gnu/ld-2.23.so)
bitmnp01_lite	79697	[001]	2603484.366247	1437	cpu/event=0xC0,umask=0x00/u	7fa526068bb0	memset	(/lib/x86_64-linux-gnu/ld-2.23.so)
bitmnp01_lite	79697	[001]	2603484.366302	1829	cpu/event=0xC0,umask=0x00/u	7fa5260686c2	memcmp	(/lib/x86_64-linux-gnu/ld-2.23.so)
bitmnp01_lite	79697	[001]	2603484.366330	2021	cpu/event=0xC0,umask=0x00/u	7fa526064d8d	__libc_memalign	(/lib/x86_64-linux-gnu/ld-2.23.so)
bitmnp01_lite	79697	[001]	2603484.366408	2651	cpu/event=0xC0,umask=0x00/u	7fa526053aca	_dl_map_object	(/lib/x86_64-linux-gnu/ld-2.23.so)
bitmnp01_lite	79697	[001]	2603484.366440	2747	cpu/event=0xC0,umask=0x00/u	7fa5260518e1	_dl_map_object_from_fd	(/lib/x86_64-linux-gnu/ld-2.23.so)
bitmnp01_lite	79697	[001]	2603484.366510	3463	cpu/event=0xC0,umask=0x00/u	7fa5260591c1	_dl_map_object_deps	(/lib/x86_64-linux-gnu/ld-2.23.so)
bitmnp01_lite	79697	[001]	2603484.366542	3648	cpu/event=0xC0,umask=0x00/u	7fa526066aca	strcmp	(/lib/x86_64-linux-gnu/ld-2.23.so)
bitmnp01_lite	79697	[001]	2603484.366593	4606	cpu/event=0xC0,umask=0x00/u	7fa526057639	_dl_relocate_object	(/lib/x86_64-linux-gnu/ld-2.23.so)
bitmnp01_lite	79697	[001]	2603484.366624	5171	cpu/event=0xC0,umask=0x00/u	7fa526057633	_dl_relocate_object	(/lib/x86_64-linux-gnu/ld-2.23.so)
bitmnp01_lite	79697	[001]	2603484.366640	6610	cpu/event=0xC0,umask=0x00/u	7fa526057630	_dl_relocate_object	(/lib/x86_64-linux-gnu/ld-2.23.so)
bitmnp01_lite	79697	[001]	2603484.366658	11023	cpu/event=0xC0,umask=0x00/u	7fa526057809	_dl_relocate_object	(/lib/x86_64-linux-gnu/ld-2.23.so)
bitmnp01_lite	79697	[001]	2603484.366691	17229	cpu/event=0xC0,umask=0x00/u	7fa526055a61	_dl_lookup_symbol_x	(/lib/x86_64-linux-gnu/ld-2.23.so)
bitmnp01_lite	79697	[001]	2603484.366727	21558	cpu/event=0xC0,umask=0x00/u	7fa526055bc7	_dl_lookup_symbol_x	(/lib/x86_64-linux-gnu/ld-2.23.so)
bitmnp01_lite	79697	[001]	2603484.366804	26385	cpu/event=0xC0,umask=0x00/u	7fa5260551d6	do_lookup_x	(/lib/x86_64-linux-gnu/ld-2.23.so)
bitmnp01_lite	79697	[001]	2603484.366957	27353	cpu/event=0xC0,umask=0x00/u	7fa525abb3b7	_dl_addr	(/lib/x86_64-linux-gnu/libc-2.23.so)
bitmnp01_lite	79697	[001]	2603484.367010	26171	cpu/event=0xC0,umask=0x00/u	7fa525abb37b	_dl_addr	(/lib/x86_64-linux-gnu/libc-2.23.so)
bitmnp01_lite	79697	[001]	2603484.367075	29059	cpu/event=0xC0,umask=0x00/u	400b13	t_run_test	(/home/koga/autobench_perf/src/autobench/bitmnp01_lite)
bitmnp01_lite	79697	[001]	2603484.367097	31030	cpu/event=0xC0,umask=0x00/u	400ff8	t_run_test	(/home/koga/autobench_perf/src/autobench/bitmnp01_lite)
bitmnp01_lite	79697	[001]	2603484.367128	44785	cpu/event=0xC0,umask=0x00/u	401508	t_run_test	(/home/koga/autobench_perf/src/autobench/bitmnp01_lite)
bitmnp01_lite	79697	[001]	2603484.367172	57207	cpu/event=0xC0,umask=0x00/u	4015a5	t_run_test	(/home/koga/autobench_perf/src/autobench/bitmnp01_lite)
bitmnp01_lite	79697	[001]	2603484.367218	66240	cpu/event=0xC0,umask=0x00/u	400f37	t_run_test	(/home/koga/autobench_perf/src/autobench/bitmnp01_lite)
bitmnp01_lite	79697	[001]	2603484.367275	76260	cpu/event=0xC0,umask=0x00/u	400d0a	t_run_test	(/home/koga/autobench_perf/src/autobench/bitmnp01_lite)
bitmnp01_lite	79697	[001]	2603484.367331	83236	cpu/event=0xC0,umask=0x00/u	400c8e	t_run_test	(/home/koga/autobench_perf/src/autobench/bitmnp01_lite)
bitmnp01_lite	79697	[001]	2603484.367388	91606	cpu/event=0xC0,umask=0x00/u	401784	t_run_test	(/home/koga/autobench_perf/src/autobench/bitmnp01_lite)
bitmnp01_lite	79697	[001]	2603484.367439	100031	cpu/event=0xC0,umask=0x00/u	40119e	t_run_test	(/home/koga/autobench_perf/src/autobench/bitmnp01_lite)
bitmnp01_lite	79697	[001]	2603484.367522	112458	cpu/event=0xC0,umask=0x00/u	400cdd	t_run_test	(/home/koga/autobench_perf/src/autobench/bitmnp01_lite)
bitmnp01_lite	79697	[001]	2603484.367606	115319	cpu/event=0xC0,umask=0x00/u	40166d	t_run_test	(/home/koga/autobench_perf/src/autobench/bitmnp01_lite)
bitmnp01_lite	79697	[001]	2603484.367685	118082	cpu/event=0xC0,umask=0x00/u	4015e9	t_run_test	(/home/koga/autobench_perf/src/autobench/bitmnp01_lite)
bitmnp01_lite	79697	[001]	2603484.367757	121960	cpu/event=0xC0,umask=0x00/u	4010d9	t_run_test	(/home/koga/autobench_perf/src/autobench/bitmnp01_lite)
bitmnp01_lite	79697	[001]	2603484.367832	127912	cpu/event=0xC0,umask=0x00/u	401522	t_run_test	(/home/koga/autobench_perf/src/autobench/bitmnp01_lite)
bitmnp01_lite	79697	[001]	2603484.367913	133229	cpu/event=0xC0,umask=0x00/u	401034	t_run_test	(/home/koga/autobench_perf/src/autobench/bitmnp01_lite)
bitmnp01_lite	79697	[001]	2603484.367990	136998	cpu/event=0xC0,umask=0x00/u	400b24	t_run_test	(/home/koga/autobench_perf/src/autobench/bitmnp01_lite)
bitmnp01_lite	79697	[001]	2603484.368057	142064	cpu/event=0xC0,umask=0x00/u	40166d	t_run_test	(/home/koga/autobench_perf/src/autobench/bitmnp01_lite)
bitmnp01_lite	79697	[001]	2603484.368145	150963	cpu/event=0xC0,umask=0x00/u	4016c8	t_run_test	(/home/koga/autobench_perf/src/autobench/bitmnp01_lite)
bitmnp01_lite	79697	[001]	2603484.368228	153607	cpu/event=0xC0,umask=0x00/u	401153	t_run_test	(/home/koga/autobench_perf/src/autobench/bitmnp01_lite)
bitmnp01_lite	79697	[001]	2603484.368311	157473	cpu/event=0xC0,umask=0x00/u	4016c8	t_run_test	(/home/koga/autobench_perf/src/autobench/bitmnp01_lite)
bitmnp01_lite	79697	[001]	2603484.368396	161615	cpu/event=0xC0,umask=0x00/u	4011ab	t_run_test	(/home/koga/autobench_perf/src/autobench/bitmnp01_lite)
bitmnp01_lite	79697	[001]	2603484.368487	165022	cpu/event=0xC0,umask=0x00/u	4011ab	t_run_test	(/home/koga/autobench_perf/src/autobench/bitmnp01_lite)
bitmnp01_lite	79697	[001]	2603484.368569	166999	cpu/event=0xC0,umask=0x00/u	4011c6	t_run_test	(/home/koga/autobench_perf/src/autobench/bitmnp01_lite)
bitmnp01_lite	79697	[001]	2603484.368656	171681	cpu/event=0xC0,umask=0x00/u	4011fe	t_run_test	(/home/koga/autobench_perf/src/autobench/bitmnp01_lite)
bitmnp01_lite	79697	[001]	2603484.368752	174837	cpu/event=0xC0,umask=0x00/u	400ce0	t_run_test	(/home/koga/autobench_perf/src/autobench/bitmnp01_lite)
bitmnp01_lite	79697	[001]	2603484.368837	175823	cpu/event=0xC0,umask=0x00/u	400f60	t_run_test	(/home/koga/autobench_perf/src/autobench/bitmnp01_lite)
bitmnp01_lite	79697	[001]	2603484.368932	179777	cpu/event=0xC0,umask=0x00/u	4016e4	t_run_test	(/home/koga/autobench_perf/src/autobench/bitmnp01_lite)
bitmnp01_lite	79697	[001]	2603484.369019	180817	cpu/event=0xC0,umask=0x00/u	401228	t_run_test	(/home/koga/autobench_perf/src/autobench/bitmnp01_lite)
bitmnp01_lite	79697	[001]	2603484.369116	184196	cpu/event=0xC0,umask=0x00/u	400ca8	t_run_test	(/home/koga/autobench_perf/src/autobench/bitmnp01_lite)
bitmnp01_lite	79697	[001]	2603484.369238	173592	cpu/event=0xC0,umask=0x00/u	400c67	t_run_test	(/home/koga/autobench_perf/src/autobench/bitmnp01_lite)
bitmnp01_lite	79697	[001]	2603484.369332	169683	cpu/event=0xC0,umask=0x00/u	4010a4	t_run_test	(/home/koga/autobench_perf/src/autobench/bitmnp01_lite)
bitmnp01_lite	79697	[001]	2603484.369414	170971	cpu/event=0xC0,umask=0x00/u	401431	t_run_test	(/home/koga/autobench_perf/src/autobench/bitmnp01_lite)
bitmnp01_lite	79697	[001]	2603484.369506	175684	cpu/event=0xC0,umask=0x00/u	400d0a	t_run_test	(/home/koga/autobench_perf/src/autobench/bitmnp01_lite)
bitmnp01_lite	79697	[001]	2603484.369611	177689	cpu/event=0xC0,umask=0x00/u	401258	t_run_test	(/home/koga/autobench_perf/src/autobench/bitmnp01_lite)
bitmnp01_lite	79697	[001]	2603484.369704	176486	cpu/event=0xC0,umask=0x00/u	40192b	t_run_test	(/home/koga/autobench_perf/src/autobench/bitmnp01_lite)
bitmnp01_lite	79697	[001]	2603484.369811	178196	cpu/event=0xC0,umask=0x00/u	401663	t_run_test	(/home/koga/autobench_perf/src/autobench/bitmnp01_lite)
bitmnp01_lite	79697	[001]	2603484.369906	176850	cpu/event=0xC0,umask=0x00/u	400cbb	t_run_test	(/home/koga/autobench_perf/src/autobench/bitmnp01_lite)
bitmnp01_lite	79697	[001]	2603484.370004	178017	cpu/event=0xC0,umask=0x00/u	401700	t_run_test	(/home/koga/autobench_perf/src/autobench/bitmnp01_lite)
bitmnp01_lite	79697	[001]	2603484.370099	178425	cpu/event=0xC0,umask=0x00/u	401289	t_run_test	(/home/koga/autobench_perf/src/autobench/bitmnp01_lite)
bitmnp01_lite	79697	[001]	2603484.370200	179597	cpu/event=0xC0,umask=0x00/u	401566	t_run_test	(/home/koga/autobench_perf/src/autobench/bitmnp01_lite)
bitmnp01_lite	79697	[001]	2603484.370300	179313	cpu/event=0xC0,umask=0x00/u	401258	t_run_test	(/home/koga/autobench_perf/src/autobench/bitmnp01_lite)
bitmnp01_lite	79697	[001]	2603484.370405	179464	cpu/event=0xC0,umask=0x00/u	400bfc	t_run_test	(/home/koga/autobench_perf/src/autobench/bitmnp01_lite)
bitmnp01_lite	79697	[001]	2603484.370500	178274	cpu/event=0xC0,umask=0x00/u	4015fa	t_run_test	(/home/koga/autobench_perf/src/autobench/bitmnp01_lite)
bitmnp01_lite	79697	[001]	2603484.370604	179606	cpu/event=0xC0,umask=0x00/u	40122c	t_run_test	(/home/koga/autobench_perf/src/autobench/bitmnp01_lite)
bitmnp01_lite	79697	[001]	2603484.370709	178604	cpu/event=0xC0,umask=0x00/u	400c40	t_run_test	(/home/koga/autobench_perf/src/autobench/bitmnp01_lite)
bitmnp01_lite	79697	[001]	2603484.370807	177652	cpu/event=0xC0,umask=0x00/u	4011b8	t_run_test	(/home/koga/autobench_perf/src/autobench/bitmnp01_lite)
bitmnp01_lite	79697	[001]	2603484.370908	178014	cpu/event=0xC0,umask=0x00/u	40110c	t_run_test	(/home/koga/autobench_perf/src/autobench/bitmnp01_lite)
bitmnp01_lite	79697	[001]	2603484.371005	177759	cpu/event=0xC0,umask=0x00/u	4016bb	t_run_test	(/home/koga/autobench_perf/src/autobench/bitmnp01_lite)
bitmnp01_lite	79697	[001]	2603484.371102	178502	cpu/event=0xC0,umask=0x00/u	4010d9	t_run_test	(/home/koga/autobench_perf/src/autobench/bitmnp01_lite)
bitmnp01_lite	79697	[001]	2603484.371208	179123	cpu/event=0xC0,umask=0x00/u	400c74	t_run_test	(/home/koga/autobench_perf/src/autobench/bitmnp01_lite)
bitmnp01_lite	79697	[001]	2603484.371309	177956	cpu/event=0xC0,umask=0x00/u	4013ab	t_run_test	(/home/koga/autobench_perf/src/autobench/bitmnp01_lite)
bitmnp01_lite	79697	[001]	2603484.371402	177622	cpu/event=0xC0,umask=0x00/u	400ce0	t_run_test	(/home/koga/autobench_perf/src/autobench/bitmnp01_lite)
bitmnp01_lite	79697	[001]	2603484.371510	179296	cpu/event=0xC0,umask=0x00/u	401784	t_run_test	(/home/koga/autobench_perf/src/autobench/bitmnp01_lite)
bitmnp01_lite	79697	[001]	2603484.371612	177710	cpu/event=0xC0,umask=0x00/u	401139	t_run_test	(/home/koga/autobench_perf/src/autobench/bitmnp01_lite)
bitmnp01_lite	79697	[001]	2603484.371713	177207	cpu/event=0xC0,umask=0x00/u	400c47	t_run_test	(/home/koga/autobench_perf/src/autobench/bitmnp01_lite)
bitmnp01_lite	79697	[001]	2603484.371819	176978	cpu/event=0xC0,umask=0x00/u	401527	t_run_test	(/home/koga/autobench_perf/src/autobench/bitmnp01_lite)
bitmnp01_lite	79697	[001]	2603484.371917	175835	cpu/event=0xC0,umask=0x00/u	400c43	t_run_test	(/home/koga/autobench_perf/src/autobench/bitmnp01_lite)
bitmnp01_lite	79697	[001]	2603484.372020	176140	cpu/event=0xC0,umask=0x00/u	40115d	t_run_test	(/home/koga/autobench_perf/src/autobench/bitmnp01_lite)
bitmnp01_lite	79697	[001]	2603484.372123	175626	cpu/event=0xC0,umask=0x00/u	400c67	t_run_test	(/home/koga/autobench_perf/src/autobench/bitmnp01_lite)
bitmnp01_lite	79697	[001]	2603484.372215	174909	cpu/event=0xC0,umask=0x00/u	401228	t_run_test	(/home/koga/autobench_perf/src/autobench/bitmnp01_lite)
bitmnp01_lite	79697	[001]	2603484.372326	176830	cpu/event=0xC0,umask=0x00/u	400c8e	t_run_test	(/home/koga/autobench_perf/src/autobench/bitmnp01_lite)
bitmnp01_lite	79697	[001]	2603484.372430	174727	cpu/event=0xC0,umask=0x00/u	401095	t_run_test	(/home/koga/autobench_perf/src/autobench/bitmnp01_lite)
bitmnp01_lite	79697	[001]	2603484.372526	173909	cpu/event=0xC0,umask=0x00/u	401590	t_run_test	(/home/koga/autobench_perf/src/autobench/bitmnp01_lite)
bitmnp01_lite	79697	[001]	2603484.372631	174739	cpu/event=0xC0,umask=0x00/u	40119e	t_run_test	(/home/koga/autobench_perf/src/autobench/bitmnp01_lite)
bitmnp01_lite	79697	[001]	2603484.372734	173696	cpu/event=0xC0,umask=0x00/u	4015a5	t_run_test	(/home/koga/autobench_perf/src/autobench/bitmnp01_lite)
bitmnp01_lite	79697	[001]	2603484.372820	173096	cpu/event=0xC0,umask=0x00/u	400c40	t_run_test	(/home/koga/autobench_perf/src/autobench/bitmnp01_lite)
bitmnp01_lite	79697	[001]	2603484.372938	176509	cpu/event=0xC0,umask=0x00/u	4016c8	t_run_test	(/home/koga/autobench_perf/src/autobench/bitmnp01_lite)
bitmnp01_lite	79697	[001]	2603484.373041	173219	cpu/event=0xC0,umask=0x00/u	400b24	t_run_test	(/home/koga/autobench_perf/src/autobench/bitmnp01_lite)
bitmnp01_lite	79697	[001]	2603484.373126	172589	cpu/event=0xC0,umask=0x00/u	401150	t_run_test	(/home/koga/autobench_perf/src/autobench/bitmnp01_lite)
bitmnp01_lite	79697	[001]	2603484.373258	176128	cpu/event=0xC0,umask=0x00/u	400c8e	t_run_test	(/home/koga/autobench_perf/src/autobench/bitmnp01_lite)
bitmnp01_lite	79697	[001]	2603484.373361	170833	cpu/event=0xC0,umask=0x00/u	4011d4	t_run_test	(/home/koga/autobench_perf/src/autobench/bitmnp01_lite)
bitmnp01_lite	79697	[001]	2603484.373452	170258	cpu/event=0xC0,umask=0x00/u	401412	t_run_test	(/home/koga/autobench_perf/src/autobench/bitmnp01_lite)
bitmnp01_lite	79697	[001]	2603484.373564	172272	cpu/event=0xC0,umask=0x00/u	400c8e	t_run_test	(/home/koga/autobench_perf/src/autobench/bitmnp01_lite)
bitmnp01_lite	79697	[001]	2603484.373663	169973	cpu/event=0xC0,umask=0x00/u	400c47	t_run_test	(/home/koga/autobench_perf/src/autobench/bitmnp01_lite)
bitmnp01_lite	79697	[001]	2603484.373755	170071	cpu/event=0xC0,umask=0x00/u	4010ae	t_run_test	(/home/koga/autobench_perf/src/autobench/bitmnp01_lite)
bitmnp01_lite	79697	[001]	2603484.373859	171898	cpu/event=0xC0,umask=0x00/u	4016e4	t_run_test	(/home/koga/autobench_perf/src/autobench/bitmnp01_lite)
bitmnp01_lite	79697	[001]	2603484.373956	171225	cpu/event=0xC0,umask=0x00/u	400c0d	t_run_test	(/home/koga/autobench_perf/src/autobench/bitmnp01_lite)
bitmnp01_lite	79697	[001]	2603484.374055	171902	cpu/event=0xC0,umask=0x00/u	401045	t_run_test	(/home/koga/autobench_perf/src/autobench/bitmnp01_lite)
bitmnp01_lite	79697	[001]	2603484.374158	171958	cpu/event=0xC0,umask=0x00/u	401793	t_run_test	(/home/koga/autobench_perf/src/autobench/bitmnp01_lite)
bitmnp01_lite	79697	[001]	2603484.374254	171503	cpu/event=0xC0,umask=0x00/u	401566	t_run_test	(/home/koga/autobench_perf/src/autobench/bitmnp01_lite)
bitmnp01_lite	79697	[001]	2603484.374349	172249	cpu/event=0xC0,umask=0x00/u	401084	t_run_test	(/home/koga/autobench_perf/src/autobench/bitmnp01_lite)
bitmnp01_lite	79697	[001]	2603484.374448	173338	cpu/event=0xC0,umask=0x00/u	4015fa	t_run_test	(/home/koga/autobench_perf/src/autobench/bitmnp01_lite)
bitmnp01_lite	79697	[001]	2603484.374550	173748	cpu/event=0xC0,umask=0x00/u	401979	t_run_test	(/home/koga/autobench_perf/src/autobench/bitmnp01_lite)
bitmnp01_lite	79697	[001]	2603484.374653	173318	cpu/event=0xC0,umask=0x00/u	401177	t_run_test	(/home/koga/autobench_perf/src/autobench/bitmnp01_lite)
bitmnp01_lite	79697	[001]	2603484.374750	172696	cpu/event=0xC0,umask=0x00/u	401772	t_run_test	(/home/koga/autobench_perf/src/autobench/bitmnp01_lite)
bitmnp01_lite	79697	[001]	2603484.374852	173237	cpu/event=0xC0,umask=0x00/u	400d18	t_run_test	(/home/koga/autobench_perf/src/autobench/bitmnp01_lite)
bitmnp01_lite	79697	[001]	2603484.374951	172814	cpu/event=0xC0,umask=0x00/u	40111d	t_run_test	(/home/koga/autobench_perf/src/autobench/bitmnp01_lite)
bitmnp01_lite	79697	[001]	2603484.375053	173104	cpu/event=0xC0,umask=0x00/u	400cee	t_run_test	(/home/koga/autobench_perf/src/autobench/bitmnp01_lite)
bitmnp01_lite	79697	[001]	2603484.375143	172663	cpu/event=0xC0,umask=0x00/u	400ad0	t_run_test	(/home/koga/autobench_perf/src/autobench/bitmnp01_lite)
bitmnp01_lite	79697	[001]	2603484.375251	174970	cpu/event=0xC0,umask=0x00/u	401663	t_run_test	(/home/koga/autobench_perf/src/autobench/bitmnp01_lite)
bitmnp01_lite	79697	[001]	2603484.375352	173352	cpu/event=0xC0,umask=0x00/u	400c67	t_run_test	(/home/koga/autobench_perf/src/autobench/bitmnp01_lite)
bitmnp01_lite	79697	[001]	2603484.375437	173199	cpu/event=0xC0,umask=0x00/u	40115d	t_run_test	(/home/koga/autobench_perf/src/autobench/bitmnp01_lite)
bitmnp01_lite	79697	[001]	2603484.375547	176945	cpu/event=0xC0,umask=0x00/u	40193e	t_run_test	(/home/koga/autobench_perf/src/autobench/bitmnp01_lite)
bitmnp01_lite	79697	[001]	2603484.375648	175014	cpu/event=0xC0,umask=0x00/u	4010cd	t_run_test	(/home/koga/autobench_perf/src/autobench/bitmnp01_lite)
bitmnp01_lite	79697	[001]	2603484.375734	174792	cpu/event=0xC0,umask=0x00/u	4016bb	t_run_test	(/home/koga/autobench_perf/src/autobench/bitmnp01_lite)
bitmnp01_lite	79697	[001]	2603484.375850	178277	cpu/event=0xC0,umask=0x00/u	40121a	t_run_test	(/home/koga/autobench_perf/src/autobench/bitmnp01_lite)
bitmnp01_lite	79697	[001]	2603484.375951	175144	cpu/event=0xC0,umask=0x00/u	4016c8	t_run_test	(/home/koga/autobench_perf/src/autobench/bitmnp01_lite)
bitmnp01_lite	79697	[001]	2603484.376036	175091	cpu/event=0xC0,umask=0x00/u	40116e	t_run_test	(/home/koga/autobench_perf/src/autobench/bitmnp01_lite)
bitmnp01_lite	79697	[001]	2603484.376145	178718	cpu/event=0xC0,umask=0x00/u	401663	t_run_test	(/home/koga/autobench_perf/src/autobench/bitmnp01_lite)
bitmnp01_lite	79697	[001]	2603484.376246	176876	cpu/event=0xC0,umask=0x00/u	40116a	t_run_test	(/home/koga/autobench_perf/src/autobench/bitmnp01_lite)
bitmnp01_lite	79697	[001]	2603484.376348	176771	cpu/event=0xC0,umask=0x00/u	400d7e	t_run_test	(/home/koga/autobench_perf/src/autobench/bitmnp01_lite)
bitmnp01_lite	79697	[001]	2603484.376452	176404	cpu/event=0xC0,umask=0x00/u	401444	t_run_test	(/home/koga/autobench_perf/src/autobench/bitmnp01_lite)
bitmnp01_lite	79697	[001]	2603484.376550	175468	cpu/event=0xC0,umask=0x00/u	401933	t_run_test	(/home/koga/autobench_perf/src/autobench/bitmnp01_lite)
bitmnp01_lite	79697	[001]	2603484.376653	175941	cpu/event=0xC0,umask=0x00/u	401243	t_run_test	(/home/koga/autobench_perf/src/autobench/bitmnp01_lite)
bitmnp01_lite	79697	[001]	2603484.376757	175365	cpu/event=0xC0,umask=0x00/u	400c9f	t_run_test	(/home/koga/autobench_perf/src/autobench/bitmnp01_lite)
bitmnp01_lite	79697	[001]	2603484.376848	174529	cpu/event=0xC0,umask=0x00/u	40121a	t_run_test	(/home/koga/autobench_perf/src/autobench/bitmnp01_lite)
bitmnp01_lite	79697	[001]	2603484.376950	176640	cpu/event=0xC0,umask=0x00/u	400af1	t_run_test	(/home/koga/autobench_perf/src/autobench/bitmnp01_lite)
bitmnp01_lite	79697	[001]	2603484.377051	176228	cpu/event=0xC0,umask=0x00/u	401184	t_run_test	(/home/koga/autobench_perf/src/autobench/bitmnp01_lite)
bitmnp01_lite	79697	[001]	2603484.377142	175944	cpu/event=0xC0,umask=0x00/u	40170e	t_run_test	(/home/koga/autobench_perf/src/autobench/bitmnp01_lite)
bitmnp01_lite	79697	[001]	2603484.377265	177523	cpu/event=0xC0,umask=0x00/u	4010a4	t_run_test	(/home/koga/autobench_perf/src/autobench/bitmnp01_lite)
bitmnp01_lite	79697	[001]	2603484.377367	173370	cpu/event=0xC0,umask=0x00/u	400d86	t_run_test	(/home/koga/autobench_perf/src/autobench/bitmnp01_lite)
bitmnp01_lite	79697	[001]	2603484.377463	172957	cpu/event=0xC0,umask=0x00/u	4011f0	t_run_test	(/home/koga/autobench_perf/src/autobench/bitmnp01_lite)
bitmnp01_lite	79697	[001]	2603484.377568	173761	cpu/event=0xC0,umask=0x00/u	401745	t_run_test	(/home/koga/autobench_perf/src/autobench/bitmnp01_lite)
bitmnp01_lite	79697	[001]	2603484.377666	172884	cpu/event=0xC0,umask=0x00/u	400ae8	t_run_test	(/home/koga/autobench_perf/src/autobench/bitmnp01_lite)
bitmnp01_lite	79697	[001]	2603484.377756	173302	cpu/event=0xC0,umask=0x00/u	40107b	t_run_test	(/home/koga/autobench_perf/src/autobench/bitmnp01_lite)
bitmnp01_lite	79697	[001]	2603484.377866	175625	cpu/event=0xC0,umask=0x00/u	400cfc	t_run_test	(/home/koga/autobench_perf/src/autobench/bitmnp01_lite)
bitmnp01_lite	79697	[001]	2603484.377966	173658	cpu/event=0xC0,umask=0x00/u	401153	t_run_test	(/home/koga/autobench_perf/src/autobench/bitmnp01_lite)
bitmnp01_lite	79697	[001]	2603484.378058	173574	cpu/event=0xC0,umask=0x00/u	40171c	t_run_test	(/home/koga/autobench_perf/src/autobench/bitmnp01_lite)
bitmnp01_lite	79697	[001]	2603484.378161	175489	cpu/event=0xC0,umask=0x00/u	401184	t_run_test	(/home/koga/autobench_perf/src/autobench/bitmnp01_lite)
bitmnp01_lite	79697	[001]	2603484.378260	174799	cpu/event=0xC0,umask=0x00/u	401418	t_run_test	(/home/koga/autobench_perf/src/autobench/bitmnp01_lite)
bitmnp01_lite	79697	[001]	2603484.378359	175168	cpu/event=0xC0,umask=0x00/u	400c9b	t_run_test	(/home/koga/autobench_perf/src/autobench/bitmnp01_lite)
bitmnp01_lite	79697	[001]	2603484.378464	175281	cpu/event=0xC0,umask=0x00/u	401684	t_run_test	(/home/koga/autobench_perf/src/autobench/bitmnp01_lite)
bitmnp01_lite	79697	[001]	2603484.378562	174270	cpu/event=0xC0,umask=0x00/u	400beb	t_run_test	(/home/koga/autobench_perf/src/autobench/bitmnp01_lite)
bitmnp01_lite	79697	[001]	2603484.378663	174815	cpu/event=0xC0,umask=0x00/u	401228	t_run_test	(/home/koga/autobench_perf/src/autobench/bitmnp01_lite)
bitmnp01_lite	79697	[001]	2603484.378764	174537	cpu/event=0xC0,umask=0x00/u	400cd2	t_run_test	(/home/koga/autobench_perf/src/autobench/bitmnp01_lite)
bitmnp01_lite	79697	[001]	2603484.378860	174241	cpu/event=0xC0,umask=0x00/u	400c81	t_run_test	(/home/koga/autobench_perf/src/autobench/bitmnp01_lite)
bitmnp01_lite	79697	[001]	2603484.378963	175112	cpu/event=0xC0,umask=0x00/u	4016a1	t_run_test	(/home/koga/autobench_perf/src/autobench/bitmnp01_lite)
bitmnp01_lite	79697	[001]	2603484.379066	174514	cpu/event=0xC0,umask=0x00/u	400f60	t_run_test	(/home/koga/autobench_perf/src/autobench/bitmnp01_lite)
bitmnp01_lite	79697	[001]	2603484.379157	174020	cpu/event=0xC0,umask=0x00/u	401153	t_run_test	(/home/koga/autobench_perf/src/autobench/bitmnp01_lite)
bitmnp01_lite	79697	[001]	2603484.379264	176088	cpu/event=0xC0,umask=0x00/u	400b13	t_run_test	(/home/koga/autobench_perf/src/autobench/bitmnp01_lite)
bitmnp01_lite	79697	[001]	2603484.379366	174581	cpu/event=0xC0,umask=0x00/u	4013f7	t_run_test	(/home/koga/autobench_perf/src/autobench/bitmnp01_lite)
bitmnp01_lite	79697	[001]	2603484.379457	174125	cpu/event=0xC0,umask=0x00/u	40170e	t_run_test	(/home/koga/autobench_perf/src/autobench/bitmnp01_lite)
bitmnp01_lite	79697	[001]	2603484.379560	176479	cpu/event=0xC0,umask=0x00/u	4010d9	t_run_test	(/home/koga/autobench_perf/src/autobench/bitmnp01_lite)
bitmnp01_lite	79697	[001]	2603484.379667	175787	cpu/event=0xC0,umask=0x00/u	400d33	t_run_test	(/home/koga/autobench_perf/src/autobench/bitmnp01_lite)
bitmnp01_lite	79697	[001]	2603484.379758	174405	cpu/event=0xC0,umask=0x00/u	401153	t_run_test	(/home/koga/autobench_perf/src/autobench/bitmnp01_lite)
bitmnp01_lite	79697	[001]	2603484.379862	176500	cpu/event=0xC0,umask=0x00/u	400d18	t_run_test	(/home/koga/autobench_perf/src/autobench/bitmnp01_lite)
bitmnp01_lite	79697	[001]	2603484.379963	175686	cpu/event=0xC0,umask=0x00/u	4011b8	t_run_test	(/home/koga/autobench_perf/src/autobench/bitmnp01_lite)
bitmnp01_lite	79697	[001]	2603484.380059	175493	cpu/event=0xC0,umask=0x00/u	401687	t_run_test	(/home/koga/autobench_perf/src/autobench/bitmnp01_lite)
bitmnp01_lite	79697	[001]	2603484.380165	176202	cpu/event=0xC0,umask=0x00/u	40111d	t_run_test	(/home/koga/autobench_perf/src/autobench/bitmnp01_lite)
bitmnp01_lite	79697	[001]	2603484.380266	174947	cpu/event=0xC0,umask=0x00/u	40160b	t_run_test	(/home/koga/autobench_perf/src/autobench/bitmnp01_lite)
bitmnp01_lite	79697	[001]	2603484.380366	174875	cpu/event=0xC0,umask=0x00/u	401034	t_run_test	(/home/koga/autobench_perf/src/autobench/bitmnp01_lite)
bitmnp01_lite	79697	[001]	2603484.380470	174770	cpu/event=0xC0,umask=0x00/u	401590	t_run_test	(/home/koga/autobench_perf/src/autobench/bitmnp01_lite)
bitmnp01_lite	79697	[001]	2603484.380568	173977	cpu/event=0xC0,umask=0x00/u	400d7e	t_run_test	(/home/koga/autobench_perf/src/autobench/bitmnp01_lite)
bitmnp01_lite	79697	[001]	2603484.380668	174447	cpu/event=0xC0,umask=0x00/u	401423	t_run_test	(/home/koga/autobench_perf/src/autobench/bitmnp01_lite)
bitmnp01_lite	79697	[001]	2603484.380773	174369	cpu/event=0xC0,umask=0x00/u	400d18	t_run_test	(/home/koga/autobench_perf/src/autobench/bitmnp01_lite)
bitmnp01_lite	79697	[001]	2603484.380871	173419	cpu/event=0xC0,umask=0x00/u	40120c	t_run_test	(/home/koga/autobench_perf/src/autobench/bitmnp01_lite)
bitmnp01_lite	79697	[001]	2603484.380974	173934	cpu/event=0xC0,umask=0x00/u	401566	t_run_test	(/home/koga/autobench_perf/src/autobench/bitmnp01_lite)
bitmnp01_lite	79697	[001]	2603484.381072	173163	cpu/event=0xC0,umask=0x00/u	401023	t_run_test	(/home/koga/autobench_perf/src/autobench/bitmnp01_lite)
bitmnp01_lite	79697	[001]	2603484.381173	173641	cpu/event=0xC0,umask=0x00/u	401153	t_run_test	(/home/koga/autobench_perf/src/autobench/bitmnp01_lite)
bitmnp01_lite	79697	[001]	2603484.381299	173424	cpu/event=0xC0,umask=0x00/u	400b85	t_run_test	(/home/koga/autobench_perf/src/autobench/bitmnp01_lite)
bitmnp01_lite	79697	[001]	2603484.381400	168974	cpu/event=0xC0,umask=0x00/u	4010a8	t_run_test	(/home/koga/autobench_perf/src/autobench/bitmnp01_lite)
bitmnp01_lite	79697	[001]	2603484.381487	168769	cpu/event=0xC0,umask=0x00/u	40122c	t_run_test	(/home/koga/autobench_perf/src/autobench/bitmnp01_lite)
bitmnp01_lite	79697	[001]	2603484.381578	171925	cpu/event=0xC0,umask=0x00/u	401663	t_run_test	(/home/koga/autobench_perf/src/autobench/bitmnp01_lite)
bitmnp01_lite	79697	[001]	2603484.381672	174045	cpu/event=0xC0,umask=0x00/u	400ca8	t_run_test	(/home/koga/autobench_perf/src/autobench/bitmnp01_lite)
bitmnp01_lite	79697	[001]	2603484.381761	175430	cpu/event=0xC0,umask=0x00/u	4011d4	t_run_test	(/home/koga/autobench_perf/src/autobench/bitmnp01_lite)
bitmnp01_lite	79697	[001]	2603484.381860	178140	cpu/event=0xC0,umask=0x00/u	400ce0	t_run_test	(/home/koga/autobench_perf/src/autobench/bitmnp01_lite)
bitmnp01_lite	79697	[001]	2603484.381954	178484	cpu/event=0xC0,umask=0x00/u	4016bb	t_run_test	(/home/koga/autobench_perf/src/autobench/bitmnp01_lite)
bitmnp01_lite	79697	[001]	2603484.382039	179830	cpu/event=0xC0,umask=0x00/u	400bfc	t_run_test	(/home/koga/autobench_perf/src/autobench/bitmnp01_lite)
bitmnp01_lite	79697	[001]	2603484.382144	183818	cpu/event=0xC0,umask=0x00/u	400b98	t_run_test	(/home/koga/autobench_perf/src/autobench/bitmnp01_lite)
bitmnp01_lite	79697	[001]	2603484.382235	182618	cpu/event=0xC0,umask=0x00/u	40167a	t_run_test	(/home/koga/autobench_perf/src/autobench/bitmnp01_lite)
bitmnp01_lite	79697	[001]	2603484.382330	184917	cpu/event=0xC0,umask=0x00/u	4010cd	t_run_test	(/home/koga/autobench_perf/src/autobench/bitmnp01_lite)
bitmnp01_lite	79697	[001]	2603484.382431	186086	cpu/event=0xC0,umask=0x00/u	4010a8	t_run_test	(/home/koga/autobench_perf/src/autobench/bitmnp01_lite)
bitmnp01_lite	79697	[001]	2603484.382524	186065	cpu/event=0xC0,umask=0x00/u	400c43	t_run_test	(/home/koga/autobench_perf/src/autobench/bitmnp01_lite)
bitmnp01_lite	79697	[001]	2603484.382624	187640	cpu/event=0xC0,umask=0x00/u	401091	t_run_test	(/home/koga/autobench_perf/src/autobench/bitmnp01_lite)
bitmnp01_lite	79697	[001]	2603484.382723	187668	cpu/event=0xC0,umask=0x00/u	4011e2	t_run_test	(/home/koga/autobench_perf/src/autobench/bitmnp01_lite)
bitmnp01_lite	79697	[001]	2603484.382811	187983	cpu/event=0xC0,umask=0x00/u	400c47	t_run_test	(/home/koga/autobench_perf/src/autobench/bitmnp01_lite)
bitmnp01_lite	79697	[001]	2603484.382913	191129	cpu/event=0xC0,umask=0x00/u	4010ea	t_run_test	(/home/koga/autobench_perf/src/autobench/bitmnp01_lite)
bitmnp01_lite	79697	[001]	2603484.383011	190709	cpu/event=0xC0,umask=0x00/u	40111d	t_run_test	(/home/koga/autobench_perf/src/autobench/bitmnp01_lite)
bitmnp01_lite	79697	[001]	2603484.383109	191089	cpu/event=0xC0,umask=0x00/u	401153	t_run_test	(/home/koga/autobench_perf/src/autobench/bitmnp01_lite)
bitmnp01_lite	79697	[001]	2603484.383211	191605	cpu/event=0xC0,umask=0x00/u	4016cd	t_run_test	(/home/koga/autobench_perf/src/autobench/bitmnp01_lite)
bitmnp01_lite	79697	[001]	2603484.383307	191146	cpu/event=0xC0,umask=0x00/u	401663	t_run_test	(/home/koga/autobench_perf/src/autobench/bitmnp01_lite)
bitmnp01_lite	79697	[001]	2603484.383409	192170	cpu/event=0xC0,umask=0x00/u	400cfc	t_run_test	(/home/koga/autobench_perf/src/autobench/bitmnp01_lite)
bitmnp01_lite	79697	[001]	2603484.383510	191679	cpu/event=0xC0,umask=0x00/u	400ca8	t_run_test	(/home/koga/autobench_perf/src/autobench/bitmnp01_lite)
bitmnp01_lite	79697	[001]	2603484.383600	191523	cpu/event=0xC0,umask=0x00/u	400f21	t_run_test	(/home/koga/autobench_perf/src/autobench/bitmnp01_lite)
bitmnp01_lite	79697	[001]	2603484.383704	194130	cpu/event=0xC0,umask=0x00/u	401405	t_run_test	(/home/koga/autobench_perf/src/autobench/bitmnp01_lite)
bitmnp01_lite	79697	[001]	2603484.383802	193226	cpu/event=0xC0,umask=0x00/u	40158b	t_run_test	(/home/koga/autobench_perf/src/autobench/bitmnp01_lite)
bitmnp01_lite	79697	[001]	2603484.383902	193689	cpu/event=0xC0,umask=0x00/u	400d86	t_run_test	(/home/koga/autobench_perf/src/autobench/bitmnp01_lite)
bitmnp01_lite	79697	[001]	2603484.384003	193611	cpu/event=0xC0,umask=0x00/u	4010d9	t_run_test	(/home/koga/autobench_perf/src/autobench/bitmnp01_lite)
bitmnp01_lite	79697	[001]	2603484.384099	193324	cpu/event=0xC0,umask=0x00/u	401150	t_run_test	(/home/koga/autobench_perf/src/autobench/bitmnp01_lite)
bitmnp01_lite	79697	[001]	2603484.384202	194418	cpu/event=0xC0,umask=0x00/u	40171c	t_run_test	(/home/koga/autobench_perf/src/autobench/bitmnp01_lite)
bitmnp01_lite	79697	[001]	2603484.384301	193627	cpu/event=0xC0,umask=0x00/u	400c5a	t_run_test	(/home/koga/autobench_perf/src/autobench/bitmnp01_lite)
bitmnp01_lite	79697	[001]	2603484.384394	193927	cpu/event=0xC0,umask=0x00/u	400c43	t_run_test	(/home/koga/autobench_perf/src/autobench/bitmnp01_lite)
bitmnp01_lite	79697	[001]	2603484.384503	195728	cpu/event=0xC0,umask=0x00/u	401447	t_run_test	(/home/koga/autobench_perf/src/autobench/bitmnp01_lite)
bitmnp01_lite	79697	[001]	2603484.384595	193835	cpu/event=0xC0,umask=0x00/u	4016e4	t_run_test	(/home/koga/autobench_perf/src/autobench/bitmnp01_lite)
bitmnp01_lite	79697	[001]	2603484.384698	195887	cpu/event=0xC0,umask=0x00/u	400c5a	t_run_test	(/home/koga/autobench_perf/src/autobench/bitmnp01_lite)
bitmnp01_lite	79697	[001]	2603484.384798	195120	cpu/event=0xC0,umask=0x00/u	401184	t_run_test	(/home/koga/autobench_perf/src/autobench/bitmnp01_lite)
bitmnp01_lite	79697	[001]	2603484.384895	195094	cpu/event=0xC0,umask=0x00/u	4015a5	t_run_test	(/home/koga/autobench_perf/src/autobench/bitmnp01_lite)
bitmnp01_lite	79697	[001]	2603484.385000	196025	cpu/event=0xC0,umask=0x00/u	400bda	t_run_test	(/home/koga/autobench_perf/src/autobench/bitmnp01_lite)
bitmnp01_lite	79697	[001]	2603484.385096	194851	cpu/event=0xC0,umask=0x00/u	4010fb	t_run_test	(/home/koga/autobench_perf/src/autobench/bitmnp01_lite)
bitmnp01_lite	79697	[001]	2603484.385212	195019	cpu/event=0xC0,umask=0x00/u	401566	t_run_test	(/home/koga/autobench_perf/src/autobench/bitmnp01_lite)
bitmnp01_lite	79697	[001]	2603484.385312	191836	cpu/event=0xC0,umask=0x00/u	400b98	t_run_test	(/home/koga/autobench_perf/src/autobench/bitmnp01_lite)
bitmnp01_lite	79697	[001]	2603484.385403	191643	cpu/event=0xC0,umask=0x00/u	400d33	t_run_test	(/home/koga/autobench_perf/src/autobench/bitmnp01_lite)
bitmnp01_lite	79697	[001]	2603484.385512	194169	cpu/event=0xC0,umask=0x00/u	4011e2	t_run_test	(/home/koga/autobench_perf/src/autobench/bitmnp01_lite)
bitmnp01_lite	79697	[001]	2603484.385609	192222	cpu/event=0xC0,umask=0x00/u	4016bb	t_run_test	(/home/koga/autobench_perf/src/autobench/bitmnp01_lite)
bitmnp01_lite	79697	[001]	2603484.385704	192900	cpu/event=0xC0,umask=0x00/u	401705	t_run_test	(/home/koga/autobench_perf/src/autobench/bitmnp01_lite)
bitmnp01_lite	79697	[001]	2603484.385810	194212	cpu/event=0xC0,umask=0x00/u	400cfc	t_run_test	(/home/koga/autobench_perf/src/autobench/bitmnp01_lite)
bitmnp01_lite	79697	[001]	2603484.385901	192791	cpu/event=0xC0,umask=0x00/u	400ce0	t_run_test	(/home/koga/autobench_perf/src/autobench/bitmnp01_lite)
bitmnp01_lite	79697	[001]	2603484.386005	195013	cpu/event=0xC0,umask=0x00/u	4015be	t_run_test	(/home/koga/autobench_perf/src/autobench/bitmnp01_lite)
bitmnp01_lite	79697	[001]	2603484.386104	194188	cpu/event=0xC0,umask=0x00/u	40160b	t_run_test	(/home/koga/autobench_perf/src/autobench/bitmnp01_lite)
bitmnp01_lite	79697	[001]	2603484.386202	194299	cpu/event=0xC0,umask=0x00/u	400ae8	t_run_test	(/home/koga/autobench_perf/src/autobench/bitmnp01_lite)
bitmnp01_lite	79697	[001]	2603484.386306	194843	cpu/event=0xC0,umask=0x00/u	401095	t_run_test	(/home/koga/autobench_perf/src/autobench/bitmnp01_lite)
bitmnp01_lite	79697	[001]	2603484.386403	193928	cpu/event=0xC0,umask=0x00/u	401738	t_run_test	(/home/koga/autobench_perf/src/autobench/bitmnp01_lite)
bitmnp01_lite	79697	[001]	2603484.386505	194614	cpu/event=0xC0,umask=0x00/u	400cc4	t_run_test	(/home/koga/autobench_perf/src/autobench/bitmnp01_lite)
bitmnp01_lite	79697	[001]	2603484.386605	194149	cpu/event=0xC0,umask=0x00/u	4011f0	t_run_test	(/home/koga/autobench_perf/src/autobench/bitmnp01_lite)
bitmnp01_lite	79697	[001]	2603484.386696	194216	cpu/event=0xC0,umask=0x00/u	4011d4	t_run_test	(/home/koga/autobench_perf/src/autobench/bitmnp01_lite)
bitmnp01_lite	79697	[001]	2603484.386800	196513	cpu/event=0xC0,umask=0x00/u	401951	t_run_test	(/home/koga/autobench_perf/src/autobench/bitmnp01_lite)
bitmnp01_lite	79697	[001]	2603484.386904	195690	cpu/event=0xC0,umask=0x00/u	400b07	t_run_test	(/home/koga/autobench_perf/src/autobench/bitmnp01_lite)
bitmnp01_lite	79697	[001]	2603484.387006	194795	cpu/event=0xC0,umask=0x00/u	401153	t_run_test	(/home/koga/autobench_perf/src/autobench/bitmnp01_lite)
bitmnp01_lite	79697	[001]	2603484.387103	194246	cpu/event=0xC0,umask=0x00/u	4016a1	t_run_test	(/home/koga/autobench_perf/src/autobench/bitmnp01_lite)
bitmnp01_lite	79697	[001]	2603484.387198	195117	cpu/event=0xC0,umask=0x00/u	400c43	t_run_test	(/home/koga/autobench_perf/src/autobench/bitmnp01_lite)
bitmnp01_lite	79697	[001]	2603484.387297	196322	cpu/event=0xC0,umask=0x00/u	40121a	t_run_test	(/home/koga/autobench_perf/src/autobench/bitmnp01_lite)
bitmnp01_lite	79697	[001]	2603484.387397	196440	cpu/event=0xC0,umask=0x00/u	401799	t_run_test	(/home/koga/autobench_perf/src/autobench/bitmnp01_lite)
bitmnp01_lite	79697	[001]	2603484.387497	196619	cpu/event=0xC0,umask=0x00/u	400cfc	t_run_test	(/home/koga/autobench_perf/src/autobench/bitmnp01_lite)
bitmnp01_lite	79697	[001]	2603484.387600	196600	cpu/event=0xC0,umask=0x00/u	4013f7	t_run_test	(/home/koga/autobench_perf/src/autobench/bitmnp01_lite)
bitmnp01_lite	79697	[001]	2603484.387697	195799	cpu/event=0xC0,umask=0x00/u	40167a	t_run_test	(/home/koga/autobench_perf/src/autobench/bitmnp01_lite)
bitmnp01_lite	79697	[001]	2603484.387801	196591	cpu/event=0xC0,umask=0x00/u	40119b	t_run_test	(/home/koga/autobench_perf/src/autobench/bitmnp01_lite)
bitmnp01_lite	79697	[001]	2603484.387902	195654	cpu/event=0xC0,umask=0x00/u	401405	t_run_test	(/home/koga/autobench_perf/src/autobench/bitmnp01_lite)
bitmnp01_lite	79697	[001]	2603484.388001	195385	cpu/event=0xC0,umask=0x00/u	401700	t_run_test	(/home/koga/autobench_perf/src/autobench/bitmnp01_lite)
bitmnp01_lite	79697	[001]	2603484.388105	195604	cpu/event=0xC0,umask=0x00/u	4010cd	t_run_test	(/home/koga/autobench_perf/src/autobench/bitmnp01_lite)
bitmnp01_lite	79697	[001]	2603484.388202	194736	cpu/event=0xC0,umask=0x00/u	400fe0	t_run_test	(/home/koga/autobench_perf/src/autobench/bitmnp01_lite)
bitmnp01_lite	79697	[001]	2603484.388305	195577	cpu/event=0xC0,umask=0x00/u	400d0a	t_run_test	(/home/koga/autobench_perf/src/autobench/bitmnp01_lite)
bitmnp01_lite	79697	[001]	2603484.388405	194815	cpu/event=0xC0,umask=0x00/u	400cc4	t_run_test	(/home/koga/autobench_perf/src/autobench/bitmnp01_lite)
bitmnp01_lite	79697	[001]	2603484.388501	194832	cpu/event=0xC0,umask=0x00/u	401034	t_run_test	(/home/koga/autobench_perf/src/autobench/bitmnp01_lite)
bitmnp01_lite	79697	[001]	2603484.388606	195678	cpu/event=0xC0,umask=0x00/u	40197d	t_run_test	(/home/koga/autobench_perf/src/autobench/bitmnp01_lite)
bitmnp01_lite	79697	[001]	2603484.388704	194491	cpu/event=0xC0,umask=0x00/u	400ce0	t_run_test	(/home/koga/autobench_perf/src/autobench/bitmnp01_lite)
bitmnp01_lite	79697	[001]	2603484.388806	195129	cpu/event=0xC0,umask=0x00/u	4011e2	t_run_test	(/home/koga/autobench_perf/src/autobench/bitmnp01_lite)
bitmnp01_lite	79697	[001]	2603484.388906	194542	cpu/event=0xC0,umask=0x00/u	401577	t_run_test	(/home/koga/autobench_perf/src/autobench/bitmnp01_lite)
bitmnp01_lite	79697	[001]	2603484.388997	194546	cpu/event=0xC0,umask=0x00/u	400b70	t_run_test	(/home/koga/autobench_perf/src/autobench/bitmnp01_lite)
bitmnp01_lite	79697	[001]	2603484.389101	196999	cpu/event=0xC0,umask=0x00/u	4010a8	t_run_test	(/home/koga/autobench_perf/src/autobench/bitmnp01_lite)
bitmnp01_lite	79697	[001]	2603484.389217	195906	cpu/event=0xC0,umask=0x00/u	4015b4	t_run_test	(/home/koga/autobench_perf/src/autobench/bitmnp01_lite)
bitmnp01_lite	79697	[001]	2603484.389318	192618	cpu/event=0xC0,umask=0x00/u	400c43	t_run_test	(/home/koga/autobench_perf/src/autobench/bitmnp01_lite)
bitmnp01_lite	79697	[001]	2603484.389434	192252	cpu/event=0xC0,umask=0x00/u	401056	t_run_test	(/home/koga/autobench_perf/src/autobench/bitmnp01_lite)
bitmnp01_lite	79697	[001]	2603484.389522	188962	cpu/event=0xC0,umask=0x00/u	4011f0	t_run_test	(/home/koga/autobench_perf/src/autobench/bitmnp01_lite)
bitmnp01_lite	79697	[001]	2603484.389617	192059	cpu/event=0xC0,umask=0x00/u	4015cc	t_run_test	(/home/koga/autobench_perf/src/autobench/bitmnp01_lite)
bitmnp01_lite	79697	[001]	2603484.389709	193375	cpu/event=0xC0,umask=0x00/u	401759	t_run_test	(/home/koga/autobench_perf/src/autobench/bitmnp01_lite)
bitmnp01_lite	79697	[001]	2603484.389799	195657	cpu/event=0xC0,umask=0x00/u	400b02	t_run_test	(/home/koga/autobench_perf/src/autobench/bitmnp01_lite)
bitmnp01_lite	79697	[001]	2603484.389896	198120	cpu/event=0xC0,umask=0x00/u	4011f0	t_run_test	(/home/koga/autobench_perf/src/autobench/bitmnp01_lite)
bitmnp01_lite	79697	[001]	2603484.389988	198955	cpu/event=0xC0,umask=0x00/u	4015b4	t_run_test	(/home/koga/autobench_perf/src/autobench/bitmnp01_lite)
bitmnp01_lite	79697	[001]	2603484.390084	201276	cpu/event=0xC0,umask=0x00/u	4010ea	t_run_test	(/home/koga/autobench_perf/src/autobench/bitmnp01_lite)
bitmnp01_lite	79697	[001]	2603484.390180	202119	cpu/event=0xC0,umask=0x00/u	40172a	t_run_test	(/home/koga/autobench_perf/src/autobench/bitmnp01_lite)
bitmnp01_lite	79697	[001]	2603484.390274	203194	cpu/event=0xC0,umask=0x00/u	4011d4	t_run_test	(/home/koga/autobench_perf/src/autobench/bitmnp01_lite)
bitmnp01_lite	79697	[001]	2603484.390374	204818	cpu/event=0xC0,umask=0x00/u	400c40	t_run_test	(/home/koga/autobench_perf/src/autobench/bitmnp01_lite)
bitmnp01_lite	79697	[001]	2603484.390468	204878	cpu/event=0xC0,umask=0x00/u	40166d	t_run_test	(/home/koga/autobench_perf/src/autobench/bitmnp01_lite)
bitmnp01_lite	79697	[001]	2603484.390568	206485	cpu/event=0xC0,umask=0x00/u	4013f7	t_run_test	(/home/koga/autobench_perf/src/autobench/bitmnp01_lite)
bitmnp01_lite	79697	[001]	2603484.390664	206642	cpu/event=0xC0,umask=0x00/u	401153	t_run_test	(/home/koga/autobench_perf/src/autobench/bitmnp01_lite)
bitmnp01_lite	79697	[001]	2603484.390757	207565	cpu/event=0xC0,umask=0x00/u	400cfc	t_run_test	(/home/koga/autobench_perf/src/autobench/bitmnp01_lite)
bitmnp01_lite	79697	[001]	2603484.390864	209531	cpu/event=0xC0,umask=0x00/u	400c67	t_run_test	(/home/koga/autobench_perf/src/autobench/bitmnp01_lite)
bitmnp01_lite	79697	[001]	2603484.390959	207878	cpu/event=0xC0,umask=0x00/u	4016f2	t_run_test	(/home/koga/autobench_perf/src/autobench/bitmnp01_lite)
bitmnp01_lite	79697	[001]	2603484.391061	209257	cpu/event=0xC0,umask=0x00/u	401590	t_run_test	(/home/koga/autobench_perf/src/autobench/bitmnp01_lite)
bitmnp01_lite	79697	[001]	2603484.391156	208743	cpu/event=0xC0,umask=0x00/u	401469	t_run_test	(/home/koga/autobench_perf/src/autobench/bitmnp01_lite)
bitmnp01_lite	79697	[001]	2603484.391256	209924	cpu/event=0xC0,umask=0x00/u	40141b	t_run_test	(/home/koga/autobench_perf/src/autobench/bitmnp01_lite)
bitmnp01_lite	79697	[001]	2603484.391356	209907	cpu/event=0xC0,umask=0x00/u	4011fe	t_run_test	(/home/koga/autobench_perf/src/autobench/bitmnp01_lite)
bitmnp01_lite	79697	[001]	2603484.391446	209919	cpu/event=0xC0,umask=0x00/u	4011f0	t_run_test	(/home/koga/autobench_perf/src/autobench/bitmnp01_lite)
bitmnp01_lite	79697	[001]	2603484.391555	212907	cpu/event=0xC0,umask=0x00/u	4011ab	t_run_test	(/home/koga/autobench_perf/src/autobench/bitmnp01_lite)
bitmnp01_lite	79697	[001]	2603484.391648	210650	cpu/event=0xC0,umask=0x00/u	401235	t_run_test	(/home/koga/autobench_perf/src/autobench/bitmnp01_lite)
bitmnp01_lite	79697	[001]	2603484.391751	212890	cpu/event=0xC0,umask=0x00/u	401184	t_run_test	(/home/koga/autobench_perf/src/autobench/bitmnp01_lite)
bitmnp01_lite	79697	[001]	2603484.391855	212029	cpu/event=0xC0,umask=0x00/u	4011d4	t_run_test	(/home/koga/autobench_perf/src/autobench/bitmnp01_lite)
bitmnp01_lite	79697	[001]	2603484.391957	210929	cpu/event=0xC0,umask=0x00/u	4011f0	t_run_test	(/home/koga/autobench_perf/src/autobench/bitmnp01_lite)
bitmnp01_lite	79697	[001]	2603484.392058	210614	cpu/event=0xC0,umask=0x00/u	4011f0	t_run_test	(/home/koga/autobench_perf/src/autobench/bitmnp01_lite)
bitmnp01_lite	79697	[001]	2603484.392148	210269	cpu/event=0xC0,umask=0x00/u	40121a	t_run_test	(/home/koga/autobench_perf/src/autobench/bitmnp01_lite)
bitmnp01_lite	79697	[001]	2603484.392259	213146	cpu/event=0xC0,umask=0x00/u	401095	t_run_test	(/home/koga/autobench_perf/src/autobench/bitmnp01_lite)
bitmnp01_lite	79697	[001]	2603484.392357	210577	cpu/event=0xC0,umask=0x00/u	4010a8	t_run_test	(/home/koga/autobench_perf/src/autobench/bitmnp01_lite)
bitmnp01_lite	79697	[001]	2603484.392460	210963	cpu/event=0xC0,umask=0x00/u	4011b8	t_run_test	(/home/koga/autobench_perf/src/autobench/bitmnp01_lite)
bitmnp01_lite	79697	[001]	2603484.392554	210345	cpu/event=0xC0,umask=0x00/u	401139	t_run_test	(/home/koga/autobench_perf/src/autobench/bitmnp01_lite)
bitmnp01_lite	79697	[001]	2603484.392651	212054	cpu/event=0xC0,umask=0x00/u	401228	t_run_test	(/home/koga/autobench_perf/src/autobench/bitmnp01_lite)
bitmnp01_lite	79697	[001]	2603484.392755	212710	cpu/event=0xC0,umask=0x00/u	4011b8	t_run_test	(/home/koga/autobench_perf/src/autobench/bitmnp01_lite)
bitmnp01_lite	79697	[001]	2603484.392850	211807	cpu/event=0xC0,umask=0x00/u	40120c	t_run_test	(/home/koga/autobench_perf/src/autobench/bitmnp01_lite)
bitmnp01_lite	79697	[001]	2603484.392955	212998	cpu/event=0xC0,umask=0x00/u	40162d	t_run_test	(/home/koga/autobench_perf/src/autobench/bitmnp01_lite)
bitmnp01_lite	79697	[001]	2603484.393053	211789	cpu/event=0xC0,umask=0x00/u	401431	t_run_test	(/home/koga/autobench_perf/src/autobench/bitmnp01_lite)
bitmnp01_lite	79697	[001]	2603484.393155	212423	cpu/event=0xC0,umask=0x00/u	4016d6	t_run_test	(/home/koga/autobench_perf/src/autobench/bitmnp01_lite)
bitmnp01_lite	79697	[001]	2603484.393266	211403	cpu/event=0xC0,umask=0x00/u	4015b8	t_run_test	(/home/koga/autobench_perf/src/autobench/bitmnp01_lite)
bitmnp01_lite	79697	[001]	2603484.393362	208854	cpu/event=0xC0,umask=0x00/u	4016a1	t_run_test	(/home/koga/autobench_perf/src/autobench/bitmnp01_lite)
bitmnp01_lite	79697	[001]	2603484.393465	209867	cpu/event=0xC0,umask=0x00/u	401694	t_run_test	(/home/koga/autobench_perf/src/autobench/bitmnp01_lite)
bitmnp01_lite	79697	[001]	2603484.393556	209096	cpu/event=0xC0,umask=0x00/u	401235	t_run_test	(/home/koga/autobench_perf/src/autobench/bitmnp01_lite)
bitmnp01_lite	79697	[001]	2603484.393664	211741	cpu/event=0xC0,umask=0x00/u	401418	t_run_test	(/home/koga/autobench_perf/src/autobench/bitmnp01_lite)
bitmnp01_lite	79697	[001]	2603484.393762	209882	cpu/event=0xC0,umask=0x00/u	401228	t_run_test	(/home/koga/autobench_perf/src/autobench/bitmnp01_lite)
bitmnp01_lite	79697	[001]	2603484.393862	210227	cpu/event=0xC0,umask=0x00/u	4010ea	t_run_test	(/home/koga/autobench_perf/src/autobench/bitmnp01_lite)
bitmnp01_lite	79697	[001]	2603484.393957	210420	cpu/event=0xC0,umask=0x00/u	40111d	t_run_test	(/home/koga/autobench_perf/src/autobench/bitmnp01_lite)
bitmnp01_lite	79697	[001]	2603484.394052	211710	cpu/event=0xC0,umask=0x00/u	40110c	t_run_test	(/home/koga/autobench_perf/src/autobench/bitmnp01_lite)
bitmnp01_lite	79697	[001]	2603484.394152	213125	cpu/event=0xC0,umask=0x00/u	401034	t_run_test	(/home/koga/autobench_perf/src/autobench/bitmnp01_lite)
bitmnp01_lite	79697	[001]	2603484.394253	213108	cpu/event=0xC0,umask=0x00/u	401150	t_run_test	(/home/koga/autobench_perf/src/autobench/bitmnp01_lite)
bitmnp01_lite	79697	[001]	2603484.394351	212893	cpu/event=0xC0,umask=0x00/u	4016ae	t_run_test	(/home/koga/autobench_perf/src/autobench/bitmnp01_lite)
bitmnp01_lite	79697	[001]	2603484.394455	213233	cpu/event=0xC0,umask=0x00/u	4013f0	t_run_test	(/home/koga/autobench_perf/src/autobench/bitmnp01_lite)
bitmnp01_lite	79697	[001]	2603484.394550	212396	cpu/event=0xC0,umask=0x00/u	4016f2	t_run_test	(/home/koga/autobench_perf/src/autobench/bitmnp01_lite)
bitmnp01_lite	79697	[001]	2603484.394651	213821	cpu/event=0xC0,umask=0x00/u	4016bb	t_run_test	(/home/koga/autobench_perf/src/autobench/bitmnp01_lite)
bitmnp01_lite	79697	[001]	2603484.394746	213484	cpu/event=0xC0,umask=0x00/u	4016e4	t_run_test	(/home/koga/autobench_perf/src/autobench/bitmnp01_lite)
bitmnp01_lite	79697	[001]	2603484.394845	214853	cpu/event=0xC0,umask=0x00/u	400c74	t_run_test	(/home/koga/autobench_perf/src/autobench/bitmnp01_lite)
bitmnp01_lite	79697	[001]	2603484.394943	215059	cpu/event=0xC0,umask=0x00/u	400c43	t_run_test	(/home/koga/autobench_perf/src/autobench/bitmnp01_lite)
bitmnp01_lite	79697	[001]	2603484.395046	215695	cpu/event=0xC0,umask=0x00/u	40115d	t_run_test	(/home/koga/autobench_perf/src/autobench/bitmnp01_lite)
bitmnp01_lite	79697	[001]	2603484.395146	214976	cpu/event=0xC0,umask=0x00/u	40120c	t_run_test	(/home/koga/autobench_perf/src/autobench/bitmnp01_lite)
bitmnp01_lite	79697	[001]	2603484.395245	214953	cpu/event=0xC0,umask=0x00/u	40141b	t_run_test	(/home/koga/autobench_perf/src/autobench/bitmnp01_lite)
bitmnp01_lite	79697	[001]	2603484.395347	215062	cpu/event=0xC0,umask=0x00/u	4015d8	t_run_test	(/home/koga/autobench_perf/src/autobench/bitmnp01_lite)
bitmnp01_lite	79697	[001]	2603484.395439	214588	cpu/event=0xC0,umask=0x00/u	4015e9	t_run_test	(/home/koga/autobench_perf/src/autobench/bitmnp01_lite)
bitmnp01_lite	79697	[001]	2603484.395548	216971	cpu/event=0xC0,umask=0x00/u	400c67	t_run_test	(/home/koga/autobench_perf/src/autobench/bitmnp01_lite)
bitmnp01_lite	79697	[001]	2603484.395641	214729	cpu/event=0xC0,umask=0x00/u	400d48	t_run_test	(/home/koga/autobench_perf/src/autobench/bitmnp01_lite)
bitmnp01_lite	79697	[001]	2603484.395744	216776	cpu/event=0xC0,umask=0x00/u	401153	t_run_test	(/home/koga/autobench_perf/src/autobench/bitmnp01_lite)
bitmnp01_lite	79697	[001]	2603484.395843	215995	cpu/event=0xC0,umask=0x00/u	40162d	t_run_test	(/home/koga/autobench_perf/src/autobench/bitmnp01_lite)
bitmnp01_lite	79697	[001]	2603484.395943	216155	cpu/event=0xC0,umask=0x00/u	40193e	t_run_test	(/home/koga/autobench_perf/src/autobench/bitmnp01_lite)
bitmnp01_lite	79697	[001]	2603484.396045	216120	cpu/event=0xC0,umask=0x00/u	400d0a	t_run_test	(/home/koga/autobench_perf/src/autobench/bitmnp01_lite)
bitmnp01_lite	79697	[001]	2603484.396141	215701	cpu/event=0xC0,umask=0x00/u	400ca8	t_run_test	(/home/koga/autobench_perf/src/autobench/bitmnp01_lite)
bitmnp01_lite	79697	[001]	2603484.396245	216701	cpu/event=0xC0,umask=0x00/u	4015b8	t_run_test	(/home/koga/autobench_perf/src/autobench/bitmnp01_lite)
bitmnp01_lite	79697	[001]	2603484.396338	215718	cpu/event=0xC0,umask=0x00/u	4016e4	t_run_test	(/home/koga/autobench_perf/src/autobench/bitmnp01_lite)
bitmnp01_lite	79697	[001]	2603484.396441	217667	cpu/event=0xC0,umask=0x00/u	400b98	t_run_test	(/home/koga/autobench_perf/src/autobench/bitmnp01_lite)
bitmnp01_lite	79697	[001]	2603484.396541	216874	cpu/event=0xC0,umask=0x00/u	400b98	t_run_test	(/home/koga/autobench_perf/src/autobench/bitmnp01_lite)
bitmnp01_lite	79697	[001]	2603484.396642	216946	cpu/event=0xC0,umask=0x00/u	4011b8	t_run_test	(/home/koga/autobench_perf/src/autobench/bitmnp01_lite)
bitmnp01_lite	79697	[001]	2603484.396743	216722	cpu/event=0xC0,umask=0x00/u	401649	t_run_test	(/home/koga/autobench_perf/src/autobench/bitmnp01_lite)
bitmnp01_lite	79697	[001]	2603484.396840	216445	cpu/event=0xC0,umask=0x00/u	4016e4	t_run_test	(/home/koga/autobench_perf/src/autobench/bitmnp01_lite)
bitmnp01_lite	79697	[001]	2603484.396944	217369	cpu/event=0xC0,umask=0x00/u	400ee0	t_run_test	(/home/koga/autobench_perf/src/autobench/bitmnp01_lite)
bitmnp01_lite	79697	[001]	2603484.397041	216264	cpu/event=0xC0,umask=0x00/u	4010a8	t_run_test	(/home/koga/autobench_perf/src/autobench/bitmnp01_lite)
bitmnp01_lite	79697	[001]	2603484.397145	217140	cpu/event=0xC0,umask=0x00/u	4016ae	t_run_test	(/home/koga/autobench_perf/src/autobench/bitmnp01_lite)
bitmnp01_lite	79697	[001]	2603484.397254	215897	cpu/event=0xC0,umask=0x00/u	4016f2	t_run_test	(/home/koga/autobench_perf/src/autobench/bitmnp01_lite)
bitmnp01_lite	79697	[001]	2603484.397356	213720	cpu/event=0xC0,umask=0x00/u	400b85	t_run_test	(/home/koga/autobench_perf/src/autobench/bitmnp01_lite)
bitmnp01_lite	79697	[001]	2603484.397455	213181	cpu/event=0xC0,umask=0x00/u	400b70	t_run_test	(/home/koga/autobench_perf/src/autobench/bitmnp01_lite)
bitmnp01_lite	79697	[001]	2603484.397546	213361	cpu/event=0xC0,umask=0x00/u	400b94	t_run_test	(/home/koga/autobench_perf/src/autobench/bitmnp01_lite)
bitmnp01_lite	79697	[001]	2603484.397649	216094	cpu/event=0xC0,umask=0x00/u	4011c6	t_run_test	(/home/koga/autobench_perf/src/autobench/bitmnp01_lite)
bitmnp01_lite	79697	[001]	2603484.397746	215149	cpu/event=0xC0,umask=0x00/u	40116a	t_run_test	(/home/koga/autobench_perf/src/autobench/bitmnp01_lite)
bitmnp01_lite	79697	[001]	2603484.397850	215976	cpu/event=0xC0,umask=0x00/u	4015a5	t_run_test	(/home/koga/autobench_perf/src/autobench/bitmnp01_lite)
bitmnp01_lite	79697	[001]	2603484.397949	215101	cpu/event=0xC0,umask=0x00/u	4016bb	t_run_test	(/home/koga/autobench_perf/src/autobench/bitmnp01_lite)
bitmnp01_lite	79697	[001]	2603484.398050	215300	cpu/event=0xC0,umask=0x00/u	400c67	t_run_test	(/home/koga/autobench_perf/src/autobench/bitmnp01_lite)
bitmnp01_lite	79697	[001]	2603484.398151	215119	cpu/event=0xC0,umask=0x00/u	40119e	t_run_test	(/home/koga/autobench_perf/src/autobench/bitmnp01_lite)
bitmnp01_lite	79697	[001]	2603484.398247	214847	cpu/event=0xC0,umask=0x00/u	400ff8	t_run_test	(/home/koga/autobench_perf/src/autobench/bitmnp01_lite)
bitmnp01_lite	79697	[001]	2603484.398352	215814	cpu/event=0xC0,umask=0x00/u	40178c	t_run_test	(/home/koga/autobench_perf/src/autobench/bitmnp01_lite)
bitmnp01_lite	79697	[001]	2603484.398449	214668	cpu/event=0xC0,umask=0x00/u	4016e4	t_run_test	(/home/koga/autobench_perf/src/autobench/bitmnp01_lite)
bitmnp01_lite	79697	[001]	2603484.398552	215450	cpu/event=0xC0,umask=0x00/u	400bce	t_run_test	(/home/koga/autobench_perf/src/autobench/bitmnp01_lite)
bitmnp01_lite	79697	[001]	2603484.398651	214591	cpu/event=0xC0,umask=0x00/u	400beb	t_run_test	(/home/koga/autobench_perf/src/autobench/bitmnp01_lite)
bitmnp01_lite	79697	[001]	2603484.398753	214958	cpu/event=0xC0,umask=0x00/u	401150	t_run_test	(/home/koga/autobench_perf/src/autobench/bitmnp01_lite)
bitmnp01_lite	79697	[001]	2603484.398854	214446	cpu/event=0xC0,umask=0x00/u	401150	t_run_test	(/home/koga/autobench_perf/src/autobench/bitmnp01_lite)
bitmnp01_lite	79697	[001]	2603484.398950	214197	cpu/event=0xC0,umask=0x00/u	40119e	t_run_test	(/home/koga/autobench_perf/src/autobench/bitmnp01_lite)
bitmnp01_lite	79697	[001]	2603484.399054	215139	cpu/event=0xC0,umask=0x00/u	4015fa	t_run_test	(/home/koga/autobench_perf/src/autobench/bitmnp01_lite)
bitmnp01_lite	79697	[001]	2603484.399150	214326	cpu/event=0xC0,umask=0x00/u	4016d6	t_run_test	(/home/koga/autobench_perf/src/autobench/bitmnp01_lite)
bitmnp01_lite	79697	[001]	2603484.399254	215215	cpu/event=0xC0,umask=0x00/u	400cee	t_run_test	(/home/koga/autobench_perf/src/autobench/bitmnp01_lite)
bitmnp01_lite	79697	[001]	2603484.399352	214367	cpu/event=0xC0,umask=0x00/u	400b24	t_run_test	(/home/koga/autobench_perf/src/autobench/bitmnp01_lite)
bitmnp01_lite	79697	[001]	2603484.399452	214888	cpu/event=0xC0,umask=0x00/u	4011d4	t_run_test	(/home/koga/autobench_perf/src/autobench/bitmnp01_lite)
bitmnp01_lite	79697	[001]	2603484.399552	214753	cpu/event=0xC0,umask=0x00/u	4010a8	t_run_test	(/home/koga/autobench_perf/src/autobench/bitmnp01_lite)
bitmnp01_lite	79697	[001]	2603484.399645	214798	cpu/event=0xC0,umask=0x00/u	401080	t_run_test	(/home/koga/autobench_perf/src/autobench/bitmnp01_lite)
bitmnp01_lite	79697	[001]	2603484.399751	216961	cpu/event=0xC0,umask=0x00/u	401694	t_run_test	(/home/koga/autobench_perf/src/autobench/bitmnp01_lite)
bitmnp01_lite	79697	[001]	2603484.399844	215216	cpu/event=0xC0,umask=0x00/u	401522	t_run_test	(/home/koga/autobench_perf/src/autobench/bitmnp01_lite)
bitmnp01_lite	79697	[001]	2603484.399947	217362	cpu/event=0xC0,umask=0x00/u	400c5a	t_run_test	(/home/koga/autobench_perf/src/autobench/bitmnp01_lite)
bitmnp01_lite	79697	[001]	2603484.400045	216512	cpu/event=0xC0,umask=0x00/u	401153	t_run_test	(/home/koga/autobench_perf/src/autobench/bitmnp01_lite)
bitmnp01_lite	79697	[001]	2603484.400147	217129	cpu/event=0xC0,umask=0x00/u	401700	t_run_test	(/home/koga/autobench_perf/src/autobench/bitmnp01_lite)
bitmnp01_lite	79697	[001]	2603484.400248	216568	cpu/event=0xC0,umask=0x00/u	401577	t_run_test	(/home/koga/autobench_perf/src/autobench/bitmnp01_lite)
bitmnp01_lite	79697	[001]	2603484.400346	216456	cpu/event=0xC0,umask=0x00/u	400cc4	t_run_test	(/home/koga/autobench_perf/src/autobench/bitmnp01_lite)
bitmnp01_lite	79697	[001]	2603484.400449	216914	cpu/event=0xC0,umask=0x00/u	4010a8	t_run_test	(/home/koga/autobench_perf/src/autobench/bitmnp01_lite)
bitmnp01_lite	79697	[001]	2603484.400547	216090	cpu/event=0xC0,umask=0x00/u	40121a	t_run_test	(/home/koga/autobench_perf/src/autobench/bitmnp01_lite)
bitmnp01_lite	79697	[001]	2603484.400650	216766	cpu/event=0xC0,umask=0x00/u	4016c8	t_run_test	(/home/koga/autobench_perf/src/autobench/bitmnp01_lite)
bitmnp01_lite	79697	[001]	2603484.400748	215930	cpu/event=0xC0,umask=0x00/u	40192b	t_run_test	(/home/koga/autobench_perf/src/autobench/bitmnp01_lite)
bitmnp01_lite	79697	[001]	2603484.400851	216318	cpu/event=0xC0,umask=0x00/u	400f37	t_run_test	(/home/koga/autobench_perf/src/autobench/bitmnp01_lite)
bitmnp01_lite	79697	[001]	2603484.400951	215716	cpu/event=0xC0,umask=0x00/u	4011d4	t_run_test	(/home/koga/autobench_perf/src/autobench/bitmnp01_lite)
bitmnp01_lite	79697	[001]	2603484.401050	215584	cpu/event=0xC0,umask=0x00/u	4016bb	t_run_test	(/home/koga/autobench_perf/src/autobench/bitmnp01_lite)
bitmnp01_lite	79697	[001]	2603484.401153	215802	cpu/event=0xC0,umask=0x00/u	401577	t_run_test	(/home/koga/autobench_perf/src/autobench/bitmnp01_lite)
bitmnp01_lite	79697	[001]	2603484.401263	215250	cpu/event=0xC0,umask=0x00/u	4016ae	t_run_test	(/home/koga/autobench_perf/src/autobench/bitmnp01_lite)
bitmnp01_lite	79697	[001]	2603484.401368	212623	cpu/event=0xC0,umask=0x00/u	4010cd	t_run_test	(/home/koga/autobench_perf/src/autobench/bitmnp01_lite)
bitmnp01_lite	79697	[001]	2603484.401466	211410	cpu/event=0xC0,umask=0x00/u	400c29	t_run_test	(/home/koga/autobench_perf/src/autobench/bitmnp01_lite)
bitmnp01_lite	79697	[001]	2603484.401578	212042	cpu/event=0xC0,umask=0x00/u	401017	t_run_test	(/home/koga/autobench_perf/src/autobench/bitmnp01_lite)
bitmnp01_lite	79697	[001]	2603484.401671	209087	cpu/event=0xC0,umask=0x00/u	400f00	t_run_test	(/home/koga/autobench_perf/src/autobench/bitmnp01_lite)
bitmnp01_lite	79697	[001]	2603484.401760	211205	cpu/event=0xC0,umask=0x00/u	400c5a	t_run_test	(/home/koga/autobench_perf/src/autobench/bitmnp01_lite)
bitmnp01_lite	79697	[001]	2603484.401855	214492	cpu/event=0xC0,umask=0x00/u	400ef5	t_run_test	(/home/koga/autobench_perf/src/autobench/bitmnp01_lite)
bitmnp01_lite	79697	[001]	2603484.401940	215973	cpu/event=0xC0,umask=0x00/u	400c67	t_run_test	(/home/koga/autobench_perf/src/autobench/bitmnp01_lite)
bitmnp01_lite	79697	[001]	2603484.402037	220517	cpu/event=0xC0,umask=0x00/u	401694	t_run_test	(/home/koga/autobench_perf/src/autobench/bitmnp01_lite)
bitmnp01_lite	79697	[001]	2603484.402135	221410	cpu/event=0xC0,umask=0x00/u	4016f2	t_run_test	(/home/koga/autobench_perf/src/autobench/bitmnp01_lite)
bitmnp01_lite	79697	[001]	2603484.402233	221907	cpu/event=0xC0,umask=0x00/u	401262	t_run_test	(/home/koga/autobench_perf/src/autobench/bitmnp01_lite)
bitmnp01_lite	79697	[001]	2603484.402329	222561	cpu/event=0xC0,umask=0x00/u	40166d	t_run_test	(/home/koga/autobench_perf/src/autobench/bitmnp01_lite)
bitmnp01_lite	79697	[001]	2603484.402424	223846	cpu/event=0xC0,umask=0x00/u	401191	t_run_test	(/home/koga/autobench_perf/src/autobench/bitmnp01_lite)
bitmnp01_lite	79697	[001]	2603484.402518	225053	cpu/event=0xC0,umask=0x00/u	401590	t_run_test	(/home/koga/autobench_perf/src/autobench/bitmnp01_lite)
bitmnp01_lite	79697	[001]	2603484.402611	226955	cpu/event=0xC0,umask=0x00/u	4011c6	t_run_test	(/home/koga/autobench_perf/src/autobench/bitmnp01_lite)
bitmnp01_lite	79697	[001]	2603484.402713	229065	cpu/event=0xC0,umask=0x00/u	400bc9	t_run_test	(/home/koga/autobench_perf/src/autobench/bitmnp01_lite)
bitmnp01_lite	79697	[001]	2603484.402809	228523	cpu/event=0xC0,umask=0x00/u	4016ae	t_run_test	(/home/koga/autobench_perf/src/autobench/bitmnp01_lite)
bitmnp01_lite	79697	[001]	2603484.402906	229871	cpu/event=0xC0,umask=0x00/u	4015a5	t_run_test	(/home/koga/autobench_perf/src/autobench/bitmnp01_lite)
bitmnp01_lite	79697	[001]	2603484.403007	230481	cpu/event=0xC0,umask=0x00/u	400f59	t_run_test	(/home/koga/autobench_perf/src/autobench/bitmnp01_lite)
bitmnp01_lite	79697	[001]	2603484.403104	230399	cpu/event=0xC0,umask=0x00/u	401211	t_run_test	(/home/koga/autobench_perf/src/autobench/bitmnp01_lite)
bitmnp01_lite	79697	[001]	2603484.403201	231351	cpu/event=0xC0,umask=0x00/u	400c40	t_run_test	(/home/koga/autobench_perf/src/autobench/bitmnp01_lite)
bitmnp01_lite	79697	[001]	2603484.403302	232161	cpu/event=0xC0,umask=0x00/u	401979	t_run_test	(/home/koga/autobench_perf/src/autobench/bitmnp01_lite)
bitmnp01_lite	79697	[001]	2603484.403421	231907	cpu/event=0xC0,umask=0x00/u	401dce	Calc_crc32	(/home/koga/autobench_perf/src/autobench/bitmnp01_lite)
