canrdr01_lite	81682	[005]	2603727.888965	1	cpu/event=0x3C,umask=0x00/u	7fa0faa9cc30	_start	(/lib/x86_64-linux-gnu/ld-2.23.so)
canrdr01_lite	81682	[005]	2603727.888974	1	cpu/event=0x3C,umask=0x00/u	7fa0faa9cc30	_start	(/lib/x86_64-linux-gnu/ld-2.23.so)
canrdr01_lite	81682	[005]	2603727.888982	3	cpu/event=0x3C,umask=0x00/u	7fa0faa9cc30	_start	(/lib/x86_64-linux-gnu/ld-2.23.so)
canrdr01_lite	81682	[005]	2603727.888988	8	cpu/event=0x3C,umask=0x00/u	7fa0faa9cc30	_start	(/lib/x86_64-linux-gnu/ld-2.23.so)
canrdr01_lite	81682	[005]	2603727.888994	24	cpu/event=0x3C,umask=0x00/u	7fa0faa9cc30	_start	(/lib/x86_64-linux-gnu/ld-2.23.so)
canrdr01_lite	81682	[005]	2603727.888999	68	cpu/event=0x3C,umask=0x00/u	7fa0faa9cc30	_start	(/lib/x86_64-linux-gnu/ld-2.23.so)
canrdr01_lite	81682	[005]	2603727.889006	232	cpu/event=0x3C,umask=0x00/u	7fa0faa9cc30	_start	(/lib/x86_64-linux-gnu/ld-2.23.so)
canrdr01_lite	81682	[005]	2603727.889013	600	cpu/event=0x3C,umask=0x00/u	ffffffff8186d5d0	page_fault	([kernel.kallsyms])
canrdr01_lite	81682	[005]	2603727.889026	1707	cpu/event=0x3C,umask=0x00/u	7fa0faa9d9b0	_dl_start	(/lib/x86_64-linux-gnu/ld-2.23.so)
canrdr01_lite	81682	[005]	2603727.889051	3150	cpu/event=0x3C,umask=0x00/u	7fa0faa9d9d6	_dl_start	(/lib/x86_64-linux-gnu/ld-2.23.so)
canrdr01_lite	81682	[005]	2603727.889084	4342	cpu/event=0x3C,umask=0x00/u	7fa0faa9da53	_dl_start	(/lib/x86_64-linux-gnu/ld-2.23.so)
canrdr01_lite	81682	[005]	2603727.889126	5440	cpu/event=0x3C,umask=0x00/u	7fa0faa9dd47	_dl_start	(/lib/x86_64-linux-gnu/ld-2.23.so)
canrdr01_lite	81682	[005]	2603727.889165	6365	cpu/event=0x3C,umask=0x00/u	7fa0faab56e0	_dl_sysdep_start	(/lib/x86_64-linux-gnu/ld-2.23.so)
canrdr01_lite	81682	[005]	2603727.889194	7628	cpu/event=0x3C,umask=0x00/u	7fa0faaa7cd3	_dl_new_object	(/lib/x86_64-linux-gnu/ld-2.23.so)
canrdr01_lite	81682	[005]	2603727.889237	9947	cpu/event=0x3C,umask=0x00/u	7fa0faa9eaf2	dl_main	(/lib/x86_64-linux-gnu/ld-2.23.so)
canrdr01_lite	81682	[005]	2603727.889289	11608	cpu/event=0x3C,umask=0x00/u	7fa0faaaaf92	_dl_map_object_deps	(/lib/x86_64-linux-gnu/ld-2.23.so)
canrdr01_lite	81682	[005]	2603727.889354	12910	cpu/event=0x3C,umask=0x00/u	7fa0faaa18f0	open_verify.constprop.7	(/lib/x86_64-linux-gnu/ld-2.23.so)
canrdr01_lite	81682	[005]	2603727.889451	13802	cpu/event=0x3C,umask=0x00/u	7fa0faab7ad8	strcmp	(/lib/x86_64-linux-gnu/ld-2.23.so)
canrdr01_lite	81682	[005]	2603727.889556	13848	cpu/event=0x3C,umask=0x00/u	7fa0faab7ac1	strcmp	(/lib/x86_64-linux-gnu/ld-2.23.so)
canrdr01_lite	81682	[005]	2603727.889607	13776	cpu/event=0x3C,umask=0x00/u	7fa0faaadb1f	match_symbol	(/lib/x86_64-linux-gnu/ld-2.23.so)
canrdr01_lite	81682	[005]	2603727.889676	15407	cpu/event=0x3C,umask=0x00/u	7fa0faaa8633	_dl_relocate_object	(/lib/x86_64-linux-gnu/ld-2.23.so)
canrdr01_lite	81682	[005]	2603727.889737	16279	cpu/event=0x3C,umask=0x00/u	7fa0faab8ec8	strcmp	(/lib/x86_64-linux-gnu/ld-2.23.so)
canrdr01_lite	81682	[005]	2603727.889778	17543	cpu/event=0x3C,umask=0x00/u	7fa0faab8ec4	strcmp	(/lib/x86_64-linux-gnu/ld-2.23.so)
canrdr01_lite	81682	[005]	2603727.889811	20746	cpu/event=0x3C,umask=0x00/u	7fa0faaa65ad	do_lookup_x	(/lib/x86_64-linux-gnu/ld-2.23.so)
canrdr01_lite	81682	[005]	2603727.889872	26085	cpu/event=0x3C,umask=0x00/u	7fa0faaa6635	do_lookup_x	(/lib/x86_64-linux-gnu/ld-2.23.so)
canrdr01_lite	81682	[005]	2603727.889978	28169	cpu/event=0x3C,umask=0x00/u	7fa0fa3e95fc	_init	(/lib/x86_64-linux-gnu/libc-2.23.so)
canrdr01_lite	81682	[005]	2603727.890044	27954	cpu/event=0x3C,umask=0x00/u	7fa0fa50c364	_dl_addr	(/lib/x86_64-linux-gnu/libc-2.23.so)
canrdr01_lite	81682	[005]	2603727.890091	29749	cpu/event=0x3C,umask=0x00/u	7fa0fa50c364	_dl_addr	(/lib/x86_64-linux-gnu/libc-2.23.so)
canrdr01_lite	81682	[005]	2603727.890134	34064	cpu/event=0x3C,umask=0x00/u	7fa0fa50c360	_dl_addr	(/lib/x86_64-linux-gnu/libc-2.23.so)
canrdr01_lite	81682	[005]	2603727.890211	39712	cpu/event=0x3C,umask=0x00/u	400ea8	t_run_test	(/home/koga/autobench_perf/src/autobench/canrdr01_lite)
canrdr01_lite	81682	[005]	2603727.890286	41183	cpu/event=0x3C,umask=0x00/u	4010d2	t_run_test	(/home/koga/autobench_perf/src/autobench/canrdr01_lite)
canrdr01_lite	81682	[005]	2603727.890353	42905	cpu/event=0x3C,umask=0x00/u	400a4f	t_run_test	(/home/koga/autobench_perf/src/autobench/canrdr01_lite)
canrdr01_lite	81682	[005]	2603727.890407	45563	cpu/event=0x3C,umask=0x00/u	400f41	t_run_test	(/home/koga/autobench_perf/src/autobench/canrdr01_lite)
canrdr01_lite	81682	[005]	2603727.890469	50325	cpu/event=0x3C,umask=0x00/u	400e30	t_run_test	(/home/koga/autobench_perf/src/autobench/canrdr01_lite)
canrdr01_lite	81682	[005]	2603727.890534	54268	cpu/event=0x3C,umask=0x00/u	400ea8	t_run_test	(/home/koga/autobench_perf/src/autobench/canrdr01_lite)
canrdr01_lite	81682	[005]	2603727.890598	57854	cpu/event=0x3C,umask=0x00/u	400f41	t_run_test	(/home/koga/autobench_perf/src/autobench/canrdr01_lite)
canrdr01_lite	81682	[005]	2603727.890665	61938	cpu/event=0x3C,umask=0x00/u	400f41	t_run_test	(/home/koga/autobench_perf/src/autobench/canrdr01_lite)
canrdr01_lite	81682	[005]	2603727.890735	65747	cpu/event=0x3C,umask=0x00/u	400ea8	t_run_test	(/home/koga/autobench_perf/src/autobench/canrdr01_lite)
canrdr01_lite	81682	[005]	2603727.890813	69217	cpu/event=0x3C,umask=0x00/u	400ea8	t_run_test	(/home/koga/autobench_perf/src/autobench/canrdr01_lite)
canrdr01_lite	81682	[005]	2603727.890890	71628	cpu/event=0x3C,umask=0x00/u	400ea8	t_run_test	(/home/koga/autobench_perf/src/autobench/canrdr01_lite)
canrdr01_lite	81682	[005]	2603727.890969	74362	cpu/event=0x3C,umask=0x00/u	400ea8	t_run_test	(/home/koga/autobench_perf/src/autobench/canrdr01_lite)
canrdr01_lite	81682	[005]	2603727.891054	76895	cpu/event=0x3C,umask=0x00/u	400dc0	t_run_test	(/home/koga/autobench_perf/src/autobench/canrdr01_lite)
canrdr01_lite	81682	[005]	2603727.891138	78497	cpu/event=0x3C,umask=0x00/u	400c32	t_run_test	(/home/koga/autobench_perf/src/autobench/canrdr01_lite)
canrdr01_lite	81682	[005]	2603727.891227	80477	cpu/event=0x3C,umask=0x00/u	4008a0	GetInputValues	(/home/koga/autobench_perf/src/autobench/canrdr01_lite)
canrdr01_lite	81682	[005]	2603727.891313	81706	cpu/event=0x3C,umask=0x00/u	4010c8	t_run_test	(/home/koga/autobench_perf/src/autobench/canrdr01_lite)
canrdr01_lite	81682	[005]	2603727.891405	83343	cpu/event=0x3C,umask=0x00/u	400ee7	t_run_test	(/home/koga/autobench_perf/src/autobench/canrdr01_lite)
canrdr01_lite	81682	[005]	2603727.891493	84270	cpu/event=0x3C,umask=0x00/u	400f41	t_run_test	(/home/koga/autobench_perf/src/autobench/canrdr01_lite)
canrdr01_lite	81682	[005]	2603727.891587	85656	cpu/event=0x3C,umask=0x00/u	400b31	t_run_test	(/home/koga/autobench_perf/src/autobench/canrdr01_lite)
canrdr01_lite	81682	[005]	2603727.891677	86364	cpu/event=0x3C,umask=0x00/u	400f4d	t_run_test	(/home/koga/autobench_perf/src/autobench/canrdr01_lite)
canrdr01_lite	81682	[005]	2603727.891773	87507	cpu/event=0x3C,umask=0x00/u	4010c8	t_run_test	(/home/koga/autobench_perf/src/autobench/canrdr01_lite)
canrdr01_lite	81682	[005]	2603727.891870	88005	cpu/event=0x3C,umask=0x00/u	400f41	t_run_test	(/home/koga/autobench_perf/src/autobench/canrdr01_lite)
canrdr01_lite	81682	[005]	2603727.891985	82966	cpu/event=0x3C,umask=0x00/u	400d83	t_run_test	(/home/koga/autobench_perf/src/autobench/canrdr01_lite)
canrdr01_lite	81682	[005]	2603727.892078	81619	cpu/event=0x3C,umask=0x00/u	4008b3	GetInputValues	(/home/koga/autobench_perf/src/autobench/canrdr01_lite)
canrdr01_lite	81682	[005]	2603727.892170	82307	cpu/event=0x3C,umask=0x00/u	400f41	t_run_test	(/home/koga/autobench_perf/src/autobench/canrdr01_lite)
canrdr01_lite	81682	[005]	2603727.892258	83230	cpu/event=0x3C,umask=0x00/u	400ea8	t_run_test	(/home/koga/autobench_perf/src/autobench/canrdr01_lite)
canrdr01_lite	81682	[005]	2603727.892351	84696	cpu/event=0x3C,umask=0x00/u	400aa2	t_run_test	(/home/koga/autobench_perf/src/autobench/canrdr01_lite)
canrdr01_lite	81682	[005]	2603727.892445	85510	cpu/event=0x3C,umask=0x00/u	400f1d	t_run_test	(/home/koga/autobench_perf/src/autobench/canrdr01_lite)
canrdr01_lite	81682	[005]	2603727.892540	86177	cpu/event=0x3C,umask=0x00/u	4008b7	GetInputValues	(/home/koga/autobench_perf/src/autobench/canrdr01_lite)
canrdr01_lite	81682	[005]	2603727.892635	86768	cpu/event=0x3C,umask=0x00/u	400ea8	t_run_test	(/home/koga/autobench_perf/src/autobench/canrdr01_lite)
canrdr01_lite	81682	[005]	2603727.892726	87250	cpu/event=0x3C,umask=0x00/u	4008a0	GetInputValues	(/home/koga/autobench_perf/src/autobench/canrdr01_lite)
canrdr01_lite	81682	[005]	2603727.892823	88299	cpu/event=0x3C,umask=0x00/u	400dee	t_run_test	(/home/koga/autobench_perf/src/autobench/canrdr01_lite)
canrdr01_lite	81682	[005]	2603727.892920	88726	cpu/event=0x3C,umask=0x00/u	400c32	t_run_test	(/home/koga/autobench_perf/src/autobench/canrdr01_lite)
canrdr01_lite	81682	[005]	2603727.893018	89042	cpu/event=0x3C,umask=0x00/u	4008b7	GetInputValues	(/home/koga/autobench_perf/src/autobench/canrdr01_lite)
canrdr01_lite	81682	[005]	2603727.893120	89301	cpu/event=0x3C,umask=0x00/u	4008b3	GetInputValues	(/home/koga/autobench_perf/src/autobench/canrdr01_lite)
canrdr01_lite	81682	[005]	2603727.893214	89036	cpu/event=0x3C,umask=0x00/u	400a95	t_run_test	(/home/koga/autobench_perf/src/autobench/canrdr01_lite)
canrdr01_lite	81682	[005]	2603727.893312	89824	cpu/event=0x3C,umask=0x00/u	4008c3	GetInputValues	(/home/koga/autobench_perf/src/autobench/canrdr01_lite)
canrdr01_lite	81682	[005]	2603727.893410	90059	cpu/event=0x3C,umask=0x00/u	4011d8	t_run_test	(/home/koga/autobench_perf/src/autobench/canrdr01_lite)
canrdr01_lite	81682	[005]	2603727.893509	90230	cpu/event=0x3C,umask=0x00/u	400a7f	t_run_test	(/home/koga/autobench_perf/src/autobench/canrdr01_lite)
canrdr01_lite	81682	[005]	2603727.893604	90372	cpu/event=0x3C,umask=0x00/u	400dee	t_run_test	(/home/koga/autobench_perf/src/autobench/canrdr01_lite)
canrdr01_lite	81682	[005]	2603727.893703	90957	cpu/event=0x3C,umask=0x00/u	401264	t_run_test	(/home/koga/autobench_perf/src/autobench/canrdr01_lite)
canrdr01_lite	81682	[005]	2603727.893798	91056	cpu/event=0x3C,umask=0x00/u	4008b3	GetInputValues	(/home/koga/autobench_perf/src/autobench/canrdr01_lite)
canrdr01_lite	81682	[005]	2603727.893902	91696	cpu/event=0x3C,umask=0x00/u	4011dd	t_run_test	(/home/koga/autobench_perf/src/autobench/canrdr01_lite)
canrdr01_lite	81682	[005]	2603727.893997	91239	cpu/event=0x3C,umask=0x00/u	400ea8	t_run_test	(/home/koga/autobench_perf/src/autobench/canrdr01_lite)
canrdr01_lite	81682	[005]	2603727.894097	91789	cpu/event=0x3C,umask=0x00/u	4008a0	GetInputValues	(/home/koga/autobench_perf/src/autobench/canrdr01_lite)
canrdr01_lite	81682	[005]	2603727.894197	91796	cpu/event=0x3C,umask=0x00/u	400f41	t_run_test	(/home/koga/autobench_perf/src/autobench/canrdr01_lite)
canrdr01_lite	81682	[005]	2603727.894298	91783	cpu/event=0x3C,umask=0x00/u	400e24	t_run_test	(/home/koga/autobench_perf/src/autobench/canrdr01_lite)
canrdr01_lite	81682	[005]	2603727.894398	91762	cpu/event=0x3C,umask=0x00/u	4011d8	t_run_test	(/home/koga/autobench_perf/src/autobench/canrdr01_lite)
canrdr01_lite	81682	[005]	2603727.894498	91752	cpu/event=0x3C,umask=0x00/u	400d69	t_run_test	(/home/koga/autobench_perf/src/autobench/canrdr01_lite)
canrdr01_lite	81682	[005]	2603727.894598	91731	cpu/event=0x3C,umask=0x00/u	40145c	t_run_test	(/home/koga/autobench_perf/src/autobench/canrdr01_lite)
canrdr01_lite	81682	[005]	2603727.894698	91721	cpu/event=0x3C,umask=0x00/u	400ea0	t_run_test	(/home/koga/autobench_perf/src/autobench/canrdr01_lite)
canrdr01_lite	81682	[005]	2603727.894798	91718	cpu/event=0x3C,umask=0x00/u	400e57	t_run_test	(/home/koga/autobench_perf/src/autobench/canrdr01_lite)
canrdr01_lite	81682	[005]	2603727.894898	91708	cpu/event=0x3C,umask=0x00/u	4008c3	GetInputValues	(/home/koga/autobench_perf/src/autobench/canrdr01_lite)
canrdr01_lite	81682	[005]	2603727.894998	91719	cpu/event=0x3C,umask=0x00/u	400f41	t_run_test	(/home/koga/autobench_perf/src/autobench/canrdr01_lite)
canrdr01_lite	81682	[005]	2603727.895098	91705	cpu/event=0x3C,umask=0x00/u	400f41	t_run_test	(/home/koga/autobench_perf/src/autobench/canrdr01_lite)
canrdr01_lite	81682	[005]	2603727.895198	91704	cpu/event=0x3C,umask=0x00/u	400f41	t_run_test	(/home/koga/autobench_perf/src/autobench/canrdr01_lite)
canrdr01_lite	81682	[005]	2603727.895299	91685	cpu/event=0x3C,umask=0x00/u	400a7f	t_run_test	(/home/koga/autobench_perf/src/autobench/canrdr01_lite)
canrdr01_lite	81682	[005]	2603727.895395	91579	cpu/event=0x3C,umask=0x00/u	4008b7	GetInputValues	(/home/koga/autobench_perf/src/autobench/canrdr01_lite)
canrdr01_lite	81682	[005]	2603727.895495	92096	cpu/event=0x3C,umask=0x00/u	400a20	t_run_test	(/home/koga/autobench_perf/src/autobench/canrdr01_lite)
canrdr01_lite	81682	[005]	2603727.895596	92073	cpu/event=0x3C,umask=0x00/u	4008de	GetInputValues	(/home/koga/autobench_perf/src/autobench/canrdr01_lite)
canrdr01_lite	81682	[005]	2603727.895696	92021	cpu/event=0x3C,umask=0x00/u	400dcc	t_run_test	(/home/koga/autobench_perf/src/autobench/canrdr01_lite)
canrdr01_lite	81682	[005]	2603727.895796	91978	cpu/event=0x3C,umask=0x00/u	400ea8	t_run_test	(/home/koga/autobench_perf/src/autobench/canrdr01_lite)
canrdr01_lite	81682	[005]	2603727.895897	91936	cpu/event=0x3C,umask=0x00/u	400e42	t_run_test	(/home/koga/autobench_perf/src/autobench/canrdr01_lite)
canrdr01_lite	81682	[005]	2603727.896013	91795	cpu/event=0x3C,umask=0x00/u	400aa2	t_run_test	(/home/koga/autobench_perf/src/autobench/canrdr01_lite)
canrdr01_lite	81682	[005]	2603727.896113	90213	cpu/event=0x3C,umask=0x00/u	4008b7	GetInputValues	(/home/koga/autobench_perf/src/autobench/canrdr01_lite)
canrdr01_lite	81682	[005]	2603727.896212	90175	cpu/event=0x3C,umask=0x00/u	400b3d	t_run_test	(/home/koga/autobench_perf/src/autobench/canrdr01_lite)
canrdr01_lite	81682	[005]	2603727.896311	90297	cpu/event=0x3C,umask=0x00/u	400f41	t_run_test	(/home/koga/autobench_perf/src/autobench/canrdr01_lite)
canrdr01_lite	81682	[005]	2603727.896410	90433	cpu/event=0x3C,umask=0x00/u	400bb8	t_run_test	(/home/koga/autobench_perf/src/autobench/canrdr01_lite)
canrdr01_lite	81682	[005]	2603727.896509	90544	cpu/event=0x3C,umask=0x00/u	400c22	t_run_test	(/home/koga/autobench_perf/src/autobench/canrdr01_lite)
canrdr01_lite	81682	[005]	2603727.896608	90662	cpu/event=0x3C,umask=0x00/u	4008b7	GetInputValues	(/home/koga/autobench_perf/src/autobench/canrdr01_lite)
canrdr01_lite	81682	[005]	2603727.896707	90761	cpu/event=0x3C,umask=0x00/u	400d69	t_run_test	(/home/koga/autobench_perf/src/autobench/canrdr01_lite)
canrdr01_lite	81682	[005]	2603727.896807	90829	cpu/event=0x3C,umask=0x00/u	400d60	t_run_test	(/home/koga/autobench_perf/src/autobench/canrdr01_lite)
canrdr01_lite	81682	[005]	2603727.896903	90910	cpu/event=0x3C,umask=0x00/u	4008b3	GetInputValues	(/home/koga/autobench_perf/src/autobench/canrdr01_lite)
canrdr01_lite	81682	[005]	2603727.897002	91394	cpu/event=0x3C,umask=0x00/u	400b5e	t_run_test	(/home/koga/autobench_perf/src/autobench/canrdr01_lite)
canrdr01_lite	81682	[005]	2603727.897102	91445	cpu/event=0x3C,umask=0x00/u	400c32	t_run_test	(/home/koga/autobench_perf/src/autobench/canrdr01_lite)
canrdr01_lite	81682	[005]	2603727.897202	91454	cpu/event=0x3C,umask=0x00/u	400e24	t_run_test	(/home/koga/autobench_perf/src/autobench/canrdr01_lite)
canrdr01_lite	81682	[005]	2603727.897302	91460	cpu/event=0x3C,umask=0x00/u	400ea8	t_run_test	(/home/koga/autobench_perf/src/autobench/canrdr01_lite)
canrdr01_lite	81682	[005]	2603727.897402	91486	cpu/event=0x3C,umask=0x00/u	4008c3	GetInputValues	(/home/koga/autobench_perf/src/autobench/canrdr01_lite)
canrdr01_lite	81682	[005]	2603727.897497	91495	cpu/event=0x3C,umask=0x00/u	4008b3	GetInputValues	(/home/koga/autobench_perf/src/autobench/canrdr01_lite)
canrdr01_lite	81682	[005]	2603727.897597	92090	cpu/event=0x3C,umask=0x00/u	400e37	t_run_test	(/home/koga/autobench_perf/src/autobench/canrdr01_lite)
canrdr01_lite	81682	[005]	2603727.897697	92110	cpu/event=0x3C,umask=0x00/u	400d48	t_run_test	(/home/koga/autobench_perf/src/autobench/canrdr01_lite)
canrdr01_lite	81682	[005]	2603727.897797	92078	cpu/event=0x3C,umask=0x00/u	400e57	t_run_test	(/home/koga/autobench_perf/src/autobench/canrdr01_lite)
canrdr01_lite	81682	[005]	2603727.897898	92036	cpu/event=0x3C,umask=0x00/u	400d69	t_run_test	(/home/koga/autobench_perf/src/autobench/canrdr01_lite)
canrdr01_lite	81682	[005]	2603727.897998	91985	cpu/event=0x3C,umask=0x00/u	400d03	t_run_test	(/home/koga/autobench_perf/src/autobench/canrdr01_lite)
canrdr01_lite	81682	[005]	2603727.898098	91948	cpu/event=0x3C,umask=0x00/u	400c32	t_run_test	(/home/koga/autobench_perf/src/autobench/canrdr01_lite)
canrdr01_lite	81682	[005]	2603727.898199	91907	cpu/event=0x3C,umask=0x00/u	400ce6	t_run_test	(/home/koga/autobench_perf/src/autobench/canrdr01_lite)
canrdr01_lite	81682	[005]	2603727.898299	91886	cpu/event=0x3C,umask=0x00/u	400ea0	t_run_test	(/home/koga/autobench_perf/src/autobench/canrdr01_lite)
canrdr01_lite	81682	[005]	2603727.898399	91850	cpu/event=0x3C,umask=0x00/u	4008a0	GetInputValues	(/home/koga/autobench_perf/src/autobench/canrdr01_lite)
canrdr01_lite	81682	[005]	2603727.898496	91853	cpu/event=0x3C,umask=0x00/u	400f41	t_run_test	(/home/koga/autobench_perf/src/autobench/canrdr01_lite)
canrdr01_lite	81682	[005]	2603727.898596	92225	cpu/event=0x3C,umask=0x00/u	400c22	t_run_test	(/home/koga/autobench_perf/src/autobench/canrdr01_lite)
canrdr01_lite	81682	[005]	2603727.898697	92198	cpu/event=0x3C,umask=0x00/u	400ea8	t_run_test	(/home/koga/autobench_perf/src/autobench/canrdr01_lite)
canrdr01_lite	81682	[005]	2603727.898797	92140	cpu/event=0x3C,umask=0x00/u	4008b3	GetInputValues	(/home/koga/autobench_perf/src/autobench/canrdr01_lite)
canrdr01_lite	81682	[005]	2603727.898897	92093	cpu/event=0x3C,umask=0x00/u	400f41	t_run_test	(/home/koga/autobench_perf/src/autobench/canrdr01_lite)
canrdr01_lite	81682	[005]	2603727.898998	92062	cpu/event=0x3C,umask=0x00/u	400c07	t_run_test	(/home/koga/autobench_perf/src/autobench/canrdr01_lite)
canrdr01_lite	81682	[005]	2603727.899098	92027	cpu/event=0x3C,umask=0x00/u	400ea8	t_run_test	(/home/koga/autobench_perf/src/autobench/canrdr01_lite)
canrdr01_lite	81682	[005]	2603727.899198	92008	cpu/event=0x3C,umask=0x00/u	400e61	t_run_test	(/home/koga/autobench_perf/src/autobench/canrdr01_lite)
canrdr01_lite	81682	[005]	2603727.899298	91980	cpu/event=0x3C,umask=0x00/u	400a7f	t_run_test	(/home/koga/autobench_perf/src/autobench/canrdr01_lite)
canrdr01_lite	81682	[005]	2603727.899398	91968	cpu/event=0x3C,umask=0x00/u	400d10	t_run_test	(/home/koga/autobench_perf/src/autobench/canrdr01_lite)
canrdr01_lite	81682	[005]	2603727.899498	91950	cpu/event=0x3C,umask=0x00/u	400d60	t_run_test	(/home/koga/autobench_perf/src/autobench/canrdr01_lite)
canrdr01_lite	81682	[005]	2603727.899599	91933	cpu/event=0x3C,umask=0x00/u	400e0f	t_run_test	(/home/koga/autobench_perf/src/autobench/canrdr01_lite)
canrdr01_lite	81682	[005]	2603727.899699	91909	cpu/event=0x3C,umask=0x00/u	400c04	t_run_test	(/home/koga/autobench_perf/src/autobench/canrdr01_lite)
canrdr01_lite	81682	[005]	2603727.899799	91896	cpu/event=0x3C,umask=0x00/u	400a25	t_run_test	(/home/koga/autobench_perf/src/autobench/canrdr01_lite)
canrdr01_lite	81682	[005]	2603727.899899	91888	cpu/event=0x3C,umask=0x00/u	400ea8	t_run_test	(/home/koga/autobench_perf/src/autobench/canrdr01_lite)
canrdr01_lite	81682	[005]	2603727.900014	91792	cpu/event=0x3C,umask=0x00/u	400e57	t_run_test	(/home/koga/autobench_perf/src/autobench/canrdr01_lite)
canrdr01_lite	81682	[005]	2603727.900114	90340	cpu/event=0x3C,umask=0x00/u	4008b3	GetInputValues	(/home/koga/autobench_perf/src/autobench/canrdr01_lite)
canrdr01_lite	81682	[005]	2603727.900213	90325	cpu/event=0x3C,umask=0x00/u	4008b3	GetInputValues	(/home/koga/autobench_perf/src/autobench/canrdr01_lite)
canrdr01_lite	81682	[005]	2603727.900312	90456	cpu/event=0x3C,umask=0x00/u	400f60	t_run_test	(/home/koga/autobench_perf/src/autobench/canrdr01_lite)
canrdr01_lite	81682	[005]	2603727.900410	90592	cpu/event=0x3C,umask=0x00/u	400d69	t_run_test	(/home/koga/autobench_perf/src/autobench/canrdr01_lite)
canrdr01_lite	81682	[005]	2603727.900509	90721	cpu/event=0x3C,umask=0x00/u	400e77	t_run_test	(/home/koga/autobench_perf/src/autobench/canrdr01_lite)
canrdr01_lite	81682	[005]	2603727.900609	90828	cpu/event=0x3C,umask=0x00/u	400d69	t_run_test	(/home/koga/autobench_perf/src/autobench/canrdr01_lite)
canrdr01_lite	81682	[005]	2603727.900708	90930	cpu/event=0x3C,umask=0x00/u	400e77	t_run_test	(/home/koga/autobench_perf/src/autobench/canrdr01_lite)
canrdr01_lite	81682	[005]	2603727.900807	91015	cpu/event=0x3C,umask=0x00/u	400a68	t_run_test	(/home/koga/autobench_perf/src/autobench/canrdr01_lite)
canrdr01_lite	81682	[005]	2603727.900907	91092	cpu/event=0x3C,umask=0x00/u	400a25	t_run_test	(/home/koga/autobench_perf/src/autobench/canrdr01_lite)
canrdr01_lite	81682	[005]	2603727.901006	91144	cpu/event=0x3C,umask=0x00/u	400ea8	t_run_test	(/home/koga/autobench_perf/src/autobench/canrdr01_lite)
canrdr01_lite	81682	[005]	2603727.901106	91216	cpu/event=0x3C,umask=0x00/u	400d69	t_run_test	(/home/koga/autobench_perf/src/autobench/canrdr01_lite)
canrdr01_lite	81682	[005]	2603727.901205	91285	cpu/event=0x3C,umask=0x00/u	400e90	t_run_test	(/home/koga/autobench_perf/src/autobench/canrdr01_lite)
canrdr01_lite	81682	[005]	2603727.901305	91330	cpu/event=0x3C,umask=0x00/u	400c32	t_run_test	(/home/koga/autobench_perf/src/autobench/canrdr01_lite)
canrdr01_lite	81682	[005]	2603727.901405	91376	cpu/event=0x3C,umask=0x00/u	400c22	t_run_test	(/home/koga/autobench_perf/src/autobench/canrdr01_lite)
canrdr01_lite	81682	[005]	2603727.901504	91398	cpu/event=0x3C,umask=0x00/u	400f4d	t_run_test	(/home/koga/autobench_perf/src/autobench/canrdr01_lite)
canrdr01_lite	81682	[005]	2603727.901604	91429	cpu/event=0x3C,umask=0x00/u	400a20	t_run_test	(/home/koga/autobench_perf/src/autobench/canrdr01_lite)
canrdr01_lite	81682	[005]	2603727.901704	91450	cpu/event=0x3C,umask=0x00/u	400f07	t_run_test	(/home/koga/autobench_perf/src/autobench/canrdr01_lite)
canrdr01_lite	81682	[005]	2603727.901804	91460	cpu/event=0x3C,umask=0x00/u	400f7a	t_run_test	(/home/koga/autobench_perf/src/autobench/canrdr01_lite)
canrdr01_lite	81682	[005]	2603727.901904	91463	cpu/event=0x3C,umask=0x00/u	400c04	t_run_test	(/home/koga/autobench_perf/src/autobench/canrdr01_lite)
canrdr01_lite	81682	[005]	2603727.902004	91465	cpu/event=0x3C,umask=0x00/u	400f41	t_run_test	(/home/koga/autobench_perf/src/autobench/canrdr01_lite)
canrdr01_lite	81682	[005]	2603727.902104	91466	cpu/event=0x3C,umask=0x00/u	400c22	t_run_test	(/home/koga/autobench_perf/src/autobench/canrdr01_lite)
canrdr01_lite	81682	[005]	2603727.902204	91480	cpu/event=0x3C,umask=0x00/u	400c32	t_run_test	(/home/koga/autobench_perf/src/autobench/canrdr01_lite)
canrdr01_lite	81682	[005]	2603727.902304	91484	cpu/event=0x3C,umask=0x00/u	400b27	t_run_test	(/home/koga/autobench_perf/src/autobench/canrdr01_lite)
canrdr01_lite	81682	[005]	2603727.902404	91494	cpu/event=0x3C,umask=0x00/u	400dee	t_run_test	(/home/koga/autobench_perf/src/autobench/canrdr01_lite)
canrdr01_lite	81682	[005]	2603727.902503	91508	cpu/event=0x3C,umask=0x00/u	400a89	t_run_test	(/home/koga/autobench_perf/src/autobench/canrdr01_lite)
canrdr01_lite	81682	[005]	2603727.902604	91528	cpu/event=0x3C,umask=0x00/u	400e77	t_run_test	(/home/koga/autobench_perf/src/autobench/canrdr01_lite)
canrdr01_lite	81682	[005]	2603727.902704	91520	cpu/event=0x3C,umask=0x00/u	4008b3	GetInputValues	(/home/koga/autobench_perf/src/autobench/canrdr01_lite)
canrdr01_lite	81682	[005]	2603727.902804	91509	cpu/event=0x3C,umask=0x00/u	400d60	t_run_test	(/home/koga/autobench_perf/src/autobench/canrdr01_lite)
canrdr01_lite	81682	[005]	2603727.902904	91518	cpu/event=0x3C,umask=0x00/u	400a95	t_run_test	(/home/koga/autobench_perf/src/autobench/canrdr01_lite)
canrdr01_lite	81682	[005]	2603727.903004	91513	cpu/event=0x3C,umask=0x00/u	400a78	t_run_test	(/home/koga/autobench_perf/src/autobench/canrdr01_lite)
canrdr01_lite	81682	[005]	2603727.903104	91513	cpu/event=0x3C,umask=0x00/u	400dda	t_run_test	(/home/koga/autobench_perf/src/autobench/canrdr01_lite)
canrdr01_lite	81682	[005]	2603727.903204	91497	cpu/event=0x3C,umask=0x00/u	400cd8	t_run_test	(/home/koga/autobench_perf/src/autobench/canrdr01_lite)
canrdr01_lite	81682	[005]	2603727.903304	91496	cpu/event=0x3C,umask=0x00/u	400c07	t_run_test	(/home/koga/autobench_perf/src/autobench/canrdr01_lite)
canrdr01_lite	81682	[005]	2603727.903404	91493	cpu/event=0x3C,umask=0x00/u	4008a0	GetInputValues	(/home/koga/autobench_perf/src/autobench/canrdr01_lite)
canrdr01_lite	81682	[005]	2603727.903504	91491	cpu/event=0x3C,umask=0x00/u	400d69	t_run_test	(/home/koga/autobench_perf/src/autobench/canrdr01_lite)
canrdr01_lite	81682	[005]	2603727.903604	91509	cpu/event=0x3C,umask=0x00/u	400f41	t_run_test	(/home/koga/autobench_perf/src/autobench/canrdr01_lite)
canrdr01_lite	81682	[005]	2603727.903703	91526	cpu/event=0x3C,umask=0x00/u	400abc	t_run_test	(/home/koga/autobench_perf/src/autobench/canrdr01_lite)
canrdr01_lite	81682	[005]	2603727.903803	91538	cpu/event=0x3C,umask=0x00/u	400c22	t_run_test	(/home/koga/autobench_perf/src/autobench/canrdr01_lite)
canrdr01_lite	81682	[005]	2603727.903903	91552	cpu/event=0x3C,umask=0x00/u	400c07	t_run_test	(/home/koga/autobench_perf/src/autobench/canrdr01_lite)
canrdr01_lite	81682	[005]	2603727.904021	91530	cpu/event=0x3C,umask=0x00/u	400f41	t_run_test	(/home/koga/autobench_perf/src/autobench/canrdr01_lite)
canrdr01_lite	81682	[005]	2603727.904121	89848	cpu/event=0x3C,umask=0x00/u	400c22	t_run_test	(/home/koga/autobench_perf/src/autobench/canrdr01_lite)
canrdr01_lite	81682	[005]	2603727.904219	89851	cpu/event=0x3C,umask=0x00/u	400ea8	t_run_test	(/home/koga/autobench_perf/src/autobench/canrdr01_lite)
canrdr01_lite	81682	[005]	2603727.904318	90014	cpu/event=0x3C,umask=0x00/u	4008b7	GetInputValues	(/home/koga/autobench_perf/src/autobench/canrdr01_lite)
canrdr01_lite	81682	[005]	2603727.904417	90161	cpu/event=0x3C,umask=0x00/u	400f41	t_run_test	(/home/koga/autobench_perf/src/autobench/canrdr01_lite)
canrdr01_lite	81682	[005]	2603727.904521	90304	cpu/event=0x3C,umask=0x00/u	400fbd	t_run_test	(/home/koga/autobench_perf/src/autobench/canrdr01_lite)
canrdr01_lite	81682	[005]	2603727.904607	89873	cpu/event=0x3C,umask=0x00/u	400f41	t_run_test	(/home/koga/autobench_perf/src/autobench/canrdr01_lite)
canrdr01_lite	81682	[005]	2603727.904698	91561	cpu/event=0x3C,umask=0x00/u	400a44	t_run_test	(/home/koga/autobench_perf/src/autobench/canrdr01_lite)
canrdr01_lite	81682	[005]	2603727.904790	92718	cpu/event=0x3C,umask=0x00/u	400f4d	t_run_test	(/home/koga/autobench_perf/src/autobench/canrdr01_lite)
canrdr01_lite	81682	[005]	2603727.904884	93696	cpu/event=0x3C,umask=0x00/u	4008b0	GetInputValues	(/home/koga/autobench_perf/src/autobench/canrdr01_lite)
canrdr01_lite	81682	[005]	2603727.904978	94553	cpu/event=0x3C,umask=0x00/u	400e57	t_run_test	(/home/koga/autobench_perf/src/autobench/canrdr01_lite)
canrdr01_lite	81682	[005]	2603727.905072	95321	cpu/event=0x3C,umask=0x00/u	4011d8	t_run_test	(/home/koga/autobench_perf/src/autobench/canrdr01_lite)
canrdr01_lite	81682	[005]	2603727.905167	95990	cpu/event=0x3C,umask=0x00/u	4008de	GetInputValues	(/home/koga/autobench_perf/src/autobench/canrdr01_lite)
canrdr01_lite	81682	[005]	2603727.905263	96604	cpu/event=0x3C,umask=0x00/u	4008b7	GetInputValues	(/home/koga/autobench_perf/src/autobench/canrdr01_lite)
canrdr01_lite	81682	[005]	2603727.905359	97150	cpu/event=0x3C,umask=0x00/u	400f41	t_run_test	(/home/koga/autobench_perf/src/autobench/canrdr01_lite)
canrdr01_lite	81682	[005]	2603727.905456	97646	cpu/event=0x3C,umask=0x00/u	400ea8	t_run_test	(/home/koga/autobench_perf/src/autobench/canrdr01_lite)
canrdr01_lite	81682	[005]	2603727.905553	98085	cpu/event=0x3C,umask=0x00/u	400c04	t_run_test	(/home/koga/autobench_perf/src/autobench/canrdr01_lite)
canrdr01_lite	81682	[005]	2603727.905650	98480	cpu/event=0x3C,umask=0x00/u	400ce6	t_run_test	(/home/koga/autobench_perf/src/autobench/canrdr01_lite)
canrdr01_lite	81682	[005]	2603727.905747	98840	cpu/event=0x3C,umask=0x00/u	4008ad	GetInputValues	(/home/koga/autobench_perf/src/autobench/canrdr01_lite)
canrdr01_lite	81682	[005]	2603727.905845	99147	cpu/event=0x3C,umask=0x00/u	400e24	t_run_test	(/home/koga/autobench_perf/src/autobench/canrdr01_lite)
canrdr01_lite	81682	[005]	2603727.905943	99417	cpu/event=0x3C,umask=0x00/u	400e0f	t_run_test	(/home/koga/autobench_perf/src/autobench/canrdr01_lite)
canrdr01_lite	81682	[005]	2603727.906042	99655	cpu/event=0x3C,umask=0x00/u	4008c3	GetInputValues	(/home/koga/autobench_perf/src/autobench/canrdr01_lite)
canrdr01_lite	81682	[005]	2603727.906140	99863	cpu/event=0x3C,umask=0x00/u	400d69	t_run_test	(/home/koga/autobench_perf/src/autobench/canrdr01_lite)
canrdr01_lite	81682	[005]	2603727.906239	100060	cpu/event=0x3C,umask=0x00/u	4014d9	t_run_test	(/home/koga/autobench_perf/src/autobench/canrdr01_lite)
canrdr01_lite	81682	[005]	2603727.906338	100233	cpu/event=0x3C,umask=0x00/u	400d69	t_run_test	(/home/koga/autobench_perf/src/autobench/canrdr01_lite)
canrdr01_lite	81682	[005]	2603727.906437	100389	cpu/event=0x3C,umask=0x00/u	400fb8	t_run_test	(/home/koga/autobench_perf/src/autobench/canrdr01_lite)
canrdr01_lite	81682	[005]	2603727.906536	100489	cpu/event=0x3C,umask=0x00/u	400bc6	t_run_test	(/home/koga/autobench_perf/src/autobench/canrdr01_lite)
canrdr01_lite	81682	[005]	2603727.906635	100621	cpu/event=0x3C,umask=0x00/u	400ea8	t_run_test	(/home/koga/autobench_perf/src/autobench/canrdr01_lite)
canrdr01_lite	81682	[005]	2603727.906734	100744	cpu/event=0x3C,umask=0x00/u	4011d8	t_run_test	(/home/koga/autobench_perf/src/autobench/canrdr01_lite)
canrdr01_lite	81682	[005]	2603727.906843	100840	cpu/event=0x3C,umask=0x00/u	401797	Calc_crc32	(/home/koga/autobench_perf/src/autobench/canrdr01_lite)
canrdr01_lite	81682	[005]	2603727.906934	99800	cpu/event=0x3C,umask=0x00/u	401811	Calc_crc32	(/home/koga/autobench_perf/src/autobench/canrdr01_lite)
canrdr01_lite	81682	[005]	2603727.907024	101043	cpu/event=0x3C,umask=0x00/u	401857	Calc_crc32	(/home/koga/autobench_perf/src/autobench/canrdr01_lite)
canrdr01_lite	81682	[005]	2603727.907119	102503	cpu/event=0x3C,umask=0x00/u	40179b	Calc_crc32	(/home/koga/autobench_perf/src/autobench/canrdr01_lite)
canrdr01_lite	81682	[005]	2603727.907206	103173	cpu/event=0x3C,umask=0x00/u	401797	Calc_crc32	(/home/koga/autobench_perf/src/autobench/canrdr01_lite)
canrdr01_lite	81682	[005]	2603727.907295	104975	cpu/event=0x3C,umask=0x00/u	4017d7	Calc_crc32	(/home/koga/autobench_perf/src/autobench/canrdr01_lite)
