canrdr01_lite	81442	[013]	2603708.378776	1	cpu/event=0xD0,umask=0x82/u	7fc241e5a9b1	_dl_start	(/lib/x86_64-linux-gnu/ld-2.23.so)
canrdr01_lite	81442	[013]	2603708.378788	1	cpu/event=0xD0,umask=0x82/u	ffffffff8186d5d0	page_fault	([kernel.kallsyms])
canrdr01_lite	81442	[013]	2603708.378798	2	cpu/event=0xD0,umask=0x82/u	7fc241e5aa48	_dl_start	(/lib/x86_64-linux-gnu/ld-2.23.so)
canrdr01_lite	81442	[013]	2603708.378819	5	cpu/event=0xD0,umask=0x82/u	7fc241e5aa53	_dl_start	(/lib/x86_64-linux-gnu/ld-2.23.so)
canrdr01_lite	81442	[013]	2603708.378823	8	cpu/event=0xD0,umask=0x82/u	7fc241e5aa65	_dl_start	(/lib/x86_64-linux-gnu/ld-2.23.so)
canrdr01_lite	81442	[013]	2603708.378843	29	cpu/event=0xD0,umask=0x82/u	7fc241e5aa6b	_dl_start	(/lib/x86_64-linux-gnu/ld-2.23.so)
canrdr01_lite	81442	[013]	2603708.378872	44	cpu/event=0xD0,umask=0x82/u	7fc241e725b0	_dl_sysdep_start	(/lib/x86_64-linux-gnu/ld-2.23.so)
canrdr01_lite	81442	[013]	2603708.378899	58	cpu/event=0xD0,umask=0x82/u	7fc241e726fa	_dl_sysdep_start	(/lib/x86_64-linux-gnu/ld-2.23.so)
canrdr01_lite	81442	[013]	2603708.378911	78	cpu/event=0xD0,umask=0x82/u	7fc241e72cb6	_dl_next_ld_env_entry	(/lib/x86_64-linux-gnu/ld-2.23.so)
canrdr01_lite	81442	[013]	2603708.378940	150	cpu/event=0xD0,umask=0x82/u	7fc241e5c030	dl_main	(/lib/x86_64-linux-gnu/ld-2.23.so)
canrdr01_lite	81442	[013]	2603708.378966	197	cpu/event=0xD0,umask=0x82/u	7fc241e72ae0	_dl_discover_osversion	(/lib/x86_64-linux-gnu/ld-2.23.so)
canrdr01_lite	81442	[013]	2603708.378998	269	cpu/event=0xD0,umask=0x82/u	7fc241e67137	_dl_map_object_deps	(/lib/x86_64-linux-gnu/ld-2.23.so)
canrdr01_lite	81442	[013]	2603708.379075	339	cpu/event=0xD0,umask=0x82/u	7fc241e64eba	_dl_new_object	(/lib/x86_64-linux-gnu/ld-2.23.so)
canrdr01_lite	81442	[013]	2603708.379158	352	cpu/event=0xD0,umask=0x82/u	7fc241e75f72	strlen	(/lib/x86_64-linux-gnu/ld-2.23.so)
canrdr01_lite	81442	[013]	2603708.379227	361	cpu/event=0xD0,umask=0x82/u	7fc241e61a16	_dl_map_object	(/lib/x86_64-linux-gnu/ld-2.23.so)
canrdr01_lite	81442	[013]	2603708.379254	382	cpu/event=0xD0,umask=0x82/u	7fc241e6ab15	match_symbol	(/lib/x86_64-linux-gnu/ld-2.23.so)
canrdr01_lite	81442	[013]	2603708.379285	508	cpu/event=0xD0,umask=0x82/u	7fc241e59b5e	init_tls	(/lib/x86_64-linux-gnu/ld-2.23.so)
canrdr01_lite	81442	[013]	2603708.379326	652	cpu/event=0xD0,umask=0x82/u	7fc241e65639	_dl_relocate_object	(/lib/x86_64-linux-gnu/ld-2.23.so)
canrdr01_lite	81442	[013]	2603708.379360	768	cpu/event=0xD0,umask=0x82/u	7fc241e65650	_dl_relocate_object	(/lib/x86_64-linux-gnu/ld-2.23.so)
canrdr01_lite	81442	[013]	2603708.379383	954	cpu/event=0xD0,umask=0x82/u	7fc241e62f31	do_lookup_x	(/lib/x86_64-linux-gnu/ld-2.23.so)
canrdr01_lite	81442	[013]	2603708.379401	1358	cpu/event=0xD0,umask=0x82/u	7fc241e62fbf	do_lookup_x	(/lib/x86_64-linux-gnu/ld-2.23.so)
canrdr01_lite	81442	[013]	2603708.379416	2115	cpu/event=0xD0,umask=0x82/u	7fc241e63a20	_dl_lookup_symbol_x	(/lib/x86_64-linux-gnu/ld-2.23.so)
canrdr01_lite	81442	[013]	2603708.379445	3716	cpu/event=0xD0,umask=0x82/u	7fc241e62f4a	do_lookup_x	(/lib/x86_64-linux-gnu/ld-2.23.so)
canrdr01_lite	81442	[013]	2603708.379725	4811	cpu/event=0xD0,umask=0x82/u	7fc24180a180	malloc	(/lib/x86_64-linux-gnu/libc-2.23.so)
canrdr01_lite	81442	[013]	2603708.379763	4426	cpu/event=0xD0,umask=0x82/u	4008a0	GetInputValues	(/home/koga/autobench_perf/src/autobench/canrdr01_lite)
canrdr01_lite	81442	[013]	2603708.379784	5326	cpu/event=0xD0,umask=0x82/u	400f41	t_run_test	(/home/koga/autobench_perf/src/autobench/canrdr01_lite)
canrdr01_lite	81442	[013]	2603708.379802	7742	cpu/event=0xD0,umask=0x82/u	400ecd	t_run_test	(/home/koga/autobench_perf/src/autobench/canrdr01_lite)
canrdr01_lite	81442	[013]	2603708.379829	12153	cpu/event=0xD0,umask=0x82/u	400f41	t_run_test	(/home/koga/autobench_perf/src/autobench/canrdr01_lite)
canrdr01_lite	81442	[013]	2603708.379867	16314	cpu/event=0xD0,umask=0x82/u	4008b3	GetInputValues	(/home/koga/autobench_perf/src/autobench/canrdr01_lite)
canrdr01_lite	81442	[013]	2603708.379910	19683	cpu/event=0xD0,umask=0x82/u	400f41	t_run_test	(/home/koga/autobench_perf/src/autobench/canrdr01_lite)
canrdr01_lite	81442	[013]	2603708.379964	22852	cpu/event=0xD0,umask=0x82/u	4008a0	GetInputValues	(/home/koga/autobench_perf/src/autobench/canrdr01_lite)
canrdr01_lite	81442	[013]	2603708.380017	25340	cpu/event=0xD0,umask=0x82/u	4008a0	GetInputValues	(/home/koga/autobench_perf/src/autobench/canrdr01_lite)
canrdr01_lite	81442	[013]	2603708.380100	24938	cpu/event=0xD0,umask=0x82/u	400c07	t_run_test	(/home/koga/autobench_perf/src/autobench/canrdr01_lite)
canrdr01_lite	81442	[013]	2603708.380157	25595	cpu/event=0xD0,umask=0x82/u	400f63	t_run_test	(/home/koga/autobench_perf/src/autobench/canrdr01_lite)
canrdr01_lite	81442	[013]	2603708.380214	28015	cpu/event=0xD0,umask=0x82/u	4008a0	GetInputValues	(/home/koga/autobench_perf/src/autobench/canrdr01_lite)
canrdr01_lite	81442	[013]	2603708.380280	30612	cpu/event=0xD0,umask=0x82/u	400ef2	t_run_test	(/home/koga/autobench_perf/src/autobench/canrdr01_lite)
canrdr01_lite	81442	[013]	2603708.380345	32585	cpu/event=0xD0,umask=0x82/u	400ea8	t_run_test	(/home/koga/autobench_perf/src/autobench/canrdr01_lite)
canrdr01_lite	81442	[013]	2603708.380409	34801	cpu/event=0xD0,umask=0x82/u	4010c8	t_run_test	(/home/koga/autobench_perf/src/autobench/canrdr01_lite)
canrdr01_lite	81442	[013]	2603708.380496	37304	cpu/event=0xD0,umask=0x82/u	400d03	t_run_test	(/home/koga/autobench_perf/src/autobench/canrdr01_lite)
canrdr01_lite	81442	[013]	2603708.380582	37955	cpu/event=0xD0,umask=0x82/u	4008b7	GetInputValues	(/home/koga/autobench_perf/src/autobench/canrdr01_lite)
canrdr01_lite	81442	[013]	2603708.380664	38721	cpu/event=0xD0,umask=0x82/u	400a20	t_run_test	(/home/koga/autobench_perf/src/autobench/canrdr01_lite)
canrdr01_lite	81442	[013]	2603708.380753	39791	cpu/event=0xD0,umask=0x82/u	400d60	t_run_test	(/home/koga/autobench_perf/src/autobench/canrdr01_lite)
canrdr01_lite	81442	[013]	2603708.380838	40439	cpu/event=0xD0,umask=0x82/u	400d69	t_run_test	(/home/koga/autobench_perf/src/autobench/canrdr01_lite)
canrdr01_lite	81442	[013]	2603708.380924	41338	cpu/event=0xD0,umask=0x82/u	400c04	t_run_test	(/home/koga/autobench_perf/src/autobench/canrdr01_lite)
canrdr01_lite	81442	[013]	2603708.381017	42149	cpu/event=0xD0,umask=0x82/u	400ea8	t_run_test	(/home/koga/autobench_perf/src/autobench/canrdr01_lite)
canrdr01_lite	81442	[013]	2603708.381105	42575	cpu/event=0xD0,umask=0x82/u	400e57	t_run_test	(/home/koga/autobench_perf/src/autobench/canrdr01_lite)
canrdr01_lite	81442	[013]	2603708.381200	43258	cpu/event=0xD0,umask=0x82/u	400bf9	t_run_test	(/home/koga/autobench_perf/src/autobench/canrdr01_lite)
canrdr01_lite	81442	[013]	2603708.381290	43559	cpu/event=0xD0,umask=0x82/u	401165	t_run_test	(/home/koga/autobench_perf/src/autobench/canrdr01_lite)
canrdr01_lite	81442	[013]	2603708.381387	44138	cpu/event=0xD0,umask=0x82/u	4008b3	GetInputValues	(/home/koga/autobench_perf/src/autobench/canrdr01_lite)
canrdr01_lite	81442	[013]	2603708.381478	44354	cpu/event=0xD0,umask=0x82/u	4008a0	GetInputValues	(/home/koga/autobench_perf/src/autobench/canrdr01_lite)
canrdr01_lite	81442	[013]	2603708.381576	44856	cpu/event=0xD0,umask=0x82/u	400d69	t_run_test	(/home/koga/autobench_perf/src/autobench/canrdr01_lite)
canrdr01_lite	81442	[013]	2603708.381669	44998	cpu/event=0xD0,umask=0x82/u	4013dd	t_run_test	(/home/koga/autobench_perf/src/autobench/canrdr01_lite)
canrdr01_lite	81442	[013]	2603708.381767	45429	cpu/event=0xD0,umask=0x82/u	400d69	t_run_test	(/home/koga/autobench_perf/src/autobench/canrdr01_lite)
canrdr01_lite	81442	[013]	2603708.381867	45529	cpu/event=0xD0,umask=0x82/u	400fb8	t_run_test	(/home/koga/autobench_perf/src/autobench/canrdr01_lite)
canrdr01_lite	81442	[013]	2603708.381961	45549	cpu/event=0xD0,umask=0x82/u	400a25	t_run_test	(/home/koga/autobench_perf/src/autobench/canrdr01_lite)
canrdr01_lite	81442	[013]	2603708.382060	45925	cpu/event=0xD0,umask=0x82/u	400f07	t_run_test	(/home/koga/autobench_perf/src/autobench/canrdr01_lite)
canrdr01_lite	81442	[013]	2603708.382160	45967	cpu/event=0xD0,umask=0x82/u	4008b7	GetInputValues	(/home/koga/autobench_perf/src/autobench/canrdr01_lite)
canrdr01_lite	81442	[013]	2603708.382255	45967	cpu/event=0xD0,umask=0x82/u	400f4d	t_run_test	(/home/koga/autobench_perf/src/autobench/canrdr01_lite)
canrdr01_lite	81442	[013]	2603708.382354	46293	cpu/event=0xD0,umask=0x82/u	400ebf	t_run_test	(/home/koga/autobench_perf/src/autobench/canrdr01_lite)
canrdr01_lite	81442	[013]	2603708.382451	46298	cpu/event=0xD0,umask=0x82/u	400c04	t_run_test	(/home/koga/autobench_perf/src/autobench/canrdr01_lite)
canrdr01_lite	81442	[013]	2603708.382552	46507	cpu/event=0xD0,umask=0x82/u	400ea8	t_run_test	(/home/koga/autobench_perf/src/autobench/canrdr01_lite)
canrdr01_lite	81442	[013]	2603708.382652	46470	cpu/event=0xD0,umask=0x82/u	400ea8	t_run_test	(/home/koga/autobench_perf/src/autobench/canrdr01_lite)
canrdr01_lite	81442	[013]	2603708.382748	46438	cpu/event=0xD0,umask=0x82/u	400ea8	t_run_test	(/home/koga/autobench_perf/src/autobench/canrdr01_lite)
canrdr01_lite	81442	[013]	2603708.382849	46681	cpu/event=0xD0,umask=0x82/u	400d69	t_run_test	(/home/koga/autobench_perf/src/autobench/canrdr01_lite)
canrdr01_lite	81442	[013]	2603708.382950	46639	cpu/event=0xD0,umask=0x82/u	400c22	t_run_test	(/home/koga/autobench_perf/src/autobench/canrdr01_lite)
canrdr01_lite	81442	[013]	2603708.383051	46571	cpu/event=0xD0,umask=0x82/u	400c04	t_run_test	(/home/koga/autobench_perf/src/autobench/canrdr01_lite)
canrdr01_lite	81442	[013]	2603708.383152	46501	cpu/event=0xD0,umask=0x82/u	400e16	t_run_test	(/home/koga/autobench_perf/src/autobench/canrdr01_lite)
canrdr01_lite	81442	[013]	2603708.383253	46454	cpu/event=0xD0,umask=0x82/u	400f41	t_run_test	(/home/koga/autobench_perf/src/autobench/canrdr01_lite)
canrdr01_lite	81442	[013]	2603708.383354	46404	cpu/event=0xD0,umask=0x82/u	400ea8	t_run_test	(/home/koga/autobench_perf/src/autobench/canrdr01_lite)
canrdr01_lite	81442	[013]	2603708.383455	46363	cpu/event=0xD0,umask=0x82/u	400f41	t_run_test	(/home/koga/autobench_perf/src/autobench/canrdr01_lite)
canrdr01_lite	81442	[013]	2603708.383556	46293	cpu/event=0xD0,umask=0x82/u	400dcc	t_run_test	(/home/koga/autobench_perf/src/autobench/canrdr01_lite)
canrdr01_lite	81442	[013]	2603708.383651	46269	cpu/event=0xD0,umask=0x82/u	400f41	t_run_test	(/home/koga/autobench_perf/src/autobench/canrdr01_lite)
canrdr01_lite	81442	[013]	2603708.383751	46540	cpu/event=0xD0,umask=0x82/u	400c22	t_run_test	(/home/koga/autobench_perf/src/autobench/canrdr01_lite)
canrdr01_lite	81442	[013]	2603708.383852	46528	cpu/event=0xD0,umask=0x82/u	400c04	t_run_test	(/home/koga/autobench_perf/src/autobench/canrdr01_lite)
canrdr01_lite	81442	[013]	2603708.383954	46471	cpu/event=0xD0,umask=0x82/u	4011d8	t_run_test	(/home/koga/autobench_perf/src/autobench/canrdr01_lite)
canrdr01_lite	81442	[013]	2603708.384074	46310	cpu/event=0xD0,umask=0x82/u	400a2e	t_run_test	(/home/koga/autobench_perf/src/autobench/canrdr01_lite)
canrdr01_lite	81442	[013]	2603708.384175	45348	cpu/event=0xD0,umask=0x82/u	400a64	t_run_test	(/home/koga/autobench_perf/src/autobench/canrdr01_lite)
canrdr01_lite	81442	[013]	2603708.384274	45275	cpu/event=0xD0,umask=0x82/u	400ea8	t_run_test	(/home/koga/autobench_perf/src/autobench/canrdr01_lite)
canrdr01_lite	81442	[013]	2603708.384374	45341	cpu/event=0xD0,umask=0x82/u	400c07	t_run_test	(/home/koga/autobench_perf/src/autobench/canrdr01_lite)
canrdr01_lite	81442	[013]	2603708.384473	45378	cpu/event=0xD0,umask=0x82/u	400c32	t_run_test	(/home/koga/autobench_perf/src/autobench/canrdr01_lite)
canrdr01_lite	81442	[013]	2603708.384572	45432	cpu/event=0xD0,umask=0x82/u	400f41	t_run_test	(/home/koga/autobench_perf/src/autobench/canrdr01_lite)
canrdr01_lite	81442	[013]	2603708.384671	45472	cpu/event=0xD0,umask=0x82/u	400a7f	t_run_test	(/home/koga/autobench_perf/src/autobench/canrdr01_lite)
canrdr01_lite	81442	[013]	2603708.384770	45506	cpu/event=0xD0,umask=0x82/u	400f41	t_run_test	(/home/koga/autobench_perf/src/autobench/canrdr01_lite)
canrdr01_lite	81442	[013]	2603708.384869	45573	cpu/event=0xD0,umask=0x82/u	4011d8	t_run_test	(/home/koga/autobench_perf/src/autobench/canrdr01_lite)
canrdr01_lite	81442	[013]	2603708.384969	45612	cpu/event=0xD0,umask=0x82/u	400e37	t_run_test	(/home/koga/autobench_perf/src/autobench/canrdr01_lite)
canrdr01_lite	81442	[013]	2603708.385068	45653	cpu/event=0xD0,umask=0x82/u	400f41	t_run_test	(/home/koga/autobench_perf/src/autobench/canrdr01_lite)
canrdr01_lite	81442	[013]	2603708.385168	45681	cpu/event=0xD0,umask=0x82/u	400c22	t_run_test	(/home/koga/autobench_perf/src/autobench/canrdr01_lite)
canrdr01_lite	81442	[013]	2603708.385267	45684	cpu/event=0xD0,umask=0x82/u	400d60	t_run_test	(/home/koga/autobench_perf/src/autobench/canrdr01_lite)
canrdr01_lite	81442	[013]	2603708.385367	45736	cpu/event=0xD0,umask=0x82/u	4010c8	t_run_test	(/home/koga/autobench_perf/src/autobench/canrdr01_lite)
canrdr01_lite	81442	[013]	2603708.385467	45748	cpu/event=0xD0,umask=0x82/u	400d69	t_run_test	(/home/koga/autobench_perf/src/autobench/canrdr01_lite)
canrdr01_lite	81442	[013]	2603708.385567	45772	cpu/event=0xD0,umask=0x82/u	400e0f	t_run_test	(/home/koga/autobench_perf/src/autobench/canrdr01_lite)
canrdr01_lite	81442	[013]	2603708.385667	45771	cpu/event=0xD0,umask=0x82/u	40118c	t_run_test	(/home/koga/autobench_perf/src/autobench/canrdr01_lite)
canrdr01_lite	81442	[013]	2603708.385766	45780	cpu/event=0xD0,umask=0x82/u	4008c3	GetInputValues	(/home/koga/autobench_perf/src/autobench/canrdr01_lite)
canrdr01_lite	81442	[013]	2603708.385867	45798	cpu/event=0xD0,umask=0x82/u	4010c8	t_run_test	(/home/koga/autobench_perf/src/autobench/canrdr01_lite)
canrdr01_lite	81442	[013]	2603708.385966	45784	cpu/event=0xD0,umask=0x82/u	4008c3	GetInputValues	(/home/koga/autobench_perf/src/autobench/canrdr01_lite)
canrdr01_lite	81442	[013]	2603708.386066	45833	cpu/event=0xD0,umask=0x82/u	400ea8	t_run_test	(/home/koga/autobench_perf/src/autobench/canrdr01_lite)
canrdr01_lite	81442	[013]	2603708.386166	45828	cpu/event=0xD0,umask=0x82/u	400e77	t_run_test	(/home/koga/autobench_perf/src/autobench/canrdr01_lite)
canrdr01_lite	81442	[013]	2603708.386266	45831	cpu/event=0xD0,umask=0x82/u	400e0f	t_run_test	(/home/koga/autobench_perf/src/autobench/canrdr01_lite)
canrdr01_lite	81442	[013]	2603708.386366	45840	cpu/event=0xD0,umask=0x82/u	400a95	t_run_test	(/home/koga/autobench_perf/src/autobench/canrdr01_lite)
canrdr01_lite	81442	[013]	2603708.386466	45821	cpu/event=0xD0,umask=0x82/u	400d69	t_run_test	(/home/koga/autobench_perf/src/autobench/canrdr01_lite)
canrdr01_lite	81442	[013]	2603708.386565	45845	cpu/event=0xD0,umask=0x82/u	400fb0	t_run_test	(/home/koga/autobench_perf/src/autobench/canrdr01_lite)
canrdr01_lite	81442	[013]	2603708.386665	45854	cpu/event=0xD0,umask=0x82/u	400d60	t_run_test	(/home/koga/autobench_perf/src/autobench/canrdr01_lite)
canrdr01_lite	81442	[013]	2603708.386765	45869	cpu/event=0xD0,umask=0x82/u	4008b3	GetInputValues	(/home/koga/autobench_perf/src/autobench/canrdr01_lite)
canrdr01_lite	81442	[013]	2603708.386865	45888	cpu/event=0xD0,umask=0x82/u	400d69	t_run_test	(/home/koga/autobench_perf/src/autobench/canrdr01_lite)
canrdr01_lite	81442	[013]	2603708.386965	45876	cpu/event=0xD0,umask=0x82/u	400ea8	t_run_test	(/home/koga/autobench_perf/src/autobench/canrdr01_lite)
canrdr01_lite	81442	[013]	2603708.387065	45891	cpu/event=0xD0,umask=0x82/u	4010c8	t_run_test	(/home/koga/autobench_perf/src/autobench/canrdr01_lite)
canrdr01_lite	81442	[013]	2603708.387165	45878	cpu/event=0xD0,umask=0x82/u	400d60	t_run_test	(/home/koga/autobench_perf/src/autobench/canrdr01_lite)
canrdr01_lite	81442	[013]	2603708.387260	45904	cpu/event=0xD0,umask=0x82/u	400f7a	t_run_test	(/home/koga/autobench_perf/src/autobench/canrdr01_lite)
canrdr01_lite	81442	[013]	2603708.387365	46202	cpu/event=0xD0,umask=0x82/u	400a54	t_run_test	(/home/koga/autobench_perf/src/autobench/canrdr01_lite)
canrdr01_lite	81442	[013]	2603708.387460	45910	cpu/event=0xD0,umask=0x82/u	4008b3	GetInputValues	(/home/koga/autobench_perf/src/autobench/canrdr01_lite)
canrdr01_lite	81442	[013]	2603708.387560	46211	cpu/event=0xD0,umask=0x82/u	400ea8	t_run_test	(/home/koga/autobench_perf/src/autobench/canrdr01_lite)
canrdr01_lite	81442	[013]	2603708.387660	46206	cpu/event=0xD0,umask=0x82/u	400e0f	t_run_test	(/home/koga/autobench_perf/src/autobench/canrdr01_lite)
canrdr01_lite	81442	[013]	2603708.387761	46197	cpu/event=0xD0,umask=0x82/u	400f41	t_run_test	(/home/koga/autobench_perf/src/autobench/canrdr01_lite)
canrdr01_lite	81442	[013]	2603708.387862	46151	cpu/event=0xD0,umask=0x82/u	400b3d	t_run_test	(/home/koga/autobench_perf/src/autobench/canrdr01_lite)
canrdr01_lite	81442	[013]	2603708.387962	46129	cpu/event=0xD0,umask=0x82/u	400ea8	t_run_test	(/home/koga/autobench_perf/src/autobench/canrdr01_lite)
canrdr01_lite	81442	[013]	2603708.388074	46045	cpu/event=0xD0,umask=0x82/u	400f41	t_run_test	(/home/koga/autobench_perf/src/autobench/canrdr01_lite)
canrdr01_lite	81442	[013]	2603708.388175	45416	cpu/event=0xD0,umask=0x82/u	400d69	t_run_test	(/home/koga/autobench_perf/src/autobench/canrdr01_lite)
canrdr01_lite	81442	[013]	2603708.388274	45395	cpu/event=0xD0,umask=0x82/u	400f07	t_run_test	(/home/koga/autobench_perf/src/autobench/canrdr01_lite)
canrdr01_lite	81442	[013]	2603708.388374	45425	cpu/event=0xD0,umask=0x82/u	400dee	t_run_test	(/home/koga/autobench_perf/src/autobench/canrdr01_lite)
canrdr01_lite	81442	[013]	2603708.388473	45466	cpu/event=0xD0,umask=0x82/u	400d69	t_run_test	(/home/koga/autobench_perf/src/autobench/canrdr01_lite)
canrdr01_lite	81442	[013]	2603708.388572	45527	cpu/event=0xD0,umask=0x82/u	4008c3	GetInputValues	(/home/koga/autobench_perf/src/autobench/canrdr01_lite)
canrdr01_lite	81442	[013]	2603708.388671	45566	cpu/event=0xD0,umask=0x82/u	400c07	t_run_test	(/home/koga/autobench_perf/src/autobench/canrdr01_lite)
canrdr01_lite	81442	[013]	2603708.388771	45617	cpu/event=0xD0,umask=0x82/u	400f41	t_run_test	(/home/koga/autobench_perf/src/autobench/canrdr01_lite)
canrdr01_lite	81442	[013]	2603708.388870	45640	cpu/event=0xD0,umask=0x82/u	400dee	t_run_test	(/home/koga/autobench_perf/src/autobench/canrdr01_lite)
canrdr01_lite	81442	[013]	2603708.388969	45679	cpu/event=0xD0,umask=0x82/u	400fd1	t_run_test	(/home/koga/autobench_perf/src/autobench/canrdr01_lite)
canrdr01_lite	81442	[013]	2603708.389069	45707	cpu/event=0xD0,umask=0x82/u	400c07	t_run_test	(/home/koga/autobench_perf/src/autobench/canrdr01_lite)
canrdr01_lite	81442	[013]	2603708.389168	45750	cpu/event=0xD0,umask=0x82/u	400ee7	t_run_test	(/home/koga/autobench_perf/src/autobench/canrdr01_lite)
canrdr01_lite	81442	[013]	2603708.389268	45788	cpu/event=0xD0,umask=0x82/u	400ac5	t_run_test	(/home/koga/autobench_perf/src/autobench/canrdr01_lite)
canrdr01_lite	81442	[013]	2603708.389367	45795	cpu/event=0xD0,umask=0x82/u	400c04	t_run_test	(/home/koga/autobench_perf/src/autobench/canrdr01_lite)
canrdr01_lite	81442	[013]	2603708.389467	45829	cpu/event=0xD0,umask=0x82/u	400f82	t_run_test	(/home/koga/autobench_perf/src/autobench/canrdr01_lite)
canrdr01_lite	81442	[013]	2603708.389567	45829	cpu/event=0xD0,umask=0x82/u	400f41	t_run_test	(/home/koga/autobench_perf/src/autobench/canrdr01_lite)
canrdr01_lite	81442	[013]	2603708.389667	45861	cpu/event=0xD0,umask=0x82/u	4008b7	GetInputValues	(/home/koga/autobench_perf/src/autobench/canrdr01_lite)
canrdr01_lite	81442	[013]	2603708.389767	45852	cpu/event=0xD0,umask=0x82/u	400f4d	t_run_test	(/home/koga/autobench_perf/src/autobench/canrdr01_lite)
canrdr01_lite	81442	[013]	2603708.389866	45854	cpu/event=0xD0,umask=0x82/u	400d69	t_run_test	(/home/koga/autobench_perf/src/autobench/canrdr01_lite)
canrdr01_lite	81442	[013]	2603708.389966	45883	cpu/event=0xD0,umask=0x82/u	400e77	t_run_test	(/home/koga/autobench_perf/src/autobench/canrdr01_lite)
canrdr01_lite	81442	[013]	2603708.390066	45886	cpu/event=0xD0,umask=0x82/u	400dee	t_run_test	(/home/koga/autobench_perf/src/autobench/canrdr01_lite)
canrdr01_lite	81442	[013]	2603708.390166	45923	cpu/event=0xD0,umask=0x82/u	4008b7	GetInputValues	(/home/koga/autobench_perf/src/autobench/canrdr01_lite)
canrdr01_lite	81442	[013]	2603708.390266	45911	cpu/event=0xD0,umask=0x82/u	4008a0	GetInputValues	(/home/koga/autobench_perf/src/autobench/canrdr01_lite)
canrdr01_lite	81442	[013]	2603708.390366	45913	cpu/event=0xD0,umask=0x82/u	400f41	t_run_test	(/home/koga/autobench_perf/src/autobench/canrdr01_lite)
canrdr01_lite	81442	[013]	2603708.390466	45925	cpu/event=0xD0,umask=0x82/u	400dcc	t_run_test	(/home/koga/autobench_perf/src/autobench/canrdr01_lite)
canrdr01_lite	81442	[013]	2603708.390565	45931	cpu/event=0xD0,umask=0x82/u	400c04	t_run_test	(/home/koga/autobench_perf/src/autobench/canrdr01_lite)
canrdr01_lite	81442	[013]	2603708.390666	45961	cpu/event=0xD0,umask=0x82/u	4008b7	GetInputValues	(/home/koga/autobench_perf/src/autobench/canrdr01_lite)
canrdr01_lite	81442	[013]	2603708.390765	45935	cpu/event=0xD0,umask=0x82/u	400e37	t_run_test	(/home/koga/autobench_perf/src/autobench/canrdr01_lite)
canrdr01_lite	81442	[013]	2603708.390866	45953	cpu/event=0xD0,umask=0x82/u	400f41	t_run_test	(/home/koga/autobench_perf/src/autobench/canrdr01_lite)
canrdr01_lite	81442	[013]	2603708.390966	45931	cpu/event=0xD0,umask=0x82/u	400fd1	t_run_test	(/home/koga/autobench_perf/src/autobench/canrdr01_lite)
canrdr01_lite	81442	[013]	2603708.391066	45937	cpu/event=0xD0,umask=0x82/u	400c07	t_run_test	(/home/koga/autobench_perf/src/autobench/canrdr01_lite)
canrdr01_lite	81442	[013]	2603708.391166	45942	cpu/event=0xD0,umask=0x82/u	400c04	t_run_test	(/home/koga/autobench_perf/src/autobench/canrdr01_lite)
canrdr01_lite	81442	[013]	2603708.391265	45933	cpu/event=0xD0,umask=0x82/u	400e0f	t_run_test	(/home/koga/autobench_perf/src/autobench/canrdr01_lite)
canrdr01_lite	81442	[013]	2603708.391366	45957	cpu/event=0xD0,umask=0x82/u	400f41	t_run_test	(/home/koga/autobench_perf/src/autobench/canrdr01_lite)
canrdr01_lite	81442	[013]	2603708.391465	45941	cpu/event=0xD0,umask=0x82/u	400ea8	t_run_test	(/home/koga/autobench_perf/src/autobench/canrdr01_lite)
canrdr01_lite	81442	[013]	2603708.391565	45962	cpu/event=0xD0,umask=0x82/u	4008b3	GetInputValues	(/home/koga/autobench_perf/src/autobench/canrdr01_lite)
canrdr01_lite	81442	[013]	2603708.391666	45960	cpu/event=0xD0,umask=0x82/u	400d69	t_run_test	(/home/koga/autobench_perf/src/autobench/canrdr01_lite)
canrdr01_lite	81442	[013]	2603708.391766	45944	cpu/event=0xD0,umask=0x82/u	4008c3	GetInputValues	(/home/koga/autobench_perf/src/autobench/canrdr01_lite)
canrdr01_lite	81442	[013]	2603708.391866	45950	cpu/event=0xD0,umask=0x82/u	4008b7	GetInputValues	(/home/koga/autobench_perf/src/autobench/canrdr01_lite)
canrdr01_lite	81442	[013]	2603708.391965	45951	cpu/event=0xD0,umask=0x82/u	400f41	t_run_test	(/home/koga/autobench_perf/src/autobench/canrdr01_lite)
canrdr01_lite	81442	[013]	2603708.392084	45966	cpu/event=0xD0,umask=0x82/u	400f41	t_run_test	(/home/koga/autobench_perf/src/autobench/canrdr01_lite)
canrdr01_lite	81442	[013]	2603708.392184	45040	cpu/event=0xD0,umask=0x82/u	400d69	t_run_test	(/home/koga/autobench_perf/src/autobench/canrdr01_lite)
canrdr01_lite	81442	[013]	2603708.392283	45044	cpu/event=0xD0,umask=0x82/u	400f41	t_run_test	(/home/koga/autobench_perf/src/autobench/canrdr01_lite)
canrdr01_lite	81442	[013]	2603708.392389	45108	cpu/event=0xD0,umask=0x82/u	400fb0	t_run_test	(/home/koga/autobench_perf/src/autobench/canrdr01_lite)
canrdr01_lite	81442	[013]	2603708.392480	44792	cpu/event=0xD0,umask=0x82/u	400ea8	t_run_test	(/home/koga/autobench_perf/src/autobench/canrdr01_lite)
canrdr01_lite	81442	[013]	2603708.392571	45350	cpu/event=0xD0,umask=0x82/u	400f41	t_run_test	(/home/koga/autobench_perf/src/autobench/canrdr01_lite)
canrdr01_lite	81442	[013]	2603708.392662	45935	cpu/event=0xD0,umask=0x82/u	400e0f	t_run_test	(/home/koga/autobench_perf/src/autobench/canrdr01_lite)
canrdr01_lite	81442	[013]	2603708.392754	46478	cpu/event=0xD0,umask=0x82/u	400dac	t_run_test	(/home/koga/autobench_perf/src/autobench/canrdr01_lite)
canrdr01_lite	81442	[013]	2603708.392847	46986	cpu/event=0xD0,umask=0x82/u	400f41	t_run_test	(/home/koga/autobench_perf/src/autobench/canrdr01_lite)
canrdr01_lite	81442	[013]	2603708.392940	47439	cpu/event=0xD0,umask=0x82/u	4008a6	GetInputValues	(/home/koga/autobench_perf/src/autobench/canrdr01_lite)
canrdr01_lite	81442	[013]	2603708.393035	47844	cpu/event=0xD0,umask=0x82/u	400a68	t_run_test	(/home/koga/autobench_perf/src/autobench/canrdr01_lite)
canrdr01_lite	81442	[013]	2603708.393130	48187	cpu/event=0xD0,umask=0x82/u	400de7	t_run_test	(/home/koga/autobench_perf/src/autobench/canrdr01_lite)
canrdr01_lite	81442	[013]	2603708.393226	48510	cpu/event=0xD0,umask=0x82/u	400f41	t_run_test	(/home/koga/autobench_perf/src/autobench/canrdr01_lite)
canrdr01_lite	81442	[013]	2603708.393321	48778	cpu/event=0xD0,umask=0x82/u	400c22	t_run_test	(/home/koga/autobench_perf/src/autobench/canrdr01_lite)
canrdr01_lite	81442	[013]	2603708.393418	49043	cpu/event=0xD0,umask=0x82/u	4011d8	t_run_test	(/home/koga/autobench_perf/src/autobench/canrdr01_lite)
canrdr01_lite	81442	[013]	2603708.393515	49253	cpu/event=0xD0,umask=0x82/u	400ea8	t_run_test	(/home/koga/autobench_perf/src/autobench/canrdr01_lite)
canrdr01_lite	81442	[013]	2603708.393612	49451	cpu/event=0xD0,umask=0x82/u	4008a0	GetInputValues	(/home/koga/autobench_perf/src/autobench/canrdr01_lite)
canrdr01_lite	81442	[013]	2603708.393710	49655	cpu/event=0xD0,umask=0x82/u	400ea8	t_run_test	(/home/koga/autobench_perf/src/autobench/canrdr01_lite)
canrdr01_lite	81442	[013]	2603708.393807	49808	cpu/event=0xD0,umask=0x82/u	400ea8	t_run_test	(/home/koga/autobench_perf/src/autobench/canrdr01_lite)
canrdr01_lite	81442	[013]	2603708.393905	49960	cpu/event=0xD0,umask=0x82/u	400d60	t_run_test	(/home/koga/autobench_perf/src/autobench/canrdr01_lite)
canrdr01_lite	81442	[013]	2603708.394004	50073	cpu/event=0xD0,umask=0x82/u	400d69	t_run_test	(/home/koga/autobench_perf/src/autobench/canrdr01_lite)
canrdr01_lite	81442	[013]	2603708.394102	50168	cpu/event=0xD0,umask=0x82/u	400c1b	t_run_test	(/home/koga/autobench_perf/src/autobench/canrdr01_lite)
canrdr01_lite	81442	[013]	2603708.394200	50278	cpu/event=0xD0,umask=0x82/u	400c07	t_run_test	(/home/koga/autobench_perf/src/autobench/canrdr01_lite)
canrdr01_lite	81442	[013]	2603708.394294	50384	cpu/event=0xD0,umask=0x82/u	400a54	t_run_test	(/home/koga/autobench_perf/src/autobench/canrdr01_lite)
canrdr01_lite	81442	[013]	2603708.394393	50817	cpu/event=0xD0,umask=0x82/u	400f00	t_run_test	(/home/koga/autobench_perf/src/autobench/canrdr01_lite)
canrdr01_lite	81442	[013]	2603708.394492	50908	cpu/event=0xD0,umask=0x82/u	4008b7	GetInputValues	(/home/koga/autobench_perf/src/autobench/canrdr01_lite)
canrdr01_lite	81442	[013]	2603708.394592	50946	cpu/event=0xD0,umask=0x82/u	400f41	t_run_test	(/home/koga/autobench_perf/src/autobench/canrdr01_lite)
canrdr01_lite	81442	[013]	2603708.394692	50954	cpu/event=0xD0,umask=0x82/u	400f41	t_run_test	(/home/koga/autobench_perf/src/autobench/canrdr01_lite)
canrdr01_lite	81442	[013]	2603708.394796	50980	cpu/event=0xD0,umask=0x82/u	4008b0	GetInputValues	(/home/koga/autobench_perf/src/autobench/canrdr01_lite)
canrdr01_lite	81442	[013]	2603708.394891	50710	cpu/event=0xD0,umask=0x82/u	400e90	t_run_test	(/home/koga/autobench_perf/src/autobench/canrdr01_lite)
canrdr01_lite	81442	[013]	2603708.394990	51072	cpu/event=0xD0,umask=0x82/u	400f41	t_run_test	(/home/koga/autobench_perf/src/autobench/canrdr01_lite)
canrdr01_lite	81442	[013]	2603708.395089	51132	cpu/event=0xD0,umask=0x82/u	4008b7	GetInputValues	(/home/koga/autobench_perf/src/autobench/canrdr01_lite)
canrdr01_lite	81442	[013]	2603708.395189	51154	cpu/event=0xD0,umask=0x82/u	400f41	t_run_test	(/home/koga/autobench_perf/src/autobench/canrdr01_lite)
canrdr01_lite	81442	[013]	2603708.395290	51157	cpu/event=0xD0,umask=0x82/u	400ea8	t_run_test	(/home/koga/autobench_perf/src/autobench/canrdr01_lite)
canrdr01_lite	81442	[013]	2603708.395389	51137	cpu/event=0xD0,umask=0x82/u	40116c	t_run_test	(/home/koga/autobench_perf/src/autobench/canrdr01_lite)
canrdr01_lite	81442	[013]	2603708.395489	51162	cpu/event=0xD0,umask=0x82/u	400e77	t_run_test	(/home/koga/autobench_perf/src/autobench/canrdr01_lite)
canrdr01_lite	81442	[013]	2603708.395589	51181	cpu/event=0xD0,umask=0x82/u	400ea8	t_run_test	(/home/koga/autobench_perf/src/autobench/canrdr01_lite)
canrdr01_lite	81442	[013]	2603708.395689	51195	cpu/event=0xD0,umask=0x82/u	400ea8	t_run_test	(/home/koga/autobench_perf/src/autobench/canrdr01_lite)
canrdr01_lite	81442	[013]	2603708.395788	51202	cpu/event=0xD0,umask=0x82/u	400d69	t_run_test	(/home/koga/autobench_perf/src/autobench/canrdr01_lite)
canrdr01_lite	81442	[013]	2603708.395889	51218	cpu/event=0xD0,umask=0x82/u	400e37	t_run_test	(/home/koga/autobench_perf/src/autobench/canrdr01_lite)
canrdr01_lite	81442	[013]	2603708.395989	51206	cpu/event=0xD0,umask=0x82/u	400f41	t_run_test	(/home/koga/autobench_perf/src/autobench/canrdr01_lite)
