canrdr01_lite	81731	[025]	2603731.690003	1	cpu/event=0xC0,umask=0x00/u	7f9d2eaa0c30	_start	(/lib/x86_64-linux-gnu/ld-2.23.so)
canrdr01_lite	81731	[025]	2603731.690015	1	cpu/event=0xC0,umask=0x00/u	7f9d2eaa0c30	_start	(/lib/x86_64-linux-gnu/ld-2.23.so)
canrdr01_lite	81731	[025]	2603731.690025	2	cpu/event=0xC0,umask=0x00/u	7f9d2eaa0c30	_start	(/lib/x86_64-linux-gnu/ld-2.23.so)
canrdr01_lite	81731	[025]	2603731.690038	5	cpu/event=0xC0,umask=0x00/u	ffffffff8186d5d0	page_fault	([kernel.kallsyms])
canrdr01_lite	81731	[025]	2603731.690070	10	cpu/event=0xC0,umask=0x00/u	7f9d2eaa19b0	_dl_start	(/lib/x86_64-linux-gnu/ld-2.23.so)
canrdr01_lite	81731	[025]	2603731.690077	13	cpu/event=0xC0,umask=0x00/u	ffffffff8186d5d0	page_fault	([kernel.kallsyms])
canrdr01_lite	81731	[025]	2603731.690093	36	cpu/event=0xC0,umask=0x00/u	7f9d2eaa1a48	_dl_start	(/lib/x86_64-linux-gnu/ld-2.23.so)
canrdr01_lite	81731	[025]	2603731.690100	60	cpu/event=0xC0,umask=0x00/u	7f9d2eaa1c68	_dl_start	(/lib/x86_64-linux-gnu/ld-2.23.so)
canrdr01_lite	81731	[025]	2603731.690112	154	cpu/event=0xC0,umask=0x00/u	7f9d2eaa1a53	_dl_start	(/lib/x86_64-linux-gnu/ld-2.23.so)
canrdr01_lite	81731	[025]	2603731.690133	294	cpu/event=0xC0,umask=0x00/u	7f9d2eaa1b84	_dl_start	(/lib/x86_64-linux-gnu/ld-2.23.so)
canrdr01_lite	81731	[025]	2603731.690165	433	cpu/event=0xC0,umask=0x00/u	7f9d2eaaba80	_dl_setup_hash	(/lib/x86_64-linux-gnu/ld-2.23.so)
canrdr01_lite	81731	[025]	2603731.690199	551	cpu/event=0xC0,umask=0x00/u	7f9d2eaba420	brk	(/lib/x86_64-linux-gnu/ld-2.23.so)
canrdr01_lite	81731	[025]	2603731.690225	684	cpu/event=0xC0,umask=0x00/u	7f9d2eaabcd3	_dl_new_object	(/lib/x86_64-linux-gnu/ld-2.23.so)
canrdr01_lite	81731	[025]	2603731.690255	923	cpu/event=0xC0,umask=0x00/u	7f9d2eab9e25	__libc_memalign	(/lib/x86_64-linux-gnu/ld-2.23.so)
canrdr01_lite	81731	[025]	2603731.690283	1195	cpu/event=0xC0,umask=0x00/u	7f9d2eab9e70	malloc	(/lib/x86_64-linux-gnu/ld-2.23.so)
canrdr01_lite	81731	[025]	2603731.690322	1590	cpu/event=0xC0,umask=0x00/u	7f9d2eabbac1	strcmp	(/lib/x86_64-linux-gnu/ld-2.23.so)
canrdr01_lite	81731	[025]	2603731.690376	1893	cpu/event=0xC0,umask=0x00/u	7f9d2eab80af	_dl_cache_libcmp	(/lib/x86_64-linux-gnu/ld-2.23.so)
canrdr01_lite	81731	[025]	2603731.690448	2099	cpu/event=0xC0,umask=0x00/u	7f9d2eaa6c1d	_dl_map_object_from_fd	(/lib/x86_64-linux-gnu/ld-2.23.so)
canrdr01_lite	81731	[025]	2603731.690481	2201	cpu/event=0xC0,umask=0x00/u	7f9d2eab808d	_dl_cache_libcmp	(/lib/x86_64-linux-gnu/ld-2.23.so)
canrdr01_lite	81731	[025]	2603731.690551	2749	cpu/event=0xC0,umask=0x00/u	7f9d2eaa6c1d	_dl_map_object_from_fd	(/lib/x86_64-linux-gnu/ld-2.23.so)
canrdr01_lite	81731	[025]	2603731.690597	2896	cpu/event=0xC0,umask=0x00/u	7f9d2eabc602	strcmp	(/lib/x86_64-linux-gnu/ld-2.23.so)
canrdr01_lite	81731	[025]	2603731.690621	3330	cpu/event=0xC0,umask=0x00/u	7f9d2eabcec8	strcmp	(/lib/x86_64-linux-gnu/ld-2.23.so)
canrdr01_lite	81731	[025]	2603731.690661	4623	cpu/event=0xC0,umask=0x00/u	ffffffff8186a950	entry_SYSCALL_64	([kernel.kallsyms])
canrdr01_lite	81731	[025]	2603731.690709	5508	cpu/event=0xC0,umask=0x00/u	7f9d2eaac633	_dl_relocate_object	(/lib/x86_64-linux-gnu/ld-2.23.so)
canrdr01_lite	81731	[025]	2603731.690730	6241	cpu/event=0xC0,umask=0x00/u	7f9d2eaac65a	_dl_relocate_object	(/lib/x86_64-linux-gnu/ld-2.23.so)
canrdr01_lite	81731	[025]	2603731.690749	9097	cpu/event=0xC0,umask=0x00/u	7f9d2eaacab0	_dl_relocate_object	(/lib/x86_64-linux-gnu/ld-2.23.so)
canrdr01_lite	81731	[025]	2603731.690780	14007	cpu/event=0xC0,umask=0x00/u	7f9d2eaa9fc8	do_lookup_x	(/lib/x86_64-linux-gnu/ld-2.23.so)
canrdr01_lite	81731	[025]	2603731.690813	17859	cpu/event=0xC0,umask=0x00/u	7f9d2eaaa5b4	do_lookup_x	(/lib/x86_64-linux-gnu/ld-2.23.so)
canrdr01_lite	81731	[025]	2603731.690852	22523	cpu/event=0xC0,umask=0x00/u	7f9d2eaaa5be	do_lookup_x	(/lib/x86_64-linux-gnu/ld-2.23.so)
canrdr01_lite	81731	[025]	2603731.691026	26896	cpu/event=0xC0,umask=0x00/u	7f9d2eaaaa71	_dl_lookup_symbol_x	(/lib/x86_64-linux-gnu/ld-2.23.so)
canrdr01_lite	81731	[025]	2603731.691099	25472	cpu/event=0xC0,umask=0x00/u	7f9d2e510364	_dl_addr	(/lib/x86_64-linux-gnu/libc-2.23.so)
canrdr01_lite	81731	[025]	2603731.691142	26635	cpu/event=0xC0,umask=0x00/u	7f9d2e5103f0	_dl_addr	(/lib/x86_64-linux-gnu/libc-2.23.so)
canrdr01_lite	81731	[025]	2603731.691230	31041	cpu/event=0xC0,umask=0x00/u	400c27	t_run_test	(/home/koga/autobench_perf/src/autobench/canrdr01_lite)
canrdr01_lite	81731	[025]	2603731.691269	31565	cpu/event=0xC0,umask=0x00/u	4008b7	GetInputValues	(/home/koga/autobench_perf/src/autobench/canrdr01_lite)
canrdr01_lite	81731	[025]	2603731.691291	37847	cpu/event=0xC0,umask=0x00/u	400d69	t_run_test	(/home/koga/autobench_perf/src/autobench/canrdr01_lite)
canrdr01_lite	81731	[025]	2603731.691326	53734	cpu/event=0xC0,umask=0x00/u	400d69	t_run_test	(/home/koga/autobench_perf/src/autobench/canrdr01_lite)
canrdr01_lite	81731	[025]	2603731.691362	66369	cpu/event=0xC0,umask=0x00/u	400a68	t_run_test	(/home/koga/autobench_perf/src/autobench/canrdr01_lite)
canrdr01_lite	81731	[025]	2603731.691407	81422	cpu/event=0xC0,umask=0x00/u	400f41	t_run_test	(/home/koga/autobench_perf/src/autobench/canrdr01_lite)
canrdr01_lite	81731	[025]	2603731.691457	93813	cpu/event=0xC0,umask=0x00/u	4011d8	t_run_test	(/home/koga/autobench_perf/src/autobench/canrdr01_lite)
canrdr01_lite	81731	[025]	2603731.691512	105325	cpu/event=0xC0,umask=0x00/u	4011d8	t_run_test	(/home/koga/autobench_perf/src/autobench/canrdr01_lite)
canrdr01_lite	81731	[025]	2603731.691571	116191	cpu/event=0xC0,umask=0x00/u	400ea8	t_run_test	(/home/koga/autobench_perf/src/autobench/canrdr01_lite)
canrdr01_lite	81731	[025]	2603731.691634	126262	cpu/event=0xC0,umask=0x00/u	400dc0	t_run_test	(/home/koga/autobench_perf/src/autobench/canrdr01_lite)
canrdr01_lite	81731	[025]	2603731.691705	135684	cpu/event=0xC0,umask=0x00/u	400ea4	t_run_test	(/home/koga/autobench_perf/src/autobench/canrdr01_lite)
canrdr01_lite	81731	[025]	2603731.691776	142390	cpu/event=0xC0,umask=0x00/u	400cd8	t_run_test	(/home/koga/autobench_perf/src/autobench/canrdr01_lite)
canrdr01_lite	81731	[025]	2603731.691848	149978	cpu/event=0xC0,umask=0x00/u	400d69	t_run_test	(/home/koga/autobench_perf/src/autobench/canrdr01_lite)
canrdr01_lite	81731	[025]	2603731.691947	141730	cpu/event=0xC0,umask=0x00/u	400fb0	t_run_test	(/home/koga/autobench_perf/src/autobench/canrdr01_lite)
canrdr01_lite	81731	[025]	2603731.692025	141813	cpu/event=0xC0,umask=0x00/u	400e1b	t_run_test	(/home/koga/autobench_perf/src/autobench/canrdr01_lite)
canrdr01_lite	81731	[025]	2603731.692097	146819	cpu/event=0xC0,umask=0x00/u	400a25	t_run_test	(/home/koga/autobench_perf/src/autobench/canrdr01_lite)
canrdr01_lite	81731	[025]	2603731.692171	153947	cpu/event=0xC0,umask=0x00/u	400d60	t_run_test	(/home/koga/autobench_perf/src/autobench/canrdr01_lite)
canrdr01_lite	81731	[025]	2603731.692253	160717	cpu/event=0xC0,umask=0x00/u	400d60	t_run_test	(/home/koga/autobench_perf/src/autobench/canrdr01_lite)
canrdr01_lite	81731	[025]	2603731.692332	165169	cpu/event=0xC0,umask=0x00/u	400f41	t_run_test	(/home/koga/autobench_perf/src/autobench/canrdr01_lite)
canrdr01_lite	81731	[025]	2603731.692412	170779	cpu/event=0xC0,umask=0x00/u	400ea8	t_run_test	(/home/koga/autobench_perf/src/autobench/canrdr01_lite)
canrdr01_lite	81731	[025]	2603731.692500	175992	cpu/event=0xC0,umask=0x00/u	400ea8	t_run_test	(/home/koga/autobench_perf/src/autobench/canrdr01_lite)
canrdr01_lite	81731	[025]	2603731.692584	178997	cpu/event=0xC0,umask=0x00/u	400c04	t_run_test	(/home/koga/autobench_perf/src/autobench/canrdr01_lite)
canrdr01_lite	81731	[025]	2603731.692675	183197	cpu/event=0xC0,umask=0x00/u	400bf0	t_run_test	(/home/koga/autobench_perf/src/autobench/canrdr01_lite)
canrdr01_lite	81731	[025]	2603731.692756	185630	cpu/event=0xC0,umask=0x00/u	400f41	t_run_test	(/home/koga/autobench_perf/src/autobench/canrdr01_lite)
canrdr01_lite	81731	[025]	2603731.692849	190889	cpu/event=0xC0,umask=0x00/u	4008d8	GetInputValues	(/home/koga/autobench_perf/src/autobench/canrdr01_lite)
canrdr01_lite	81731	[025]	2603731.692943	192838	cpu/event=0xC0,umask=0x00/u	400ea8	t_run_test	(/home/koga/autobench_perf/src/autobench/canrdr01_lite)
canrdr01_lite	81731	[025]	2603731.693033	194198	cpu/event=0xC0,umask=0x00/u	4010cd	t_run_test	(/home/koga/autobench_perf/src/autobench/canrdr01_lite)
canrdr01_lite	81731	[025]	2603731.693134	196939	cpu/event=0xC0,umask=0x00/u	400e57	t_run_test	(/home/koga/autobench_perf/src/autobench/canrdr01_lite)
canrdr01_lite	81731	[025]	2603731.693226	196640	cpu/event=0xC0,umask=0x00/u	400d69	t_run_test	(/home/koga/autobench_perf/src/autobench/canrdr01_lite)
canrdr01_lite	81731	[025]	2603731.693319	198911	cpu/event=0xC0,umask=0x00/u	400f60	t_run_test	(/home/koga/autobench_perf/src/autobench/canrdr01_lite)
canrdr01_lite	81731	[025]	2603731.693411	200838	cpu/event=0xC0,umask=0x00/u	400e24	t_run_test	(/home/koga/autobench_perf/src/autobench/canrdr01_lite)
canrdr01_lite	81731	[025]	2603731.693503	203074	cpu/event=0xC0,umask=0x00/u	4008c3	GetInputValues	(/home/koga/autobench_perf/src/autobench/canrdr01_lite)
canrdr01_lite	81731	[025]	2603731.693602	205048	cpu/event=0xC0,umask=0x00/u	400ea8	t_run_test	(/home/koga/autobench_perf/src/autobench/canrdr01_lite)
canrdr01_lite	81731	[025]	2603731.693702	205321	cpu/event=0xC0,umask=0x00/u	400e37	t_run_test	(/home/koga/autobench_perf/src/autobench/canrdr01_lite)
canrdr01_lite	81731	[025]	2603731.693802	205393	cpu/event=0xC0,umask=0x00/u	400f1d	t_run_test	(/home/koga/autobench_perf/src/autobench/canrdr01_lite)
canrdr01_lite	81731	[025]	2603731.693896	205330	cpu/event=0xC0,umask=0x00/u	400f41	t_run_test	(/home/koga/autobench_perf/src/autobench/canrdr01_lite)
canrdr01_lite	81731	[025]	2603731.693997	206945	cpu/event=0xC0,umask=0x00/u	400d69	t_run_test	(/home/koga/autobench_perf/src/autobench/canrdr01_lite)
canrdr01_lite	81731	[025]	2603731.694093	206752	cpu/event=0xC0,umask=0x00/u	400f41	t_run_test	(/home/koga/autobench_perf/src/autobench/canrdr01_lite)
canrdr01_lite	81731	[025]	2603731.694188	207765	cpu/event=0xC0,umask=0x00/u	400d69	t_run_test	(/home/koga/autobench_perf/src/autobench/canrdr01_lite)
canrdr01_lite	81731	[025]	2603731.694289	209123	cpu/event=0xC0,umask=0x00/u	4010d2	t_run_test	(/home/koga/autobench_perf/src/autobench/canrdr01_lite)
canrdr01_lite	81731	[025]	2603731.694390	208948	cpu/event=0xC0,umask=0x00/u	400fb8	t_run_test	(/home/koga/autobench_perf/src/autobench/canrdr01_lite)
canrdr01_lite	81731	[025]	2603731.694492	208740	cpu/event=0xC0,umask=0x00/u	400d69	t_run_test	(/home/koga/autobench_perf/src/autobench/canrdr01_lite)
canrdr01_lite	81731	[025]	2603731.694589	208216	cpu/event=0xC0,umask=0x00/u	400abc	t_run_test	(/home/koga/autobench_perf/src/autobench/canrdr01_lite)
canrdr01_lite	81731	[025]	2603731.694679	209071	cpu/event=0xC0,umask=0x00/u	4008a0	GetInputValues	(/home/koga/autobench_perf/src/autobench/canrdr01_lite)
canrdr01_lite	81731	[025]	2603731.694780	211919	cpu/event=0xC0,umask=0x00/u	4010ee	t_run_test	(/home/koga/autobench_perf/src/autobench/canrdr01_lite)
canrdr01_lite	81731	[025]	2603731.694882	211693	cpu/event=0xC0,umask=0x00/u	400ea8	t_run_test	(/home/koga/autobench_perf/src/autobench/canrdr01_lite)
canrdr01_lite	81731	[025]	2603731.694984	211132	cpu/event=0xC0,umask=0x00/u	400f41	t_run_test	(/home/koga/autobench_perf/src/autobench/canrdr01_lite)
canrdr01_lite	81731	[025]	2603731.695087	210620	cpu/event=0xC0,umask=0x00/u	400ea8	t_run_test	(/home/koga/autobench_perf/src/autobench/canrdr01_lite)
canrdr01_lite	81731	[025]	2603731.695189	209829	cpu/event=0xC0,umask=0x00/u	400bc6	t_run_test	(/home/koga/autobench_perf/src/autobench/canrdr01_lite)
canrdr01_lite	81731	[025]	2603731.695285	209359	cpu/event=0xC0,umask=0x00/u	400da4	t_run_test	(/home/koga/autobench_perf/src/autobench/canrdr01_lite)
canrdr01_lite	81731	[025]	2603731.695386	210469	cpu/event=0xC0,umask=0x00/u	400ef2	t_run_test	(/home/koga/autobench_perf/src/autobench/canrdr01_lite)
canrdr01_lite	81731	[025]	2603731.695487	210180	cpu/event=0xC0,umask=0x00/u	400c22	t_run_test	(/home/koga/autobench_perf/src/autobench/canrdr01_lite)
canrdr01_lite	81731	[025]	2603731.695594	209817	cpu/event=0xC0,umask=0x00/u	400f41	t_run_test	(/home/koga/autobench_perf/src/autobench/canrdr01_lite)
canrdr01_lite	81731	[025]	2603731.695695	208134	cpu/event=0xC0,umask=0x00/u	400ea8	t_run_test	(/home/koga/autobench_perf/src/autobench/canrdr01_lite)
canrdr01_lite	81731	[025]	2603731.695792	207911	cpu/event=0xC0,umask=0x00/u	400d69	t_run_test	(/home/koga/autobench_perf/src/autobench/canrdr01_lite)
canrdr01_lite	81731	[025]	2603731.695887	208783	cpu/event=0xC0,umask=0x00/u	400d69	t_run_test	(/home/koga/autobench_perf/src/autobench/canrdr01_lite)
canrdr01_lite	81731	[025]	2603731.696006	209547	cpu/event=0xC0,umask=0x00/u	400f41	t_run_test	(/home/koga/autobench_perf/src/autobench/canrdr01_lite)
canrdr01_lite	81731	[025]	2603731.696103	205381	cpu/event=0xC0,umask=0x00/u	400f41	t_run_test	(/home/koga/autobench_perf/src/autobench/canrdr01_lite)
canrdr01_lite	81731	[025]	2603731.696198	206131	cpu/event=0xC0,umask=0x00/u	400c22	t_run_test	(/home/koga/autobench_perf/src/autobench/canrdr01_lite)
canrdr01_lite	81731	[025]	2603731.696298	207504	cpu/event=0xC0,umask=0x00/u	400d69	t_run_test	(/home/koga/autobench_perf/src/autobench/canrdr01_lite)
canrdr01_lite	81731	[025]	2603731.696404	207597	cpu/event=0xC0,umask=0x00/u	400d48	t_run_test	(/home/koga/autobench_perf/src/autobench/canrdr01_lite)
canrdr01_lite	81731	[025]	2603731.696504	206172	cpu/event=0xC0,umask=0x00/u	400b31	t_run_test	(/home/koga/autobench_perf/src/autobench/canrdr01_lite)
canrdr01_lite	81731	[025]	2603731.696604	206045	cpu/event=0xC0,umask=0x00/u	400ea8	t_run_test	(/home/koga/autobench_perf/src/autobench/canrdr01_lite)
canrdr01_lite	81731	[025]	2603731.696704	206045	cpu/event=0xC0,umask=0x00/u	4008a0	GetInputValues	(/home/koga/autobench_perf/src/autobench/canrdr01_lite)
canrdr01_lite	81731	[025]	2603731.696798	206094	cpu/event=0xC0,umask=0x00/u	400f41	t_run_test	(/home/koga/autobench_perf/src/autobench/canrdr01_lite)
canrdr01_lite	81731	[025]	2603731.696898	207608	cpu/event=0xC0,umask=0x00/u	400a49	t_run_test	(/home/koga/autobench_perf/src/autobench/canrdr01_lite)
canrdr01_lite	81731	[025]	2603731.696999	207610	cpu/event=0xC0,umask=0x00/u	4008b7	GetInputValues	(/home/koga/autobench_perf/src/autobench/canrdr01_lite)
canrdr01_lite	81731	[025]	2603731.697093	207552	cpu/event=0xC0,umask=0x00/u	400c04	t_run_test	(/home/koga/autobench_perf/src/autobench/canrdr01_lite)
canrdr01_lite	81731	[025]	2603731.697195	208965	cpu/event=0xC0,umask=0x00/u	400ea8	t_run_test	(/home/koga/autobench_perf/src/autobench/canrdr01_lite)
canrdr01_lite	81731	[025]	2603731.697300	208659	cpu/event=0xC0,umask=0x00/u	400ea8	t_run_test	(/home/koga/autobench_perf/src/autobench/canrdr01_lite)
canrdr01_lite	81731	[025]	2603731.697401	207207	cpu/event=0xC0,umask=0x00/u	400ea8	t_run_test	(/home/koga/autobench_perf/src/autobench/canrdr01_lite)
canrdr01_lite	81731	[025]	2603731.697491	207131	cpu/event=0xC0,umask=0x00/u	400f46	t_run_test	(/home/koga/autobench_perf/src/autobench/canrdr01_lite)
canrdr01_lite	81731	[025]	2603731.697591	209984	cpu/event=0xC0,umask=0x00/u	400ea8	t_run_test	(/home/koga/autobench_perf/src/autobench/canrdr01_lite)
canrdr01_lite	81731	[025]	2603731.697692	209894	cpu/event=0xC0,umask=0x00/u	400fb8	t_run_test	(/home/koga/autobench_perf/src/autobench/canrdr01_lite)
canrdr01_lite	81731	[025]	2603731.697799	209576	cpu/event=0xC0,umask=0x00/u	400d48	t_run_test	(/home/koga/autobench_perf/src/autobench/canrdr01_lite)
canrdr01_lite	81731	[025]	2603731.697900	207989	cpu/event=0xC0,umask=0x00/u	400c22	t_run_test	(/home/koga/autobench_perf/src/autobench/canrdr01_lite)
canrdr01_lite	81731	[025]	2603731.698001	207678	cpu/event=0xC0,umask=0x00/u	400c1b	t_run_test	(/home/koga/autobench_perf/src/autobench/canrdr01_lite)
canrdr01_lite	81731	[025]	2603731.698101	207552	cpu/event=0xC0,umask=0x00/u	400fb8	t_run_test	(/home/koga/autobench_perf/src/autobench/canrdr01_lite)
canrdr01_lite	81731	[025]	2603731.698202	207329	cpu/event=0xC0,umask=0x00/u	400dc0	t_run_test	(/home/koga/autobench_perf/src/autobench/canrdr01_lite)
canrdr01_lite	81731	[025]	2603731.698298	207185	cpu/event=0xC0,umask=0x00/u	400d69	t_run_test	(/home/koga/autobench_perf/src/autobench/canrdr01_lite)
canrdr01_lite	81731	[025]	2603731.698393	208184	cpu/event=0xC0,umask=0x00/u	400f00	t_run_test	(/home/koga/autobench_perf/src/autobench/canrdr01_lite)
canrdr01_lite	81731	[025]	2603731.698494	209532	cpu/event=0xC0,umask=0x00/u	400f41	t_run_test	(/home/koga/autobench_perf/src/autobench/canrdr01_lite)
canrdr01_lite	81731	[025]	2603731.698596	209317	cpu/event=0xC0,umask=0x00/u	400f41	t_run_test	(/home/koga/autobench_perf/src/autobench/canrdr01_lite)
canrdr01_lite	81731	[025]	2603731.698698	208738	cpu/event=0xC0,umask=0x00/u	4010c0	t_run_test	(/home/koga/autobench_perf/src/autobench/canrdr01_lite)
canrdr01_lite	81731	[025]	2603731.698798	208404	cpu/event=0xC0,umask=0x00/u	4011ee	t_run_test	(/home/koga/autobench_perf/src/autobench/canrdr01_lite)
canrdr01_lite	81731	[025]	2603731.698900	208217	cpu/event=0xC0,umask=0x00/u	400ea8	t_run_test	(/home/koga/autobench_perf/src/autobench/canrdr01_lite)
canrdr01_lite	81731	[025]	2603731.698996	207915	cpu/event=0xC0,umask=0x00/u	400ea8	t_run_test	(/home/koga/autobench_perf/src/autobench/canrdr01_lite)
canrdr01_lite	81731	[025]	2603731.699092	208808	cpu/event=0xC0,umask=0x00/u	400f41	t_run_test	(/home/koga/autobench_perf/src/autobench/canrdr01_lite)
canrdr01_lite	81731	[025]	2603731.699193	210052	cpu/event=0xC0,umask=0x00/u	400ea8	t_run_test	(/home/koga/autobench_perf/src/autobench/canrdr01_lite)
canrdr01_lite	81731	[025]	2603731.699295	209805	cpu/event=0xC0,umask=0x00/u	400e0f	t_run_test	(/home/koga/autobench_perf/src/autobench/canrdr01_lite)
canrdr01_lite	81731	[025]	2603731.699397	209122	cpu/event=0xC0,umask=0x00/u	4008b7	GetInputValues	(/home/koga/autobench_perf/src/autobench/canrdr01_lite)
canrdr01_lite	81731	[025]	2603731.699498	208674	cpu/event=0xC0,umask=0x00/u	400c22	t_run_test	(/home/koga/autobench_perf/src/autobench/canrdr01_lite)
canrdr01_lite	81731	[025]	2603731.699599	208423	cpu/event=0xC0,umask=0x00/u	400f14	t_run_test	(/home/koga/autobench_perf/src/autobench/canrdr01_lite)
canrdr01_lite	81731	[025]	2603731.699696	208113	cpu/event=0xC0,umask=0x00/u	400f41	t_run_test	(/home/koga/autobench_perf/src/autobench/canrdr01_lite)
canrdr01_lite	81731	[025]	2603731.699792	209039	cpu/event=0xC0,umask=0x00/u	400a25	t_run_test	(/home/koga/autobench_perf/src/autobench/canrdr01_lite)
canrdr01_lite	81731	[025]	2603731.699892	210215	cpu/event=0xC0,umask=0x00/u	4008d8	GetInputValues	(/home/koga/autobench_perf/src/autobench/canrdr01_lite)
canrdr01_lite	81731	[025]	2603731.700011	209718	cpu/event=0xC0,umask=0x00/u	4010c8	t_run_test	(/home/koga/autobench_perf/src/autobench/canrdr01_lite)
canrdr01_lite	81731	[025]	2603731.700112	205530	cpu/event=0xC0,umask=0x00/u	400ebf	t_run_test	(/home/koga/autobench_perf/src/autobench/canrdr01_lite)
canrdr01_lite	81731	[025]	2603731.700212	205272	cpu/event=0xC0,umask=0x00/u	400d60	t_run_test	(/home/koga/autobench_perf/src/autobench/canrdr01_lite)
canrdr01_lite	81731	[025]	2603731.700312	205300	cpu/event=0xC0,umask=0x00/u	400a64	t_run_test	(/home/koga/autobench_perf/src/autobench/canrdr01_lite)
canrdr01_lite	81731	[025]	2603731.700412	205395	cpu/event=0xC0,umask=0x00/u	4008b3	GetInputValues	(/home/koga/autobench_perf/src/autobench/canrdr01_lite)
canrdr01_lite	81731	[025]	2603731.700512	205522	cpu/event=0xC0,umask=0x00/u	400f46	t_run_test	(/home/koga/autobench_perf/src/autobench/canrdr01_lite)
canrdr01_lite	81731	[025]	2603731.700612	205428	cpu/event=0xC0,umask=0x00/u	4008a0	GetInputValues	(/home/koga/autobench_perf/src/autobench/canrdr01_lite)
canrdr01_lite	81731	[025]	2603731.700711	205505	cpu/event=0xC0,umask=0x00/u	400f46	t_run_test	(/home/koga/autobench_perf/src/autobench/canrdr01_lite)
canrdr01_lite	81731	[025]	2603731.700811	205562	cpu/event=0xC0,umask=0x00/u	400cd8	t_run_test	(/home/koga/autobench_perf/src/autobench/canrdr01_lite)
canrdr01_lite	81731	[025]	2603731.700911	205551	cpu/event=0xC0,umask=0x00/u	400ea8	t_run_test	(/home/koga/autobench_perf/src/autobench/canrdr01_lite)
canrdr01_lite	81731	[025]	2603731.701011	205698	cpu/event=0xC0,umask=0x00/u	400d60	t_run_test	(/home/koga/autobench_perf/src/autobench/canrdr01_lite)
canrdr01_lite	81731	[025]	2603731.701106	205699	cpu/event=0xC0,umask=0x00/u	400f41	t_run_test	(/home/koga/autobench_perf/src/autobench/canrdr01_lite)
canrdr01_lite	81731	[025]	2603731.701201	206918	cpu/event=0xC0,umask=0x00/u	400ea8	t_run_test	(/home/koga/autobench_perf/src/autobench/canrdr01_lite)
canrdr01_lite	81731	[025]	2603731.701301	208280	cpu/event=0xC0,umask=0x00/u	400f4d	t_run_test	(/home/koga/autobench_perf/src/autobench/canrdr01_lite)
canrdr01_lite	81731	[025]	2603731.701407	208416	cpu/event=0xC0,umask=0x00/u	4011d8	t_run_test	(/home/koga/autobench_perf/src/autobench/canrdr01_lite)
canrdr01_lite	81731	[025]	2603731.701508	206877	cpu/event=0xC0,umask=0x00/u	400f41	t_run_test	(/home/koga/autobench_perf/src/autobench/canrdr01_lite)
canrdr01_lite	81731	[025]	2603731.701608	206673	cpu/event=0xC0,umask=0x00/u	400d69	t_run_test	(/home/koga/autobench_perf/src/autobench/canrdr01_lite)
canrdr01_lite	81731	[025]	2603731.701708	206631	cpu/event=0xC0,umask=0x00/u	4008b7	GetInputValues	(/home/koga/autobench_perf/src/autobench/canrdr01_lite)
canrdr01_lite	81731	[025]	2603731.701809	206554	cpu/event=0xC0,umask=0x00/u	400f41	t_run_test	(/home/koga/autobench_perf/src/autobench/canrdr01_lite)
canrdr01_lite	81731	[025]	2603731.701909	206504	cpu/event=0xC0,umask=0x00/u	400d10	t_run_test	(/home/koga/autobench_perf/src/autobench/canrdr01_lite)
canrdr01_lite	81731	[025]	2603731.702009	206428	cpu/event=0xC0,umask=0x00/u	400cd8	t_run_test	(/home/koga/autobench_perf/src/autobench/canrdr01_lite)
canrdr01_lite	81731	[025]	2603731.702109	206409	cpu/event=0xC0,umask=0x00/u	400f46	t_run_test	(/home/koga/autobench_perf/src/autobench/canrdr01_lite)
canrdr01_lite	81731	[025]	2603731.702209	206305	cpu/event=0xC0,umask=0x00/u	400d69	t_run_test	(/home/koga/autobench_perf/src/autobench/canrdr01_lite)
canrdr01_lite	81731	[025]	2603731.702309	206306	cpu/event=0xC0,umask=0x00/u	400be3	t_run_test	(/home/koga/autobench_perf/src/autobench/canrdr01_lite)
canrdr01_lite	81731	[025]	2603731.702409	206287	cpu/event=0xC0,umask=0x00/u	400a68	t_run_test	(/home/koga/autobench_perf/src/autobench/canrdr01_lite)
canrdr01_lite	81731	[025]	2603731.702509	206406	cpu/event=0xC0,umask=0x00/u	400f1d	t_run_test	(/home/koga/autobench_perf/src/autobench/canrdr01_lite)
canrdr01_lite	81731	[025]	2603731.702610	206307	cpu/event=0xC0,umask=0x00/u	400ea8	t_run_test	(/home/koga/autobench_perf/src/autobench/canrdr01_lite)
canrdr01_lite	81731	[025]	2603731.702710	206183	cpu/event=0xC0,umask=0x00/u	4008c3	GetInputValues	(/home/koga/autobench_perf/src/autobench/canrdr01_lite)
canrdr01_lite	81731	[025]	2603731.702810	206193	cpu/event=0xC0,umask=0x00/u	400d60	t_run_test	(/home/koga/autobench_perf/src/autobench/canrdr01_lite)
canrdr01_lite	81731	[025]	2603731.702910	206081	cpu/event=0xC0,umask=0x00/u	400d60	t_run_test	(/home/koga/autobench_perf/src/autobench/canrdr01_lite)
canrdr01_lite	81731	[025]	2603731.703010	206141	cpu/event=0xC0,umask=0x00/u	4008d8	GetInputValues	(/home/koga/autobench_perf/src/autobench/canrdr01_lite)
canrdr01_lite	81731	[025]	2603731.703110	206208	cpu/event=0xC0,umask=0x00/u	400d69	t_run_test	(/home/koga/autobench_perf/src/autobench/canrdr01_lite)
canrdr01_lite	81731	[025]	2603731.703199	206270	cpu/event=0xC0,umask=0x00/u	400d69	t_run_test	(/home/koga/autobench_perf/src/autobench/canrdr01_lite)
canrdr01_lite	81731	[025]	2603731.703299	209274	cpu/event=0xC0,umask=0x00/u	400ce6	t_run_test	(/home/koga/autobench_perf/src/autobench/canrdr01_lite)
canrdr01_lite	81731	[025]	2603731.703401	209313	cpu/event=0xC0,umask=0x00/u	400c04	t_run_test	(/home/koga/autobench_perf/src/autobench/canrdr01_lite)
canrdr01_lite	81731	[025]	2603731.703507	208876	cpu/event=0xC0,umask=0x00/u	400dac	t_run_test	(/home/koga/autobench_perf/src/autobench/canrdr01_lite)
canrdr01_lite	81731	[025]	2603731.703607	207357	cpu/event=0xC0,umask=0x00/u	400ee7	t_run_test	(/home/koga/autobench_perf/src/autobench/canrdr01_lite)
canrdr01_lite	81731	[025]	2603731.703703	207190	cpu/event=0xC0,umask=0x00/u	400bb8	t_run_test	(/home/koga/autobench_perf/src/autobench/canrdr01_lite)
canrdr01_lite	81731	[025]	2603731.703809	208354	cpu/event=0xC0,umask=0x00/u	400ea8	t_run_test	(/home/koga/autobench_perf/src/autobench/canrdr01_lite)
canrdr01_lite	81731	[025]	2603731.703904	207024	cpu/event=0xC0,umask=0x00/u	400b5e	t_run_test	(/home/koga/autobench_perf/src/autobench/canrdr01_lite)
canrdr01_lite	81731	[025]	2603731.704028	207971	cpu/event=0xC0,umask=0x00/u	400ef2	t_run_test	(/home/koga/autobench_perf/src/autobench/canrdr01_lite)
canrdr01_lite	81731	[025]	2603731.704123	203004	cpu/event=0xC0,umask=0x00/u	400a2e	t_run_test	(/home/koga/autobench_perf/src/autobench/canrdr01_lite)
canrdr01_lite	81731	[025]	2603731.704218	204206	cpu/event=0xC0,umask=0x00/u	400d69	t_run_test	(/home/koga/autobench_perf/src/autobench/canrdr01_lite)
canrdr01_lite	81731	[025]	2603731.704312	205736	cpu/event=0xC0,umask=0x00/u	400d1e	t_run_test	(/home/koga/autobench_perf/src/autobench/canrdr01_lite)
canrdr01_lite	81731	[025]	2603731.704417	207412	cpu/event=0xC0,umask=0x00/u	400ea8	t_run_test	(/home/koga/autobench_perf/src/autobench/canrdr01_lite)
canrdr01_lite	81731	[025]	2603731.704526	206083	cpu/event=0xC0,umask=0x00/u	400f28	t_run_test	(/home/koga/autobench_perf/src/autobench/canrdr01_lite)
canrdr01_lite	81731	[025]	2603731.704618	203893	cpu/event=0xC0,umask=0x00/u	4008b7	GetInputValues	(/home/koga/autobench_perf/src/autobench/canrdr01_lite)
canrdr01_lite	81731	[025]	2603731.704710	206037	cpu/event=0xC0,umask=0x00/u	400f41	t_run_test	(/home/koga/autobench_perf/src/autobench/canrdr01_lite)
canrdr01_lite	81731	[025]	2603731.704802	208303	cpu/event=0xC0,umask=0x00/u	4008a0	GetInputValues	(/home/koga/autobench_perf/src/autobench/canrdr01_lite)
canrdr01_lite	81731	[025]	2603731.704896	210541	cpu/event=0xC0,umask=0x00/u	400da4	t_run_test	(/home/koga/autobench_perf/src/autobench/canrdr01_lite)
canrdr01_lite	81731	[025]	2603731.704990	212418	cpu/event=0xC0,umask=0x00/u	400b5e	t_run_test	(/home/koga/autobench_perf/src/autobench/canrdr01_lite)
canrdr01_lite	81731	[025]	2603731.705084	214145	cpu/event=0xC0,umask=0x00/u	4008b3	GetInputValues	(/home/koga/autobench_perf/src/autobench/canrdr01_lite)
canrdr01_lite	81731	[025]	2603731.705179	215668	cpu/event=0xC0,umask=0x00/u	400f7a	t_run_test	(/home/koga/autobench_perf/src/autobench/canrdr01_lite)
canrdr01_lite	81731	[025]	2603731.705275	217177	cpu/event=0xC0,umask=0x00/u	400d69	t_run_test	(/home/koga/autobench_perf/src/autobench/canrdr01_lite)
canrdr01_lite	81731	[025]	2603731.705370	218373	cpu/event=0xC0,umask=0x00/u	400dee	t_run_test	(/home/koga/autobench_perf/src/autobench/canrdr01_lite)
canrdr01_lite	81731	[025]	2603731.705468	219603	cpu/event=0xC0,umask=0x00/u	400dcc	t_run_test	(/home/koga/autobench_perf/src/autobench/canrdr01_lite)
canrdr01_lite	81731	[025]	2603731.705560	220428	cpu/event=0xC0,umask=0x00/u	4008b3	GetInputValues	(/home/koga/autobench_perf/src/autobench/canrdr01_lite)
canrdr01_lite	81731	[025]	2603731.705657	222825	cpu/event=0xC0,umask=0x00/u	400ac5	t_run_test	(/home/koga/autobench_perf/src/autobench/canrdr01_lite)
canrdr01_lite	81731	[025]	2603731.705755	223663	cpu/event=0xC0,umask=0x00/u	400f41	t_run_test	(/home/koga/autobench_perf/src/autobench/canrdr01_lite)
canrdr01_lite	81731	[025]	2603731.705853	224144	cpu/event=0xC0,umask=0x00/u	400e70	t_run_test	(/home/koga/autobench_perf/src/autobench/canrdr01_lite)
canrdr01_lite	81731	[025]	2603731.705951	224714	cpu/event=0xC0,umask=0x00/u	400f4d	t_run_test	(/home/koga/autobench_perf/src/autobench/canrdr01_lite)
canrdr01_lite	81731	[025]	2603731.706050	225146	cpu/event=0xC0,umask=0x00/u	400c22	t_run_test	(/home/koga/autobench_perf/src/autobench/canrdr01_lite)
canrdr01_lite	81731	[025]	2603731.706149	225561	cpu/event=0xC0,umask=0x00/u	4008a6	GetInputValues	(/home/koga/autobench_perf/src/autobench/canrdr01_lite)
canrdr01_lite	81731	[025]	2603731.706248	225953	cpu/event=0xC0,umask=0x00/u	4010c0	t_run_test	(/home/koga/autobench_perf/src/autobench/canrdr01_lite)
canrdr01_lite	81731	[025]	2603731.706347	226241	cpu/event=0xC0,umask=0x00/u	400d69	t_run_test	(/home/koga/autobench_perf/src/autobench/canrdr01_lite)
canrdr01_lite	81731	[025]	2603731.706445	226505	cpu/event=0xC0,umask=0x00/u	400f0f	t_run_test	(/home/koga/autobench_perf/src/autobench/canrdr01_lite)
canrdr01_lite	81731	[025]	2603731.706545	226890	cpu/event=0xC0,umask=0x00/u	400b38	t_run_test	(/home/koga/autobench_perf/src/autobench/canrdr01_lite)
canrdr01_lite	81731	[025]	2603731.706644	227062	cpu/event=0xC0,umask=0x00/u	400db4	t_run_test	(/home/koga/autobench_perf/src/autobench/canrdr01_lite)
canrdr01_lite	81731	[025]	2603731.706743	227327	cpu/event=0xC0,umask=0x00/u	4008b3	GetInputValues	(/home/koga/autobench_perf/src/autobench/canrdr01_lite)
canrdr01_lite	81731	[025]	2603731.706843	227571	cpu/event=0xC0,umask=0x00/u	4008b3	GetInputValues	(/home/koga/autobench_perf/src/autobench/canrdr01_lite)
canrdr01_lite	81731	[025]	2603731.706942	227661	cpu/event=0xC0,umask=0x00/u	400a95	t_run_test	(/home/koga/autobench_perf/src/autobench/canrdr01_lite)
canrdr01_lite	81731	[025]	2603731.707042	227747	cpu/event=0xC0,umask=0x00/u	400c1b	t_run_test	(/home/koga/autobench_perf/src/autobench/canrdr01_lite)
canrdr01_lite	81731	[025]	2603731.707141	227957	cpu/event=0xC0,umask=0x00/u	400d60	t_run_test	(/home/koga/autobench_perf/src/autobench/canrdr01_lite)
canrdr01_lite	81731	[025]	2603731.707241	228083	cpu/event=0xC0,umask=0x00/u	400f4d	t_run_test	(/home/koga/autobench_perf/src/autobench/canrdr01_lite)
canrdr01_lite	81731	[025]	2603731.707341	228082	cpu/event=0xC0,umask=0x00/u	400ea8	t_run_test	(/home/koga/autobench_perf/src/autobench/canrdr01_lite)
canrdr01_lite	81731	[025]	2603731.707440	228256	cpu/event=0xC0,umask=0x00/u	400d92	t_run_test	(/home/koga/autobench_perf/src/autobench/canrdr01_lite)
canrdr01_lite	81731	[025]	2603731.707540	228406	cpu/event=0xC0,umask=0x00/u	400d69	t_run_test	(/home/koga/autobench_perf/src/autobench/canrdr01_lite)
canrdr01_lite	81731	[025]	2603731.707782	228409	cpu/event=0xC0,umask=0x00/u	4017db	Calc_crc32	(/home/koga/autobench_perf/src/autobench/canrdr01_lite)
canrdr01_lite	81731	[025]	2603731.708054	211544	cpu/event=0xC0,umask=0x00/u	401803	Calc_crc32	(/home/koga/autobench_perf/src/autobench/canrdr01_lite)
