pntrch01_lite	83304	[007]	2604059.612453	1	cpu/event=0x3C,umask=0x00/u	7feb0c326c30	_start	(/lib/x86_64-linux-gnu/ld-2.23.so)
pntrch01_lite	83304	[007]	2604059.612462	1	cpu/event=0x3C,umask=0x00/u	7feb0c326c30	_start	(/lib/x86_64-linux-gnu/ld-2.23.so)
pntrch01_lite	83304	[007]	2604059.612469	3	cpu/event=0x3C,umask=0x00/u	7feb0c326c30	_start	(/lib/x86_64-linux-gnu/ld-2.23.so)
pntrch01_lite	83304	[007]	2604059.612475	9	cpu/event=0x3C,umask=0x00/u	7feb0c326c30	_start	(/lib/x86_64-linux-gnu/ld-2.23.so)
pntrch01_lite	83304	[007]	2604059.612480	28	cpu/event=0x3C,umask=0x00/u	7feb0c326c30	_start	(/lib/x86_64-linux-gnu/ld-2.23.so)
pntrch01_lite	83304	[007]	2604059.612485	89	cpu/event=0x3C,umask=0x00/u	7feb0c326c30	_start	(/lib/x86_64-linux-gnu/ld-2.23.so)
pntrch01_lite	83304	[007]	2604059.612491	323	cpu/event=0x3C,umask=0x00/u	7feb0c326c30	_start	(/lib/x86_64-linux-gnu/ld-2.23.so)
pntrch01_lite	83304	[007]	2604059.612497	895	cpu/event=0x3C,umask=0x00/u	ffffffff8186d5d0	page_fault	([kernel.kallsyms])
pntrch01_lite	83304	[007]	2604059.612509	2772	cpu/event=0x3C,umask=0x00/u	7feb0c3279b0	_dl_start	(/lib/x86_64-linux-gnu/ld-2.23.so)
pntrch01_lite	83304	[007]	2604059.612539	5383	cpu/event=0x3C,umask=0x00/u	7feb0c327a33	_dl_start	(/lib/x86_64-linux-gnu/ld-2.23.so)
pntrch01_lite	83304	[007]	2604059.612587	6954	cpu/event=0x3C,umask=0x00/u	7feb0c327d36	_dl_start	(/lib/x86_64-linux-gnu/ld-2.23.so)
pntrch01_lite	83304	[007]	2604059.612633	7894	cpu/event=0x3C,umask=0x00/u	7feb0c33f73f	_dl_sysdep_start	(/lib/x86_64-linux-gnu/ld-2.23.so)
pntrch01_lite	83304	[007]	2604059.612675	9016	cpu/event=0x3C,umask=0x00/u	7feb0c328724	dl_main	(/lib/x86_64-linux-gnu/ld-2.23.so)
pntrch01_lite	83304	[007]	2604059.612709	10571	cpu/event=0x3C,umask=0x00/u	7feb0c335897	_dl_important_hwcaps	(/lib/x86_64-linux-gnu/ld-2.23.so)
pntrch01_lite	83304	[007]	2604059.612774	13184	cpu/event=0x3C,umask=0x00/u	7feb0c33dfd6	_dl_cache_libcmp	(/lib/x86_64-linux-gnu/ld-2.23.so)
pntrch01_lite	83304	[007]	2604059.612866	14077	cpu/event=0x3C,umask=0x00/u	7feb0c336591	_dl_catch_error	(/lib/x86_64-linux-gnu/ld-2.23.so)
pntrch01_lite	83304	[007]	2604059.612964	14239	cpu/event=0x3C,umask=0x00/u	7feb0c342ec8	strcmp	(/lib/x86_64-linux-gnu/ld-2.23.so)
pntrch01_lite	83304	[007]	2604059.613017	14262	cpu/event=0x3C,umask=0x00/u	7feb0c33809f	_dl_check_map_versions	(/lib/x86_64-linux-gnu/ld-2.23.so)
pntrch01_lite	83304	[007]	2604059.613091	15888	cpu/event=0x3C,umask=0x00/u	7feb0c33265a	_dl_relocate_object	(/lib/x86_64-linux-gnu/ld-2.23.so)
pntrch01_lite	83304	[007]	2604059.613134	16571	cpu/event=0x3C,umask=0x00/u	7feb0c330620	do_lookup_x	(/lib/x86_64-linux-gnu/ld-2.23.so)
pntrch01_lite	83304	[007]	2604059.613172	19353	cpu/event=0x3C,umask=0x00/u	7feb0c332706	_dl_relocate_object	(/lib/x86_64-linux-gnu/ld-2.23.so)
pntrch01_lite	83304	[007]	2604059.613236	23307	cpu/event=0x3C,umask=0x00/u	7feb0c32ff86	do_lookup_x	(/lib/x86_64-linux-gnu/ld-2.23.so)
pntrch01_lite	83304	[007]	2604059.613334	24929	cpu/event=0x3C,umask=0x00/u	7feb0bcfdb8a	handle_intel	(/lib/x86_64-linux-gnu/libc-2.23.so)
pntrch01_lite	83304	[007]	2604059.613366	24988	cpu/event=0x3C,umask=0x00/u	7feb0bd963b7	_dl_addr	(/lib/x86_64-linux-gnu/libc-2.23.so)
pntrch01_lite	83304	[007]	2604059.613406	31623	cpu/event=0x3C,umask=0x00/u	7feb0bd9638c	_dl_addr	(/lib/x86_64-linux-gnu/libc-2.23.so)
pntrch01_lite	83304	[007]	2604059.613458	37534	cpu/event=0x3C,umask=0x00/u	7feb0bcd48be	sysmalloc	(/lib/x86_64-linux-gnu/libc-2.23.so)
pntrch01_lite	83304	[007]	2604059.613513	41970	cpu/event=0x3C,umask=0x00/u	400ee7	t_run_test	(/home/koga/autobench_perf/src/autobench/pntrch01_lite)
pntrch01_lite	83304	[007]	2604059.613566	46243	cpu/event=0x3C,umask=0x00/u	40102f	t_run_test	(/home/koga/autobench_perf/src/autobench/pntrch01_lite)
pntrch01_lite	83304	[007]	2604059.613615	51234	cpu/event=0x3C,umask=0x00/u	400d9f	t_run_test	(/home/koga/autobench_perf/src/autobench/pntrch01_lite)
pntrch01_lite	83304	[007]	2604059.613668	58088	cpu/event=0x3C,umask=0x00/u	400ee7	t_run_test	(/home/koga/autobench_perf/src/autobench/pntrch01_lite)
pntrch01_lite	83304	[007]	2604059.613725	64473	cpu/event=0x3C,umask=0x00/u	400d92	t_run_test	(/home/koga/autobench_perf/src/autobench/pntrch01_lite)
pntrch01_lite	83304	[007]	2604059.613796	70451	cpu/event=0x3C,umask=0x00/u	400d9f	t_run_test	(/home/koga/autobench_perf/src/autobench/pntrch01_lite)
pntrch01_lite	83304	[007]	2604059.613859	74066	cpu/event=0x3C,umask=0x00/u	400fad	t_run_test	(/home/koga/autobench_perf/src/autobench/pntrch01_lite)
pntrch01_lite	83304	[007]	2604059.613932	79573	cpu/event=0x3C,umask=0x00/u	400c57	t_run_test	(/home/koga/autobench_perf/src/autobench/pntrch01_lite)
pntrch01_lite	83304	[007]	2604059.614007	83129	cpu/event=0x3C,umask=0x00/u	400eda	t_run_test	(/home/koga/autobench_perf/src/autobench/pntrch01_lite)
pntrch01_lite	83304	[007]	2604059.614087	86766	cpu/event=0x3C,umask=0x00/u	400ee7	t_run_test	(/home/koga/autobench_perf/src/autobench/pntrch01_lite)
pntrch01_lite	83304	[007]	2604059.614299	81152	cpu/event=0x3C,umask=0x00/u	400ee7	t_run_test	(/home/koga/autobench_perf/src/autobench/pntrch01_lite)
pntrch01_lite	83304	[007]	2604059.614381	75795	cpu/event=0x3C,umask=0x00/u	400ee7	t_run_test	(/home/koga/autobench_perf/src/autobench/pntrch01_lite)
pntrch01_lite	83304	[007]	2604059.614447	77965	cpu/event=0x3C,umask=0x00/u	400d9f	t_run_test	(/home/koga/autobench_perf/src/autobench/pntrch01_lite)
pntrch01_lite	83304	[007]	2604059.614519	82871	cpu/event=0x3C,umask=0x00/u	40102f	t_run_test	(/home/koga/autobench_perf/src/autobench/pntrch01_lite)
pntrch01_lite	83304	[007]	2604059.614590	86967	cpu/event=0x3C,umask=0x00/u	40102f	t_run_test	(/home/koga/autobench_perf/src/autobench/pntrch01_lite)
pntrch01_lite	83304	[007]	2604059.614664	91395	cpu/event=0x3C,umask=0x00/u	40102f	t_run_test	(/home/koga/autobench_perf/src/autobench/pntrch01_lite)
pntrch01_lite	83304	[007]	2604059.614741	95392	cpu/event=0x3C,umask=0x00/u	400c57	t_run_test	(/home/koga/autobench_perf/src/autobench/pntrch01_lite)
pntrch01_lite	83304	[007]	2604059.614821	98925	cpu/event=0x3C,umask=0x00/u	400d9f	t_run_test	(/home/koga/autobench_perf/src/autobench/pntrch01_lite)
pntrch01_lite	83304	[007]	2604059.614908	102002	cpu/event=0x3C,umask=0x00/u	400eda	t_run_test	(/home/koga/autobench_perf/src/autobench/pntrch01_lite)
pntrch01_lite	83304	[007]	2604059.614996	103996	cpu/event=0x3C,umask=0x00/u	400b0e	t_run_test	(/home/koga/autobench_perf/src/autobench/pntrch01_lite)
pntrch01_lite	83304	[007]	2604059.615083	105656	cpu/event=0x3C,umask=0x00/u	400d9f	t_run_test	(/home/koga/autobench_perf/src/autobench/pntrch01_lite)
pntrch01_lite	83304	[007]	2604059.615170	107781	cpu/event=0x3C,umask=0x00/u	400ec9	t_run_test	(/home/koga/autobench_perf/src/autobench/pntrch01_lite)
pntrch01_lite	83304	[007]	2604059.615259	109734	cpu/event=0x3C,umask=0x00/u	40102f	t_run_test	(/home/koga/autobench_perf/src/autobench/pntrch01_lite)
pntrch01_lite	83304	[007]	2604059.615353	111464	cpu/event=0x3C,umask=0x00/u	400d9f	t_run_test	(/home/koga/autobench_perf/src/autobench/pntrch01_lite)
pntrch01_lite	83304	[007]	2604059.615448	112311	cpu/event=0x3C,umask=0x00/u	400c57	t_run_test	(/home/koga/autobench_perf/src/autobench/pntrch01_lite)
pntrch01_lite	83304	[007]	2604059.615540	112970	cpu/event=0x3C,umask=0x00/u	400d9f	t_run_test	(/home/koga/autobench_perf/src/autobench/pntrch01_lite)
pntrch01_lite	83304	[007]	2604059.615633	114202	cpu/event=0x3C,umask=0x00/u	400d9f	t_run_test	(/home/koga/autobench_perf/src/autobench/pntrch01_lite)
pntrch01_lite	83304	[007]	2604059.615730	115363	cpu/event=0x3C,umask=0x00/u	400c57	t_run_test	(/home/koga/autobench_perf/src/autobench/pntrch01_lite)
pntrch01_lite	83304	[007]	2604059.615826	115778	cpu/event=0x3C,umask=0x00/u	400aea	t_run_test	(/home/koga/autobench_perf/src/autobench/pntrch01_lite)
pntrch01_lite	83304	[007]	2604059.615920	116462	cpu/event=0x3C,umask=0x00/u	400b0e	t_run_test	(/home/koga/autobench_perf/src/autobench/pntrch01_lite)
pntrch01_lite	83304	[007]	2604059.616019	117319	cpu/event=0x3C,umask=0x00/u	400da3	t_run_test	(/home/koga/autobench_perf/src/autobench/pntrch01_lite)
pntrch01_lite	83304	[007]	2604059.616111	117471	cpu/event=0x3C,umask=0x00/u	400d9f	t_run_test	(/home/koga/autobench_perf/src/autobench/pntrch01_lite)
pntrch01_lite	83304	[007]	2604059.616207	118814	cpu/event=0x3C,umask=0x00/u	400c57	t_run_test	(/home/koga/autobench_perf/src/autobench/pntrch01_lite)
pntrch01_lite	83304	[007]	2604059.616308	119316	cpu/event=0x3C,umask=0x00/u	400da7	t_run_test	(/home/koga/autobench_perf/src/autobench/pntrch01_lite)
pntrch01_lite	83304	[007]	2604059.616401	119230	cpu/event=0x3C,umask=0x00/u	400d9f	t_run_test	(/home/koga/autobench_perf/src/autobench/pntrch01_lite)
pntrch01_lite	83304	[007]	2604059.616499	120346	cpu/event=0x3C,umask=0x00/u	400c39	t_run_test	(/home/koga/autobench_perf/src/autobench/pntrch01_lite)
pntrch01_lite	83304	[007]	2604059.616602	120682	cpu/event=0x3C,umask=0x00/u	400b0e	t_run_test	(/home/koga/autobench_perf/src/autobench/pntrch01_lite)
pntrch01_lite	83304	[007]	2604059.616700	120273	cpu/event=0x3C,umask=0x00/u	400aff	t_run_test	(/home/koga/autobench_perf/src/autobench/pntrch01_lite)
pntrch01_lite	83304	[007]	2604059.616801	120577	cpu/event=0x3C,umask=0x00/u	400d9f	t_run_test	(/home/koga/autobench_perf/src/autobench/pntrch01_lite)
pntrch01_lite	83304	[007]	2604059.616899	120318	cpu/event=0x3C,umask=0x00/u	401011	t_run_test	(/home/koga/autobench_perf/src/autobench/pntrch01_lite)
pntrch01_lite	83304	[007]	2604059.616997	120644	cpu/event=0x3C,umask=0x00/u	400c57	t_run_test	(/home/koga/autobench_perf/src/autobench/pntrch01_lite)
pntrch01_lite	83304	[007]	2604059.617099	120986	cpu/event=0x3C,umask=0x00/u	400ee7	t_run_test	(/home/koga/autobench_perf/src/autobench/pntrch01_lite)
pntrch01_lite	83304	[007]	2604059.617201	120701	cpu/event=0x3C,umask=0x00/u	400b0e	t_run_test	(/home/koga/autobench_perf/src/autobench/pntrch01_lite)
pntrch01_lite	83304	[007]	2604059.617303	120385	cpu/event=0x3C,umask=0x00/u	401022	t_run_test	(/home/koga/autobench_perf/src/autobench/pntrch01_lite)
pntrch01_lite	83304	[007]	2604059.617405	120107	cpu/event=0x3C,umask=0x00/u	400aea	t_run_test	(/home/koga/autobench_perf/src/autobench/pntrch01_lite)
pntrch01_lite	83304	[007]	2604059.617503	119827	cpu/event=0x3C,umask=0x00/u	401220	t_run_test	(/home/koga/autobench_perf/src/autobench/pntrch01_lite)
pntrch01_lite	83304	[007]	2604059.617600	120202	cpu/event=0x3C,umask=0x00/u	400eda	t_run_test	(/home/koga/autobench_perf/src/autobench/pntrch01_lite)
pntrch01_lite	83304	[007]	2604059.617699	120604	cpu/event=0x3C,umask=0x00/u	400db6	t_run_test	(/home/koga/autobench_perf/src/autobench/pntrch01_lite)
pntrch01_lite	83304	[007]	2604059.617800	120801	cpu/event=0x3C,umask=0x00/u	400c57	t_run_test	(/home/koga/autobench_perf/src/autobench/pntrch01_lite)
pntrch01_lite	83304	[007]	2604059.617900	120527	cpu/event=0x3C,umask=0x00/u	401247	t_run_test	(/home/koga/autobench_perf/src/autobench/pntrch01_lite)
pntrch01_lite	83304	[007]	2604059.618002	120672	cpu/event=0x3C,umask=0x00/u	400c57	t_run_test	(/home/koga/autobench_perf/src/autobench/pntrch01_lite)
pntrch01_lite	83304	[007]	2604059.618104	120352	cpu/event=0x3C,umask=0x00/u	400eda	t_run_test	(/home/koga/autobench_perf/src/autobench/pntrch01_lite)
pntrch01_lite	83304	[007]	2604059.618210	119478	cpu/event=0x3C,umask=0x00/u	400b0e	t_run_test	(/home/koga/autobench_perf/src/autobench/pntrch01_lite)
pntrch01_lite	83304	[007]	2604059.618315	118627	cpu/event=0x3C,umask=0x00/u	400d9f	t_run_test	(/home/koga/autobench_perf/src/autobench/pntrch01_lite)
pntrch01_lite	83304	[007]	2604059.618416	117877	cpu/event=0x3C,umask=0x00/u	400d9f	t_run_test	(/home/koga/autobench_perf/src/autobench/pntrch01_lite)
pntrch01_lite	83304	[007]	2604059.618515	117799	cpu/event=0x3C,umask=0x00/u	400d9f	t_run_test	(/home/koga/autobench_perf/src/autobench/pntrch01_lite)
pntrch01_lite	83304	[007]	2604059.618615	117814	cpu/event=0x3C,umask=0x00/u	400c39	t_run_test	(/home/koga/autobench_perf/src/autobench/pntrch01_lite)
pntrch01_lite	83304	[007]	2604059.618715	117847	cpu/event=0x3C,umask=0x00/u	400aff	t_run_test	(/home/koga/autobench_perf/src/autobench/pntrch01_lite)
pntrch01_lite	83304	[007]	2604059.618815	117865	cpu/event=0x3C,umask=0x00/u	40102f	t_run_test	(/home/koga/autobench_perf/src/autobench/pntrch01_lite)
pntrch01_lite	83304	[007]	2604059.618915	117893	cpu/event=0x3C,umask=0x00/u	400b0e	t_run_test	(/home/koga/autobench_perf/src/autobench/pntrch01_lite)
pntrch01_lite	83304	[007]	2604059.619015	117911	cpu/event=0x3C,umask=0x00/u	40102f	t_run_test	(/home/koga/autobench_perf/src/autobench/pntrch01_lite)
pntrch01_lite	83304	[007]	2604059.619119	117921	cpu/event=0x3C,umask=0x00/u	400d96	t_run_test	(/home/koga/autobench_perf/src/autobench/pntrch01_lite)
pntrch01_lite	83304	[007]	2604059.619219	117370	cpu/event=0x3C,umask=0x00/u	40102f	t_run_test	(/home/koga/autobench_perf/src/autobench/pntrch01_lite)
pntrch01_lite	83304	[007]	2604059.619318	117344	cpu/event=0x3C,umask=0x00/u	40102f	t_run_test	(/home/koga/autobench_perf/src/autobench/pntrch01_lite)
pntrch01_lite	83304	[007]	2604059.619418	117422	cpu/event=0x3C,umask=0x00/u	401022	t_run_test	(/home/koga/autobench_perf/src/autobench/pntrch01_lite)
pntrch01_lite	83304	[007]	2604059.619517	117503	cpu/event=0x3C,umask=0x00/u	40102f	t_run_test	(/home/koga/autobench_perf/src/autobench/pntrch01_lite)
pntrch01_lite	83304	[007]	2604059.619617	117568	cpu/event=0x3C,umask=0x00/u	400d81	t_run_test	(/home/koga/autobench_perf/src/autobench/pntrch01_lite)
pntrch01_lite	83304	[007]	2604059.619714	117619	cpu/event=0x3C,umask=0x00/u	400d9f	t_run_test	(/home/koga/autobench_perf/src/autobench/pntrch01_lite)
pntrch01_lite	83304	[007]	2604059.619813	118107	cpu/event=0x3C,umask=0x00/u	400c39	t_run_test	(/home/koga/autobench_perf/src/autobench/pntrch01_lite)
pntrch01_lite	83304	[007]	2604059.619917	118154	cpu/event=0x3C,umask=0x00/u	400c57	t_run_test	(/home/koga/autobench_perf/src/autobench/pntrch01_lite)
pntrch01_lite	83304	[007]	2604059.620018	117599	cpu/event=0x3C,umask=0x00/u	400b0e	t_run_test	(/home/koga/autobench_perf/src/autobench/pntrch01_lite)
pntrch01_lite	83304	[007]	2604059.620117	117582	cpu/event=0x3C,umask=0x00/u	400eda	t_run_test	(/home/koga/autobench_perf/src/autobench/pntrch01_lite)
pntrch01_lite	83304	[007]	2604059.620221	117623	cpu/event=0x3C,umask=0x00/u	400b0e	t_run_test	(/home/koga/autobench_perf/src/autobench/pntrch01_lite)
pntrch01_lite	83304	[007]	2604059.620321	117099	cpu/event=0x3C,umask=0x00/u	400aea	t_run_test	(/home/koga/autobench_perf/src/autobench/pntrch01_lite)
pntrch01_lite	83304	[007]	2604059.620420	117142	cpu/event=0x3C,umask=0x00/u	400b0e	t_run_test	(/home/koga/autobench_perf/src/autobench/pntrch01_lite)
pntrch01_lite	83304	[007]	2604059.620523	117236	cpu/event=0x3C,umask=0x00/u	400b0e	t_run_test	(/home/koga/autobench_perf/src/autobench/pntrch01_lite)
pntrch01_lite	83304	[007]	2604059.620623	116764	cpu/event=0x3C,umask=0x00/u	400ee7	t_run_test	(/home/koga/autobench_perf/src/autobench/pntrch01_lite)
pntrch01_lite	83304	[007]	2604059.620722	116849	cpu/event=0x3C,umask=0x00/u	400dad	t_run_test	(/home/koga/autobench_perf/src/autobench/pntrch01_lite)
pntrch01_lite	83304	[007]	2604059.620825	116969	cpu/event=0x3C,umask=0x00/u	400b0e	t_run_test	(/home/koga/autobench_perf/src/autobench/pntrch01_lite)
pntrch01_lite	83304	[007]	2604059.620924	116532	cpu/event=0x3C,umask=0x00/u	400aea	t_run_test	(/home/koga/autobench_perf/src/autobench/pntrch01_lite)
pntrch01_lite	83304	[007]	2604059.621027	116650	cpu/event=0x3C,umask=0x00/u	400ee7	t_run_test	(/home/koga/autobench_perf/src/autobench/pntrch01_lite)
pntrch01_lite	83304	[007]	2604059.621126	116210	cpu/event=0x3C,umask=0x00/u	400c57	t_run_test	(/home/koga/autobench_perf/src/autobench/pntrch01_lite)
pntrch01_lite	83304	[007]	2604059.621225	116346	cpu/event=0x3C,umask=0x00/u	400d81	t_run_test	(/home/koga/autobench_perf/src/autobench/pntrch01_lite)
pntrch01_lite	83304	[007]	2604059.621328	116552	cpu/event=0x3C,umask=0x00/u	400c39	t_run_test	(/home/koga/autobench_perf/src/autobench/pntrch01_lite)
pntrch01_lite	83304	[007]	2604059.621427	116172	cpu/event=0x3C,umask=0x00/u	400c57	t_run_test	(/home/koga/autobench_perf/src/autobench/pntrch01_lite)
pntrch01_lite	83304	[007]	2604059.621523	116311	cpu/event=0x3C,umask=0x00/u	400c57	t_run_test	(/home/koga/autobench_perf/src/autobench/pntrch01_lite)
pntrch01_lite	83304	[007]	2604059.621625	116962	cpu/event=0x3C,umask=0x00/u	400ec9	t_run_test	(/home/koga/autobench_perf/src/autobench/pntrch01_lite)
pntrch01_lite	83304	[007]	2604059.621728	116599	cpu/event=0x3C,umask=0x00/u	400d9f	t_run_test	(/home/koga/autobench_perf/src/autobench/pntrch01_lite)
pntrch01_lite	83304	[007]	2604059.621823	116152	cpu/event=0x3C,umask=0x00/u	400c4a	t_run_test	(/home/koga/autobench_perf/src/autobench/pntrch01_lite)
pntrch01_lite	83304	[007]	2604059.621926	116917	cpu/event=0x3C,umask=0x00/u	400b0e	t_run_test	(/home/koga/autobench_perf/src/autobench/pntrch01_lite)
pntrch01_lite	83304	[007]	2604059.622033	116561	cpu/event=0x3C,umask=0x00/u	40102f	t_run_test	(/home/koga/autobench_perf/src/autobench/pntrch01_lite)
pntrch01_lite	83304	[007]	2604059.622128	115610	cpu/event=0x3C,umask=0x00/u	400d9f	t_run_test	(/home/koga/autobench_perf/src/autobench/pntrch01_lite)
pntrch01_lite	83304	[007]	2604059.622244	116340	cpu/event=0x3C,umask=0x00/u	400c57	t_run_test	(/home/koga/autobench_perf/src/autobench/pntrch01_lite)
pntrch01_lite	83304	[007]	2604059.622343	114350	cpu/event=0x3C,umask=0x00/u	400d81	t_run_test	(/home/koga/autobench_perf/src/autobench/pntrch01_lite)
pntrch01_lite	83304	[007]	2604059.622444	114444	cpu/event=0x3C,umask=0x00/u	400b0e	t_run_test	(/home/koga/autobench_perf/src/autobench/pntrch01_lite)
pntrch01_lite	83304	[007]	2604059.622546	114256	cpu/event=0x3C,umask=0x00/u	40103d	t_run_test	(/home/koga/autobench_perf/src/autobench/pntrch01_lite)
pntrch01_lite	83304	[007]	2604059.622643	114068	cpu/event=0x3C,umask=0x00/u	40102f	t_run_test	(/home/koga/autobench_perf/src/autobench/pntrch01_lite)
pntrch01_lite	83304	[007]	2604059.622744	114429	cpu/event=0x3C,umask=0x00/u	40102f	t_run_test	(/home/koga/autobench_perf/src/autobench/pntrch01_lite)
pntrch01_lite	83304	[007]	2604059.622846	114271	cpu/event=0x3C,umask=0x00/u	400c57	t_run_test	(/home/koga/autobench_perf/src/autobench/pntrch01_lite)
pntrch01_lite	83304	[007]	2604059.622947	114071	cpu/event=0x3C,umask=0x00/u	400d9f	t_run_test	(/home/koga/autobench_perf/src/autobench/pntrch01_lite)
pntrch01_lite	83304	[007]	2604059.623044	113900	cpu/event=0x3C,umask=0x00/u	40102f	t_run_test	(/home/koga/autobench_perf/src/autobench/pntrch01_lite)
pntrch01_lite	83304	[007]	2604059.623145	114301	cpu/event=0x3C,umask=0x00/u	400eda	t_run_test	(/home/koga/autobench_perf/src/autobench/pntrch01_lite)
pntrch01_lite	83304	[007]	2604059.623247	114162	cpu/event=0x3C,umask=0x00/u	400c57	t_run_test	(/home/koga/autobench_perf/src/autobench/pntrch01_lite)
pntrch01_lite	83304	[007]	2604059.623348	113976	cpu/event=0x3C,umask=0x00/u	400d9f	t_run_test	(/home/koga/autobench_perf/src/autobench/pntrch01_lite)
pntrch01_lite	83304	[007]	2604059.623449	113799	cpu/event=0x3C,umask=0x00/u	400aea	t_run_test	(/home/koga/autobench_perf/src/autobench/pntrch01_lite)
pntrch01_lite	83304	[007]	2604059.623546	113626	cpu/event=0x3C,umask=0x00/u	400ee7	t_run_test	(/home/koga/autobench_perf/src/autobench/pntrch01_lite)
pntrch01_lite	83304	[007]	2604059.623647	114056	cpu/event=0x3C,umask=0x00/u	40102f	t_run_test	(/home/koga/autobench_perf/src/autobench/pntrch01_lite)
pntrch01_lite	83304	[007]	2604059.623748	113945	cpu/event=0x3C,umask=0x00/u	400b0e	t_run_test	(/home/koga/autobench_perf/src/autobench/pntrch01_lite)
pntrch01_lite	83304	[007]	2604059.623849	113779	cpu/event=0x3C,umask=0x00/u	401011	t_run_test	(/home/koga/autobench_perf/src/autobench/pntrch01_lite)
pntrch01_lite	83304	[007]	2604059.623950	113618	cpu/event=0x3C,umask=0x00/u	400d9f	t_run_test	(/home/koga/autobench_perf/src/autobench/pntrch01_lite)
pntrch01_lite	83304	[007]	2604059.624051	113493	cpu/event=0x3C,umask=0x00/u	401011	t_run_test	(/home/koga/autobench_perf/src/autobench/pntrch01_lite)
pntrch01_lite	83304	[007]	2604059.624149	113374	cpu/event=0x3C,umask=0x00/u	400c57	t_run_test	(/home/koga/autobench_perf/src/autobench/pntrch01_lite)
pntrch01_lite	83304	[007]	2604059.624246	113683	cpu/event=0x3C,umask=0x00/u	400ee7	t_run_test	(/home/koga/autobench_perf/src/autobench/pntrch01_lite)
pntrch01_lite	83304	[007]	2604059.624347	114138	cpu/event=0x3C,umask=0x00/u	400b0e	t_run_test	(/home/koga/autobench_perf/src/autobench/pntrch01_lite)
pntrch01_lite	83304	[007]	2604059.624448	114016	cpu/event=0x3C,umask=0x00/u	400ee7	t_run_test	(/home/koga/autobench_perf/src/autobench/pntrch01_lite)
pntrch01_lite	83304	[007]	2604059.624549	113837	cpu/event=0x3C,umask=0x00/u	40102f	t_run_test	(/home/koga/autobench_perf/src/autobench/pntrch01_lite)
pntrch01_lite	83304	[007]	2604059.624650	113674	cpu/event=0x3C,umask=0x00/u	400ee7	t_run_test	(/home/koga/autobench_perf/src/autobench/pntrch01_lite)
pntrch01_lite	83304	[007]	2604059.624751	113539	cpu/event=0x3C,umask=0x00/u	400c57	t_run_test	(/home/koga/autobench_perf/src/autobench/pntrch01_lite)
pntrch01_lite	83304	[007]	2604059.624852	113412	cpu/event=0x3C,umask=0x00/u	400c57	t_run_test	(/home/koga/autobench_perf/src/autobench/pntrch01_lite)
pntrch01_lite	83304	[007]	2604059.624953	113287	cpu/event=0x3C,umask=0x00/u	400eda	t_run_test	(/home/koga/autobench_perf/src/autobench/pntrch01_lite)
pntrch01_lite	83304	[007]	2604059.625049	113190	cpu/event=0x3C,umask=0x00/u	400c57	t_run_test	(/home/koga/autobench_perf/src/autobench/pntrch01_lite)
pntrch01_lite	83304	[007]	2604059.625151	113672	cpu/event=0x3C,umask=0x00/u	401267	t_run_test	(/home/koga/autobench_perf/src/autobench/pntrch01_lite)
pntrch01_lite	83304	[007]	2604059.625248	113487	cpu/event=0x3C,umask=0x00/u	40102f	t_run_test	(/home/koga/autobench_perf/src/autobench/pntrch01_lite)
pntrch01_lite	83304	[007]	2604059.625349	113912	cpu/event=0x3C,umask=0x00/u	400ec9	t_run_test	(/home/koga/autobench_perf/src/autobench/pntrch01_lite)
pntrch01_lite	83304	[007]	2604059.625450	113810	cpu/event=0x3C,umask=0x00/u	400c4a	t_run_test	(/home/koga/autobench_perf/src/autobench/pntrch01_lite)
pntrch01_lite	83304	[007]	2604059.625551	113663	cpu/event=0x3C,umask=0x00/u	400b0e	t_run_test	(/home/koga/autobench_perf/src/autobench/pntrch01_lite)
pntrch01_lite	83304	[007]	2604059.625652	113509	cpu/event=0x3C,umask=0x00/u	400eda	t_run_test	(/home/koga/autobench_perf/src/autobench/pntrch01_lite)
pntrch01_lite	83304	[007]	2604059.625753	113358	cpu/event=0x3C,umask=0x00/u	400d9f	t_run_test	(/home/koga/autobench_perf/src/autobench/pntrch01_lite)
pntrch01_lite	83304	[007]	2604059.625853	113256	cpu/event=0x3C,umask=0x00/u	400d9f	t_run_test	(/home/koga/autobench_perf/src/autobench/pntrch01_lite)
pntrch01_lite	83304	[007]	2604059.625954	113158	cpu/event=0x3C,umask=0x00/u	400ee7	t_run_test	(/home/koga/autobench_perf/src/autobench/pntrch01_lite)
pntrch01_lite	83304	[007]	2604059.626054	113073	cpu/event=0x3C,umask=0x00/u	400d9f	t_run_test	(/home/koga/autobench_perf/src/autobench/pntrch01_lite)
pntrch01_lite	83304	[007]	2604059.626155	112999	cpu/event=0x3C,umask=0x00/u	400c39	t_run_test	(/home/koga/autobench_perf/src/autobench/pntrch01_lite)
pntrch01_lite	83304	[007]	2604059.626270	112984	cpu/event=0x3C,umask=0x00/u	400ee7	t_run_test	(/home/koga/autobench_perf/src/autobench/pntrch01_lite)
pntrch01_lite	83304	[007]	2604059.626371	111103	cpu/event=0x3C,umask=0x00/u	400c84	t_run_test	(/home/koga/autobench_perf/src/autobench/pntrch01_lite)
pntrch01_lite	83304	[007]	2604059.626466	111040	cpu/event=0x3C,umask=0x00/u	400ee7	t_run_test	(/home/koga/autobench_perf/src/autobench/pntrch01_lite)
pntrch01_lite	83304	[007]	2604059.626569	111755	cpu/event=0x3C,umask=0x00/u	400ec9	t_run_test	(/home/koga/autobench_perf/src/autobench/pntrch01_lite)
pntrch01_lite	83304	[007]	2604059.626676	111362	cpu/event=0x3C,umask=0x00/u	401260	t_run_test	(/home/koga/autobench_perf/src/autobench/pntrch01_lite)
pntrch01_lite	83304	[007]	2604059.626763	110447	cpu/event=0x3C,umask=0x00/u	400c57	t_run_test	(/home/koga/autobench_perf/src/autobench/pntrch01_lite)
pntrch01_lite	83304	[007]	2604059.626849	112523	cpu/event=0x3C,umask=0x00/u	400d9f	t_run_test	(/home/koga/autobench_perf/src/autobench/pntrch01_lite)
pntrch01_lite	83304	[007]	2604059.626937	114755	cpu/event=0x3C,umask=0x00/u	400c57	t_run_test	(/home/koga/autobench_perf/src/autobench/pntrch01_lite)
pntrch01_lite	83304	[007]	2604059.627026	116763	cpu/event=0x3C,umask=0x00/u	401022	t_run_test	(/home/koga/autobench_perf/src/autobench/pntrch01_lite)
pntrch01_lite	83304	[007]	2604059.627116	118575	cpu/event=0x3C,umask=0x00/u	401022	t_run_test	(/home/koga/autobench_perf/src/autobench/pntrch01_lite)
pntrch01_lite	83304	[007]	2604059.627207	120164	cpu/event=0x3C,umask=0x00/u	400d9f	t_run_test	(/home/koga/autobench_perf/src/autobench/pntrch01_lite)
pntrch01_lite	83304	[007]	2604059.627300	121567	cpu/event=0x3C,umask=0x00/u	400c57	t_run_test	(/home/koga/autobench_perf/src/autobench/pntrch01_lite)
pntrch01_lite	83304	[007]	2604059.627390	122820	cpu/event=0x3C,umask=0x00/u	400c57	t_run_test	(/home/koga/autobench_perf/src/autobench/pntrch01_lite)
pntrch01_lite	83304	[007]	2604059.627487	124574	cpu/event=0x3C,umask=0x00/u	400d9f	t_run_test	(/home/koga/autobench_perf/src/autobench/pntrch01_lite)
pntrch01_lite	83304	[007]	2604059.627582	124979	cpu/event=0x3C,umask=0x00/u	40102f	t_run_test	(/home/koga/autobench_perf/src/autobench/pntrch01_lite)
pntrch01_lite	83304	[007]	2604059.627671	125776	cpu/event=0x3C,umask=0x00/u	400aff	t_run_test	(/home/koga/autobench_perf/src/autobench/pntrch01_lite)
pntrch01_lite	83304	[007]	2604059.627770	127832	cpu/event=0x3C,umask=0x00/u	400ec9	t_run_test	(/home/koga/autobench_perf/src/autobench/pntrch01_lite)
pntrch01_lite	83304	[007]	2604059.627867	127966	cpu/event=0x3C,umask=0x00/u	400ee7	t_run_test	(/home/koga/autobench_perf/src/autobench/pntrch01_lite)
pntrch01_lite	83304	[007]	2604059.627961	128429	cpu/event=0x3C,umask=0x00/u	400ee7	t_run_test	(/home/koga/autobench_perf/src/autobench/pntrch01_lite)
pntrch01_lite	83304	[007]	2604059.628062	129511	cpu/event=0x3C,umask=0x00/u	400ee7	t_run_test	(/home/koga/autobench_perf/src/autobench/pntrch01_lite)
pntrch01_lite	83304	[007]	2604059.628156	129366	cpu/event=0x3C,umask=0x00/u	400eda	t_run_test	(/home/koga/autobench_perf/src/autobench/pntrch01_lite)
pntrch01_lite	83304	[007]	2604059.628254	130256	cpu/event=0x3C,umask=0x00/u	400b0e	t_run_test	(/home/koga/autobench_perf/src/autobench/pntrch01_lite)
pntrch01_lite	83304	[007]	2604059.628356	130582	cpu/event=0x3C,umask=0x00/u	400b0e	t_run_test	(/home/koga/autobench_perf/src/autobench/pntrch01_lite)
pntrch01_lite	83304	[007]	2604059.628452	130257	cpu/event=0x3C,umask=0x00/u	400c57	t_run_test	(/home/koga/autobench_perf/src/autobench/pntrch01_lite)
pntrch01_lite	83304	[007]	2604059.628551	131039	cpu/event=0x3C,umask=0x00/u	400ee7	t_run_test	(/home/koga/autobench_perf/src/autobench/pntrch01_lite)
pntrch01_lite	83304	[007]	2604059.628650	131255	cpu/event=0x3C,umask=0x00/u	401022	t_run_test	(/home/koga/autobench_perf/src/autobench/pntrch01_lite)
pntrch01_lite	83304	[007]	2604059.628749	131386	cpu/event=0x3C,umask=0x00/u	401022	t_run_test	(/home/koga/autobench_perf/src/autobench/pntrch01_lite)
pntrch01_lite	83304	[007]	2604059.628849	131499	cpu/event=0x3C,umask=0x00/u	400c57	t_run_test	(/home/koga/autobench_perf/src/autobench/pntrch01_lite)
pntrch01_lite	83304	[007]	2604059.628948	131592	cpu/event=0x3C,umask=0x00/u	400ee7	t_run_test	(/home/koga/autobench_perf/src/autobench/pntrch01_lite)
pntrch01_lite	83304	[007]	2604059.629048	131679	cpu/event=0x3C,umask=0x00/u	401022	t_run_test	(/home/koga/autobench_perf/src/autobench/pntrch01_lite)
pntrch01_lite	83304	[007]	2604059.629147	131760	cpu/event=0x3C,umask=0x00/u	400c57	t_run_test	(/home/koga/autobench_perf/src/autobench/pntrch01_lite)
pntrch01_lite	83304	[007]	2604059.629247	131828	cpu/event=0x3C,umask=0x00/u	400d81	t_run_test	(/home/koga/autobench_perf/src/autobench/pntrch01_lite)
pntrch01_lite	83304	[007]	2604059.629343	131875	cpu/event=0x3C,umask=0x00/u	401022	t_run_test	(/home/koga/autobench_perf/src/autobench/pntrch01_lite)
pntrch01_lite	83304	[007]	2604059.629443	132518	cpu/event=0x3C,umask=0x00/u	400d9f	t_run_test	(/home/koga/autobench_perf/src/autobench/pntrch01_lite)
pntrch01_lite	83304	[007]	2604059.629543	132572	cpu/event=0x3C,umask=0x00/u	400d9f	t_run_test	(/home/koga/autobench_perf/src/autobench/pntrch01_lite)
pntrch01_lite	83304	[007]	2604059.629643	132567	cpu/event=0x3C,umask=0x00/u	40102f	t_run_test	(/home/koga/autobench_perf/src/autobench/pntrch01_lite)
pntrch01_lite	83304	[007]	2604059.629743	132551	cpu/event=0x3C,umask=0x00/u	400ec9	t_run_test	(/home/koga/autobench_perf/src/autobench/pntrch01_lite)
pntrch01_lite	83304	[007]	2604059.629843	132551	cpu/event=0x3C,umask=0x00/u	400ec9	t_run_test	(/home/koga/autobench_perf/src/autobench/pntrch01_lite)
pntrch01_lite	83304	[007]	2604059.629941	132541	cpu/event=0x3C,umask=0x00/u	400b0e	t_run_test	(/home/koga/autobench_perf/src/autobench/pntrch01_lite)
pntrch01_lite	83304	[007]	2604059.630041	132955	cpu/event=0x3C,umask=0x00/u	40102f	t_run_test	(/home/koga/autobench_perf/src/autobench/pntrch01_lite)
pntrch01_lite	83304	[007]	2604059.630141	132933	cpu/event=0x3C,umask=0x00/u	400b0e	t_run_test	(/home/koga/autobench_perf/src/autobench/pntrch01_lite)
pntrch01_lite	83304	[007]	2604059.630252	132330	cpu/event=0x3C,umask=0x00/u	400c57	t_run_test	(/home/koga/autobench_perf/src/autobench/pntrch01_lite)
pntrch01_lite	83304	[007]	2604059.630352	130740	cpu/event=0x3C,umask=0x00/u	400b0e	t_run_test	(/home/koga/autobench_perf/src/autobench/pntrch01_lite)
pntrch01_lite	83304	[007]	2604059.630451	130740	cpu/event=0x3C,umask=0x00/u	400c57	t_run_test	(/home/koga/autobench_perf/src/autobench/pntrch01_lite)
pntrch01_lite	83304	[007]	2604059.630550	130891	cpu/event=0x3C,umask=0x00/u	400aff	t_run_test	(/home/koga/autobench_perf/src/autobench/pntrch01_lite)
pntrch01_lite	83304	[007]	2604059.630649	131051	cpu/event=0x3C,umask=0x00/u	401011	t_run_test	(/home/koga/autobench_perf/src/autobench/pntrch01_lite)
pntrch01_lite	83304	[007]	2604059.630748	131218	cpu/event=0x3C,umask=0x00/u	401200	t_run_test	(/home/koga/autobench_perf/src/autobench/pntrch01_lite)
pntrch01_lite	83304	[007]	2604059.630848	131340	cpu/event=0x3C,umask=0x00/u	400ee7	t_run_test	(/home/koga/autobench_perf/src/autobench/pntrch01_lite)
pntrch01_lite	83304	[007]	2604059.630947	131445	cpu/event=0x3C,umask=0x00/u	400d92	t_run_test	(/home/koga/autobench_perf/src/autobench/pntrch01_lite)
pntrch01_lite	83304	[007]	2604059.631046	131554	cpu/event=0x3C,umask=0x00/u	400eda	t_run_test	(/home/koga/autobench_perf/src/autobench/pntrch01_lite)
pntrch01_lite	83304	[007]	2604059.631146	131639	cpu/event=0x3C,umask=0x00/u	400d9f	t_run_test	(/home/koga/autobench_perf/src/autobench/pntrch01_lite)
pntrch01_lite	83304	[007]	2604059.631245	131714	cpu/event=0x3C,umask=0x00/u	400c39	t_run_test	(/home/koga/autobench_perf/src/autobench/pntrch01_lite)
pntrch01_lite	83304	[007]	2604059.631345	131780	cpu/event=0x3C,umask=0x00/u	400d9f	t_run_test	(/home/koga/autobench_perf/src/autobench/pntrch01_lite)
pntrch01_lite	83304	[007]	2604059.631441	131825	cpu/event=0x3C,umask=0x00/u	400d9f	t_run_test	(/home/koga/autobench_perf/src/autobench/pntrch01_lite)
pntrch01_lite	83304	[007]	2604059.631541	132467	cpu/event=0x3C,umask=0x00/u	400d92	t_run_test	(/home/koga/autobench_perf/src/autobench/pntrch01_lite)
pntrch01_lite	83304	[007]	2604059.631641	132516	cpu/event=0x3C,umask=0x00/u	400ee7	t_run_test	(/home/koga/autobench_perf/src/autobench/pntrch01_lite)
pntrch01_lite	83304	[007]	2604059.631741	132515	cpu/event=0x3C,umask=0x00/u	400d9f	t_run_test	(/home/koga/autobench_perf/src/autobench/pntrch01_lite)
pntrch01_lite	83304	[007]	2604059.631841	132497	cpu/event=0x3C,umask=0x00/u	400eda	t_run_test	(/home/koga/autobench_perf/src/autobench/pntrch01_lite)
pntrch01_lite	83304	[007]	2604059.631941	132489	cpu/event=0x3C,umask=0x00/u	400eda	t_run_test	(/home/koga/autobench_perf/src/autobench/pntrch01_lite)
pntrch01_lite	83304	[007]	2604059.632042	132468	cpu/event=0x3C,umask=0x00/u	400eda	t_run_test	(/home/koga/autobench_perf/src/autobench/pntrch01_lite)
pntrch01_lite	83304	[007]	2604059.632142	132446	cpu/event=0x3C,umask=0x00/u	40102f	t_run_test	(/home/koga/autobench_perf/src/autobench/pntrch01_lite)
pntrch01_lite	83304	[007]	2604059.632242	132435	cpu/event=0x3C,umask=0x00/u	401011	t_run_test	(/home/koga/autobench_perf/src/autobench/pntrch01_lite)
pntrch01_lite	83304	[007]	2604059.632342	132413	cpu/event=0x3C,umask=0x00/u	400ee7	t_run_test	(/home/koga/autobench_perf/src/autobench/pntrch01_lite)
pntrch01_lite	83304	[007]	2604059.632442	132417	cpu/event=0x3C,umask=0x00/u	400b0e	t_run_test	(/home/koga/autobench_perf/src/autobench/pntrch01_lite)
pntrch01_lite	83304	[007]	2604059.632542	132420	cpu/event=0x3C,umask=0x00/u	40102f	t_run_test	(/home/koga/autobench_perf/src/autobench/pntrch01_lite)
pntrch01_lite	83304	[007]	2604059.632642	132382	cpu/event=0x3C,umask=0x00/u	40102f	t_run_test	(/home/koga/autobench_perf/src/autobench/pntrch01_lite)
pntrch01_lite	83304	[007]	2604059.632742	132365	cpu/event=0x3C,umask=0x00/u	400c39	t_run_test	(/home/koga/autobench_perf/src/autobench/pntrch01_lite)
pntrch01_lite	83304	[007]	2604059.632842	132349	cpu/event=0x3C,umask=0x00/u	40102f	t_run_test	(/home/koga/autobench_perf/src/autobench/pntrch01_lite)
pntrch01_lite	83304	[007]	2604059.632943	132314	cpu/event=0x3C,umask=0x00/u	40102f	t_run_test	(/home/koga/autobench_perf/src/autobench/pntrch01_lite)
pntrch01_lite	83304	[007]	2604059.633043	132300	cpu/event=0x3C,umask=0x00/u	400d9f	t_run_test	(/home/koga/autobench_perf/src/autobench/pntrch01_lite)
pntrch01_lite	83304	[007]	2604059.633143	132303	cpu/event=0x3C,umask=0x00/u	401011	t_run_test	(/home/koga/autobench_perf/src/autobench/pntrch01_lite)
pntrch01_lite	83304	[007]	2604059.633240	132295	cpu/event=0x3C,umask=0x00/u	400b0e	t_run_test	(/home/koga/autobench_perf/src/autobench/pntrch01_lite)
pntrch01_lite	83304	[007]	2604059.633336	132751	cpu/event=0x3C,umask=0x00/u	40102f	t_run_test	(/home/koga/autobench_perf/src/autobench/pntrch01_lite)
pntrch01_lite	83304	[007]	2604059.633437	133371	cpu/event=0x3C,umask=0x00/u	400b0e	t_run_test	(/home/koga/autobench_perf/src/autobench/pntrch01_lite)
pntrch01_lite	83304	[007]	2604059.633537	133333	cpu/event=0x3C,umask=0x00/u	400c57	t_run_test	(/home/koga/autobench_perf/src/autobench/pntrch01_lite)
pntrch01_lite	83304	[007]	2604059.633638	133258	cpu/event=0x3C,umask=0x00/u	400c57	t_run_test	(/home/koga/autobench_perf/src/autobench/pntrch01_lite)
pntrch01_lite	83304	[007]	2604059.633738	133177	cpu/event=0x3C,umask=0x00/u	400d9f	t_run_test	(/home/koga/autobench_perf/src/autobench/pntrch01_lite)
pntrch01_lite	83304	[007]	2604059.633839	133089	cpu/event=0x3C,umask=0x00/u	400ee7	t_run_test	(/home/koga/autobench_perf/src/autobench/pntrch01_lite)
pntrch01_lite	83304	[007]	2604059.633939	133012	cpu/event=0x3C,umask=0x00/u	400ee7	t_run_test	(/home/koga/autobench_perf/src/autobench/pntrch01_lite)
pntrch01_lite	83304	[007]	2604059.634039	132941	cpu/event=0x3C,umask=0x00/u	400ee7	t_run_test	(/home/koga/autobench_perf/src/autobench/pntrch01_lite)
pntrch01_lite	83304	[007]	2604059.634140	132856	cpu/event=0x3C,umask=0x00/u	40102f	t_run_test	(/home/koga/autobench_perf/src/autobench/pntrch01_lite)
pntrch01_lite	83304	[007]	2604059.634250	132729	cpu/event=0x3C,umask=0x00/u	40102f	t_run_test	(/home/koga/autobench_perf/src/autobench/pntrch01_lite)
pntrch01_lite	83304	[007]	2604059.634350	131267	cpu/event=0x3C,umask=0x00/u	400ee7	t_run_test	(/home/koga/autobench_perf/src/autobench/pntrch01_lite)
pntrch01_lite	83304	[007]	2604059.634450	131182	cpu/event=0x3C,umask=0x00/u	40102f	t_run_test	(/home/koga/autobench_perf/src/autobench/pntrch01_lite)
pntrch01_lite	83304	[007]	2604059.634549	131257	cpu/event=0x3C,umask=0x00/u	4010b0	t_run_test	(/home/koga/autobench_perf/src/autobench/pntrch01_lite)
pntrch01_lite	83304	[007]	2604059.634648	131377	cpu/event=0x3C,umask=0x00/u	400d9f	t_run_test	(/home/koga/autobench_perf/src/autobench/pntrch01_lite)
pntrch01_lite	83304	[007]	2604059.634748	131476	cpu/event=0x3C,umask=0x00/u	400ee7	t_run_test	(/home/koga/autobench_perf/src/autobench/pntrch01_lite)
pntrch01_lite	83304	[007]	2604059.634847	131577	cpu/event=0x3C,umask=0x00/u	40102f	t_run_test	(/home/koga/autobench_perf/src/autobench/pntrch01_lite)
pntrch01_lite	83304	[007]	2604059.634947	131664	cpu/event=0x3C,umask=0x00/u	400c57	t_run_test	(/home/koga/autobench_perf/src/autobench/pntrch01_lite)
pntrch01_lite	83304	[007]	2604059.635046	131726	cpu/event=0x3C,umask=0x00/u	400d9f	t_run_test	(/home/koga/autobench_perf/src/autobench/pntrch01_lite)
pntrch01_lite	83304	[007]	2604059.635146	131791	cpu/event=0x3C,umask=0x00/u	400ee7	t_run_test	(/home/koga/autobench_perf/src/autobench/pntrch01_lite)
pntrch01_lite	83304	[007]	2604059.635246	131875	cpu/event=0x3C,umask=0x00/u	400c39	t_run_test	(/home/koga/autobench_perf/src/autobench/pntrch01_lite)
pntrch01_lite	83304	[007]	2604059.635345	131929	cpu/event=0x3C,umask=0x00/u	400d92	t_run_test	(/home/koga/autobench_perf/src/autobench/pntrch01_lite)
pntrch01_lite	83304	[007]	2604059.635445	131995	cpu/event=0x3C,umask=0x00/u	40102f	t_run_test	(/home/koga/autobench_perf/src/autobench/pntrch01_lite)
pntrch01_lite	83304	[007]	2604059.635545	132057	cpu/event=0x3C,umask=0x00/u	400c57	t_run_test	(/home/koga/autobench_perf/src/autobench/pntrch01_lite)
pntrch01_lite	83304	[007]	2604059.635641	132090	cpu/event=0x3C,umask=0x00/u	401267	t_run_test	(/home/koga/autobench_perf/src/autobench/pntrch01_lite)
pntrch01_lite	83304	[007]	2604059.635744	132727	cpu/event=0x3C,umask=0x00/u	40102f	t_run_test	(/home/koga/autobench_perf/src/autobench/pntrch01_lite)
pntrch01_lite	83304	[007]	2604059.635841	132225	cpu/event=0x3C,umask=0x00/u	400c57	t_run_test	(/home/koga/autobench_perf/src/autobench/pntrch01_lite)
pntrch01_lite	83304	[007]	2604059.635937	132771	cpu/event=0x3C,umask=0x00/u	400ee7	t_run_test	(/home/koga/autobench_perf/src/autobench/pntrch01_lite)
pntrch01_lite	83304	[007]	2604059.636041	133383	cpu/event=0x3C,umask=0x00/u	400c4a	t_run_test	(/home/koga/autobench_perf/src/autobench/pntrch01_lite)
pntrch01_lite	83304	[007]	2604059.636153	132803	cpu/event=0x3C,umask=0x00/u	401707	Calc_crc32	(/home/koga/autobench_perf/src/autobench/pntrch01_lite)
