pntrch01_lite	83856	[031]	2604104.424046	1	cpu/event=0xD0,umask=0x81/u	7fbfec5e5c30	_start	(/lib/x86_64-linux-gnu/ld-2.23.so)
pntrch01_lite	83856	[031]	2604104.424057	1	cpu/event=0xD0,umask=0x81/u	7fbfec5e5c30	_start	(/lib/x86_64-linux-gnu/ld-2.23.so)
pntrch01_lite	83856	[031]	2604104.424065	2	cpu/event=0xD0,umask=0x81/u	7fbfec5e5c30	_start	(/lib/x86_64-linux-gnu/ld-2.23.so)
pntrch01_lite	83856	[031]	2604104.424071	5	cpu/event=0xD0,umask=0x81/u	7fbfec5e5c30	_start	(/lib/x86_64-linux-gnu/ld-2.23.so)
pntrch01_lite	83856	[031]	2604104.424082	15	cpu/event=0xD0,umask=0x81/u	7fbfec5e5c30	_start	(/lib/x86_64-linux-gnu/ld-2.23.so)
pntrch01_lite	83856	[031]	2604104.424125	29	cpu/event=0xD0,umask=0x81/u	7fbfec5e69ff	_dl_start	(/lib/x86_64-linux-gnu/ld-2.23.so)
pntrch01_lite	83856	[031]	2604104.424157	34	cpu/event=0xD0,umask=0x81/u	7fbfec5e6a9b	_dl_start	(/lib/x86_64-linux-gnu/ld-2.23.so)
pntrch01_lite	83856	[031]	2604104.424168	44	cpu/event=0xD0,umask=0x81/u	7fbfec5e6d36	_dl_start	(/lib/x86_64-linux-gnu/ld-2.23.so)
pntrch01_lite	83856	[031]	2604104.424179	88	cpu/event=0xD0,umask=0x81/u	7fbfec5e6da7	_dl_start	(/lib/x86_64-linux-gnu/ld-2.23.so)
pntrch01_lite	83856	[031]	2604104.424209	177	cpu/event=0xD0,umask=0x81/u	7fbfec5fe6c6	_dl_sysdep_start	(/lib/x86_64-linux-gnu/ld-2.23.so)
pntrch01_lite	83856	[031]	2604104.424240	229	cpu/event=0xD0,umask=0x81/u	7fbfec5f0e5b	_dl_new_object	(/lib/x86_64-linux-gnu/ld-2.23.so)
pntrch01_lite	83856	[031]	2604104.424284	292	cpu/event=0xD0,umask=0x81/u	7fbfec5e7e74	dl_main	(/lib/x86_64-linux-gnu/ld-2.23.so)
pntrch01_lite	83856	[031]	2604104.424321	340	cpu/event=0xD0,umask=0x81/u	7fbfec5f2bda	openaux	(/lib/x86_64-linux-gnu/ld-2.23.so)
pntrch01_lite	83856	[031]	2604104.424372	414	cpu/event=0xD0,umask=0x81/u	7fbfec601f40	strlen	(/lib/x86_64-linux-gnu/ld-2.23.so)
pntrch01_lite	83856	[031]	2604104.424459	464	cpu/event=0xD0,umask=0x81/u	7fbfec5f0a80	_dl_setup_hash	(/lib/x86_64-linux-gnu/ld-2.23.so)
pntrch01_lite	83856	[031]	2604104.424490	473	cpu/event=0xD0,umask=0x81/u	ffffffff8186a950	entry_SYSCALL_64	([kernel.kallsyms])
pntrch01_lite	83856	[031]	2604104.424569	603	cpu/event=0xD0,umask=0x81/u	7fbfec5f3d18	_dl_map_object_deps	(/lib/x86_64-linux-gnu/ld-2.23.so)
pntrch01_lite	83856	[031]	2604104.424597	623	cpu/event=0xD0,umask=0x81/u	7fbfec5f37e8	_dl_map_object_deps	(/lib/x86_64-linux-gnu/ld-2.23.so)
pntrch01_lite	83856	[031]	2604104.424615	828	cpu/event=0xD0,umask=0x81/u	7fbfec600ab4	strcmp	(/lib/x86_64-linux-gnu/ld-2.23.so)
pntrch01_lite	83856	[031]	2604104.424638	1293	cpu/event=0xD0,umask=0x81/u	7fbfec5fed72	__libc_memalign	(/lib/x86_64-linux-gnu/ld-2.23.so)
pntrch01_lite	83856	[031]	2604104.424696	1849	cpu/event=0xD0,umask=0x81/u	7fbfec5f165a	_dl_relocate_object	(/lib/x86_64-linux-gnu/ld-2.23.so)
pntrch01_lite	83856	[031]	2604104.424717	2014	cpu/event=0xD0,umask=0x81/u	7fbfec5f165a	_dl_relocate_object	(/lib/x86_64-linux-gnu/ld-2.23.so)
pntrch01_lite	83856	[031]	2604104.424747	2975	cpu/event=0xD0,umask=0x81/u	7fbfec5eef06	do_lookup_x	(/lib/x86_64-linux-gnu/ld-2.23.so)
pntrch01_lite	83856	[031]	2604104.424778	3847	cpu/event=0xD0,umask=0x81/u	7fbfec5eefd1	do_lookup_x	(/lib/x86_64-linux-gnu/ld-2.23.so)
pntrch01_lite	83856	[031]	2604104.424804	4927	cpu/event=0xD0,umask=0x81/u	7fbfec5f1824	_dl_relocate_object	(/lib/x86_64-linux-gnu/ld-2.23.so)
pntrch01_lite	83856	[031]	2604104.424837	6649	cpu/event=0xD0,umask=0x81/u	7fbfec5f1540	_dl_relocate_object	(/lib/x86_64-linux-gnu/ld-2.23.so)
pntrch01_lite	83856	[031]	2604104.425015	8335	cpu/event=0xD0,umask=0x81/u	7fbfec055364	_dl_addr	(/lib/x86_64-linux-gnu/libc-2.23.so)
pntrch01_lite	83856	[031]	2604104.425080	7879	cpu/event=0xD0,umask=0x81/u	7fbfec055364	_dl_addr	(/lib/x86_64-linux-gnu/libc-2.23.so)
pntrch01_lite	83856	[031]	2604104.425160	8407	cpu/event=0xD0,umask=0x81/u	40102f	t_run_test	(/home/koga/autobench_perf/src/autobench/pntrch01_lite)
pntrch01_lite	83856	[031]	2604104.425203	8676	cpu/event=0xD0,umask=0x81/u	400c4a	t_run_test	(/home/koga/autobench_perf/src/autobench/pntrch01_lite)
pntrch01_lite	83856	[031]	2604104.425241	10091	cpu/event=0xD0,umask=0x81/u	400d92	t_run_test	(/home/koga/autobench_perf/src/autobench/pntrch01_lite)
pntrch01_lite	83856	[031]	2604104.425278	12168	cpu/event=0xD0,umask=0x81/u	401022	t_run_test	(/home/koga/autobench_perf/src/autobench/pntrch01_lite)
pntrch01_lite	83856	[031]	2604104.425325	14815	cpu/event=0xD0,umask=0x81/u	400aff	t_run_test	(/home/koga/autobench_perf/src/autobench/pntrch01_lite)
pntrch01_lite	83856	[031]	2604104.425378	16889	cpu/event=0xD0,umask=0x81/u	400aff	t_run_test	(/home/koga/autobench_perf/src/autobench/pntrch01_lite)
pntrch01_lite	83856	[031]	2604104.425438	18705	cpu/event=0xD0,umask=0x81/u	400eda	t_run_test	(/home/koga/autobench_perf/src/autobench/pntrch01_lite)
pntrch01_lite	83856	[031]	2604104.425512	20329	cpu/event=0xD0,umask=0x81/u	400c4a	t_run_test	(/home/koga/autobench_perf/src/autobench/pntrch01_lite)
pntrch01_lite	83856	[031]	2604104.425580	21217	cpu/event=0xD0,umask=0x81/u	400aff	t_run_test	(/home/koga/autobench_perf/src/autobench/pntrch01_lite)
pntrch01_lite	83856	[031]	2604104.425657	22470	cpu/event=0xD0,umask=0x81/u	400c4a	t_run_test	(/home/koga/autobench_perf/src/autobench/pntrch01_lite)
pntrch01_lite	83856	[031]	2604104.425730	23311	cpu/event=0xD0,umask=0x81/u	401022	t_run_test	(/home/koga/autobench_perf/src/autobench/pntrch01_lite)
pntrch01_lite	83856	[031]	2604104.425805	24381	cpu/event=0xD0,umask=0x81/u	400aff	t_run_test	(/home/koga/autobench_perf/src/autobench/pntrch01_lite)
pntrch01_lite	83856	[031]	2604104.425882	25400	cpu/event=0xD0,umask=0x81/u	400eda	t_run_test	(/home/koga/autobench_perf/src/autobench/pntrch01_lite)
pntrch01_lite	83856	[031]	2604104.425986	23829	cpu/event=0xD0,umask=0x81/u	400eda	t_run_test	(/home/koga/autobench_perf/src/autobench/pntrch01_lite)
pntrch01_lite	83856	[031]	2604104.426063	23720	cpu/event=0xD0,umask=0x81/u	401022	t_run_test	(/home/koga/autobench_perf/src/autobench/pntrch01_lite)
pntrch01_lite	83856	[031]	2604104.426144	24618	cpu/event=0xD0,umask=0x81/u	400c4a	t_run_test	(/home/koga/autobench_perf/src/autobench/pntrch01_lite)
pntrch01_lite	83856	[031]	2604104.426222	25329	cpu/event=0xD0,umask=0x81/u	400ed6	t_run_test	(/home/koga/autobench_perf/src/autobench/pntrch01_lite)
pntrch01_lite	83856	[031]	2604104.426302	26222	cpu/event=0xD0,umask=0x81/u	400d92	t_run_test	(/home/koga/autobench_perf/src/autobench/pntrch01_lite)
pntrch01_lite	83856	[031]	2604104.426384	27051	cpu/event=0xD0,umask=0x81/u	400eda	t_run_test	(/home/koga/autobench_perf/src/autobench/pntrch01_lite)
pntrch01_lite	83856	[031]	2604104.426474	27785	cpu/event=0xD0,umask=0x81/u	400c4a	t_run_test	(/home/koga/autobench_perf/src/autobench/pntrch01_lite)
pntrch01_lite	83856	[031]	2604104.426560	28187	cpu/event=0xD0,umask=0x81/u	400c4a	t_run_test	(/home/koga/autobench_perf/src/autobench/pntrch01_lite)
pntrch01_lite	83856	[031]	2604104.426652	28756	cpu/event=0xD0,umask=0x81/u	400ee7	t_run_test	(/home/koga/autobench_perf/src/autobench/pntrch01_lite)
pntrch01_lite	83856	[031]	2604104.426741	29058	cpu/event=0xD0,umask=0x81/u	400aff	t_run_test	(/home/koga/autobench_perf/src/autobench/pntrch01_lite)
pntrch01_lite	83856	[031]	2604104.426830	29527	cpu/event=0xD0,umask=0x81/u	400d92	t_run_test	(/home/koga/autobench_perf/src/autobench/pntrch01_lite)
pntrch01_lite	83856	[031]	2604104.426921	29956	cpu/event=0xD0,umask=0x81/u	400d92	t_run_test	(/home/koga/autobench_perf/src/autobench/pntrch01_lite)
pntrch01_lite	83856	[031]	2604104.427013	30338	cpu/event=0xD0,umask=0x81/u	401220	t_run_test	(/home/koga/autobench_perf/src/autobench/pntrch01_lite)
pntrch01_lite	83856	[031]	2604104.427110	30691	cpu/event=0xD0,umask=0x81/u	400eda	t_run_test	(/home/koga/autobench_perf/src/autobench/pntrch01_lite)
pntrch01_lite	83856	[031]	2604104.427200	30787	cpu/event=0xD0,umask=0x81/u	400d92	t_run_test	(/home/koga/autobench_perf/src/autobench/pntrch01_lite)
pntrch01_lite	83856	[031]	2604104.427294	31228	cpu/event=0xD0,umask=0x81/u	400aff	t_run_test	(/home/koga/autobench_perf/src/autobench/pntrch01_lite)
pntrch01_lite	83856	[031]	2604104.427389	31476	cpu/event=0xD0,umask=0x81/u	400aff	t_run_test	(/home/koga/autobench_perf/src/autobench/pntrch01_lite)
pntrch01_lite	83856	[031]	2604104.427494	31692	cpu/event=0xD0,umask=0x81/u	400eda	t_run_test	(/home/koga/autobench_perf/src/autobench/pntrch01_lite)
pntrch01_lite	83856	[031]	2604104.427590	31484	cpu/event=0xD0,umask=0x81/u	400b0e	t_run_test	(/home/koga/autobench_perf/src/autobench/pntrch01_lite)
pntrch01_lite	83856	[031]	2604104.427686	31644	cpu/event=0xD0,umask=0x81/u	401022	t_run_test	(/home/koga/autobench_perf/src/autobench/pntrch01_lite)
pntrch01_lite	83856	[031]	2604104.427782	31821	cpu/event=0xD0,umask=0x81/u	400aff	t_run_test	(/home/koga/autobench_perf/src/autobench/pntrch01_lite)
pntrch01_lite	83856	[031]	2604104.427883	31993	cpu/event=0xD0,umask=0x81/u	401022	t_run_test	(/home/koga/autobench_perf/src/autobench/pntrch01_lite)
pntrch01_lite	83856	[031]	2604104.427976	31944	cpu/event=0xD0,umask=0x81/u	400c57	t_run_test	(/home/koga/autobench_perf/src/autobench/pntrch01_lite)
pntrch01_lite	83856	[031]	2604104.428073	32243	cpu/event=0xD0,umask=0x81/u	401022	t_run_test	(/home/koga/autobench_perf/src/autobench/pntrch01_lite)
pntrch01_lite	83856	[031]	2604104.428176	32371	cpu/event=0xD0,umask=0x81/u	400c4a	t_run_test	(/home/koga/autobench_perf/src/autobench/pntrch01_lite)
pntrch01_lite	83856	[031]	2604104.428279	32267	cpu/event=0xD0,umask=0x81/u	400d92	t_run_test	(/home/koga/autobench_perf/src/autobench/pntrch01_lite)
pntrch01_lite	83856	[031]	2604104.428381	32155	cpu/event=0xD0,umask=0x81/u	401022	t_run_test	(/home/koga/autobench_perf/src/autobench/pntrch01_lite)
pntrch01_lite	83856	[031]	2604104.428475	32054	cpu/event=0xD0,umask=0x81/u	400d8e	t_run_test	(/home/koga/autobench_perf/src/autobench/pntrch01_lite)
pntrch01_lite	83856	[031]	2604104.428572	32337	cpu/event=0xD0,umask=0x81/u	401022	t_run_test	(/home/koga/autobench_perf/src/autobench/pntrch01_lite)
pntrch01_lite	83856	[031]	2604104.428675	32461	cpu/event=0xD0,umask=0x81/u	400aff	t_run_test	(/home/koga/autobench_perf/src/autobench/pntrch01_lite)
pntrch01_lite	83856	[031]	2604104.428773	32352	cpu/event=0xD0,umask=0x81/u	400d92	t_run_test	(/home/koga/autobench_perf/src/autobench/pntrch01_lite)
pntrch01_lite	83856	[031]	2604104.428871	32428	cpu/event=0xD0,umask=0x81/u	400b0e	t_run_test	(/home/koga/autobench_perf/src/autobench/pntrch01_lite)
pntrch01_lite	83856	[031]	2604104.428974	32520	cpu/event=0xD0,umask=0x81/u	400d92	t_run_test	(/home/koga/autobench_perf/src/autobench/pntrch01_lite)
pntrch01_lite	83856	[031]	2604104.429077	32398	cpu/event=0xD0,umask=0x81/u	400aff	t_run_test	(/home/koga/autobench_perf/src/autobench/pntrch01_lite)
pntrch01_lite	83856	[031]	2604104.429180	32265	cpu/event=0xD0,umask=0x81/u	400aff	t_run_test	(/home/koga/autobench_perf/src/autobench/pntrch01_lite)
pntrch01_lite	83856	[031]	2604104.429278	32145	cpu/event=0xD0,umask=0x81/u	400eda	t_run_test	(/home/koga/autobench_perf/src/autobench/pntrch01_lite)
pntrch01_lite	83856	[031]	2604104.429376	32238	cpu/event=0xD0,umask=0x81/u	400c4a	t_run_test	(/home/koga/autobench_perf/src/autobench/pntrch01_lite)
pntrch01_lite	83856	[031]	2604104.429473	32315	cpu/event=0xD0,umask=0x81/u	401022	t_run_test	(/home/koga/autobench_perf/src/autobench/pntrch01_lite)
pntrch01_lite	83856	[031]	2604104.429576	32428	cpu/event=0xD0,umask=0x81/u	400aff	t_run_test	(/home/koga/autobench_perf/src/autobench/pntrch01_lite)
pntrch01_lite	83856	[031]	2604104.429674	32317	cpu/event=0xD0,umask=0x81/u	400c4a	t_run_test	(/home/koga/autobench_perf/src/autobench/pntrch01_lite)
pntrch01_lite	83856	[031]	2604104.429782	32411	cpu/event=0xD0,umask=0x81/u	401022	t_run_test	(/home/koga/autobench_perf/src/autobench/pntrch01_lite)
pntrch01_lite	83856	[031]	2604104.429885	32118	cpu/event=0xD0,umask=0x81/u	401022	t_run_test	(/home/koga/autobench_perf/src/autobench/pntrch01_lite)
pntrch01_lite	83856	[031]	2604104.429995	31994	cpu/event=0xD0,umask=0x81/u	400eda	t_run_test	(/home/koga/autobench_perf/src/autobench/pntrch01_lite)
pntrch01_lite	83856	[031]	2604104.430097	31627	cpu/event=0xD0,umask=0x81/u	401022	t_run_test	(/home/koga/autobench_perf/src/autobench/pntrch01_lite)
pntrch01_lite	83856	[031]	2604104.430193	31550	cpu/event=0xD0,umask=0x81/u	400c4a	t_run_test	(/home/koga/autobench_perf/src/autobench/pntrch01_lite)
pntrch01_lite	83856	[031]	2604104.430294	31725	cpu/event=0xD0,umask=0x81/u	400aff	t_run_test	(/home/koga/autobench_perf/src/autobench/pntrch01_lite)
pntrch01_lite	83856	[031]	2604104.430400	31692	cpu/event=0xD0,umask=0x81/u	400eda	t_run_test	(/home/koga/autobench_perf/src/autobench/pntrch01_lite)
pntrch01_lite	83856	[031]	2604104.430501	31453	cpu/event=0xD0,umask=0x81/u	400eda	t_run_test	(/home/koga/autobench_perf/src/autobench/pntrch01_lite)
pntrch01_lite	83856	[031]	2604104.430597	31408	cpu/event=0xD0,umask=0x81/u	400c4a	t_run_test	(/home/koga/autobench_perf/src/autobench/pntrch01_lite)
pntrch01_lite	83856	[031]	2604104.430697	31593	cpu/event=0xD0,umask=0x81/u	400abf	t_run_test	(/home/koga/autobench_perf/src/autobench/pntrch01_lite)
pntrch01_lite	83856	[031]	2604104.430798	31580	cpu/event=0xD0,umask=0x81/u	400d92	t_run_test	(/home/koga/autobench_perf/src/autobench/pntrch01_lite)
pntrch01_lite	83856	[031]	2604104.430904	31543	cpu/event=0xD0,umask=0x81/u	400d92	t_run_test	(/home/koga/autobench_perf/src/autobench/pntrch01_lite)
pntrch01_lite	83856	[031]	2604104.431005	31318	cpu/event=0xD0,umask=0x81/u	400aff	t_run_test	(/home/koga/autobench_perf/src/autobench/pntrch01_lite)
pntrch01_lite	83856	[031]	2604104.431105	31290	cpu/event=0xD0,umask=0x81/u	400eda	t_run_test	(/home/koga/autobench_perf/src/autobench/pntrch01_lite)
pntrch01_lite	83856	[031]	2604104.431200	31289	cpu/event=0xD0,umask=0x81/u	400aff	t_run_test	(/home/koga/autobench_perf/src/autobench/pntrch01_lite)
pntrch01_lite	83856	[031]	2604104.431300	31486	cpu/event=0xD0,umask=0x81/u	400aff	t_run_test	(/home/koga/autobench_perf/src/autobench/pntrch01_lite)
pntrch01_lite	83856	[031]	2604104.431406	31486	cpu/event=0xD0,umask=0x81/u	400eda	t_run_test	(/home/koga/autobench_perf/src/autobench/pntrch01_lite)
pntrch01_lite	83856	[031]	2604104.431506	31278	cpu/event=0xD0,umask=0x81/u	400d9f	t_run_test	(/home/koga/autobench_perf/src/autobench/pntrch01_lite)
pntrch01_lite	83856	[031]	2604104.431606	31261	cpu/event=0xD0,umask=0x81/u	401022	t_run_test	(/home/koga/autobench_perf/src/autobench/pntrch01_lite)
pntrch01_lite	83856	[031]	2604104.431706	31263	cpu/event=0xD0,umask=0x81/u	400eda	t_run_test	(/home/koga/autobench_perf/src/autobench/pntrch01_lite)
pntrch01_lite	83856	[031]	2604104.431811	31266	cpu/event=0xD0,umask=0x81/u	400c4a	t_run_test	(/home/koga/autobench_perf/src/autobench/pntrch01_lite)
pntrch01_lite	83856	[031]	2604104.431911	31080	cpu/event=0xD0,umask=0x81/u	401022	t_run_test	(/home/koga/autobench_perf/src/autobench/pntrch01_lite)
pntrch01_lite	83856	[031]	2604104.432011	31074	cpu/event=0xD0,umask=0x81/u	400c57	t_run_test	(/home/koga/autobench_perf/src/autobench/pntrch01_lite)
pntrch01_lite	83856	[031]	2604104.432110	31085	cpu/event=0xD0,umask=0x81/u	400c4a	t_run_test	(/home/koga/autobench_perf/src/autobench/pntrch01_lite)
pntrch01_lite	83856	[031]	2604104.432210	31113	cpu/event=0xD0,umask=0x81/u	400d9f	t_run_test	(/home/koga/autobench_perf/src/autobench/pntrch01_lite)
pntrch01_lite	83856	[031]	2604104.432310	31128	cpu/event=0xD0,umask=0x81/u	400c4a	t_run_test	(/home/koga/autobench_perf/src/autobench/pntrch01_lite)
pntrch01_lite	83856	[031]	2604104.432414	31143	cpu/event=0xD0,umask=0x81/u	400eda	t_run_test	(/home/koga/autobench_perf/src/autobench/pntrch01_lite)
pntrch01_lite	83856	[031]	2604104.432514	30976	cpu/event=0xD0,umask=0x81/u	400d92	t_run_test	(/home/koga/autobench_perf/src/autobench/pntrch01_lite)
pntrch01_lite	83856	[031]	2604104.432613	30995	cpu/event=0xD0,umask=0x81/u	401022	t_run_test	(/home/koga/autobench_perf/src/autobench/pntrch01_lite)
pntrch01_lite	83856	[031]	2604104.432713	31025	cpu/event=0xD0,umask=0x81/u	400c4a	t_run_test	(/home/koga/autobench_perf/src/autobench/pntrch01_lite)
pntrch01_lite	83856	[031]	2604104.432817	31044	cpu/event=0xD0,umask=0x81/u	401022	t_run_test	(/home/koga/autobench_perf/src/autobench/pntrch01_lite)
pntrch01_lite	83856	[031]	2604104.432916	30879	cpu/event=0xD0,umask=0x81/u	401022	t_run_test	(/home/koga/autobench_perf/src/autobench/pntrch01_lite)
pntrch01_lite	83856	[031]	2604104.433016	30903	cpu/event=0xD0,umask=0x81/u	400aff	t_run_test	(/home/koga/autobench_perf/src/autobench/pntrch01_lite)
pntrch01_lite	83856	[031]	2604104.433115	30935	cpu/event=0xD0,umask=0x81/u	400d92	t_run_test	(/home/koga/autobench_perf/src/autobench/pntrch01_lite)
pntrch01_lite	83856	[031]	2604104.433219	30976	cpu/event=0xD0,umask=0x81/u	400aff	t_run_test	(/home/koga/autobench_perf/src/autobench/pntrch01_lite)
pntrch01_lite	83856	[031]	2604104.433318	30818	cpu/event=0xD0,umask=0x81/u	401022	t_run_test	(/home/koga/autobench_perf/src/autobench/pntrch01_lite)
pntrch01_lite	83856	[031]	2604104.433422	30836	cpu/event=0xD0,umask=0x81/u	400c4a	t_run_test	(/home/koga/autobench_perf/src/autobench/pntrch01_lite)
pntrch01_lite	83856	[031]	2604104.433521	30690	cpu/event=0xD0,umask=0x81/u	400d92	t_run_test	(/home/koga/autobench_perf/src/autobench/pntrch01_lite)
pntrch01_lite	83856	[031]	2604104.433620	30737	cpu/event=0xD0,umask=0x81/u	400aff	t_run_test	(/home/koga/autobench_perf/src/autobench/pntrch01_lite)
pntrch01_lite	83856	[031]	2604104.433723	30791	cpu/event=0xD0,umask=0x81/u	401022	t_run_test	(/home/koga/autobench_perf/src/autobench/pntrch01_lite)
pntrch01_lite	83856	[031]	2604104.433822	30667	cpu/event=0xD0,umask=0x81/u	400b0e	t_run_test	(/home/koga/autobench_perf/src/autobench/pntrch01_lite)
pntrch01_lite	83856	[031]	2604104.433941	30740	cpu/event=0xD0,umask=0x81/u	400d9f	t_run_test	(/home/koga/autobench_perf/src/autobench/pntrch01_lite)
pntrch01_lite	83856	[031]	2604104.434040	30126	cpu/event=0xD0,umask=0x81/u	400eda	t_run_test	(/home/koga/autobench_perf/src/autobench/pntrch01_lite)
pntrch01_lite	83856	[031]	2604104.434137	30157	cpu/event=0xD0,umask=0x81/u	400eda	t_run_test	(/home/koga/autobench_perf/src/autobench/pntrch01_lite)
pntrch01_lite	83856	[031]	2604104.434239	30272	cpu/event=0xD0,umask=0x81/u	400eda	t_run_test	(/home/koga/autobench_perf/src/autobench/pntrch01_lite)
pntrch01_lite	83856	[031]	2604104.434337	30192	cpu/event=0xD0,umask=0x81/u	400eda	t_run_test	(/home/koga/autobench_perf/src/autobench/pntrch01_lite)
pntrch01_lite	83856	[031]	2604104.434440	30273	cpu/event=0xD0,umask=0x81/u	400aff	t_run_test	(/home/koga/autobench_perf/src/autobench/pntrch01_lite)
pntrch01_lite	83856	[031]	2604104.434542	30179	cpu/event=0xD0,umask=0x81/u	400c4a	t_run_test	(/home/koga/autobench_perf/src/autobench/pntrch01_lite)
pntrch01_lite	83856	[031]	2604104.434639	30091	cpu/event=0xD0,umask=0x81/u	400aff	t_run_test	(/home/koga/autobench_perf/src/autobench/pntrch01_lite)
pntrch01_lite	83856	[031]	2604104.434742	30199	cpu/event=0xD0,umask=0x81/u	401022	t_run_test	(/home/koga/autobench_perf/src/autobench/pntrch01_lite)
pntrch01_lite	83856	[031]	2604104.434839	30120	cpu/event=0xD0,umask=0x81/u	400d92	t_run_test	(/home/koga/autobench_perf/src/autobench/pntrch01_lite)
pntrch01_lite	83856	[031]	2604104.434941	30220	cpu/event=0xD0,umask=0x81/u	400eda	t_run_test	(/home/koga/autobench_perf/src/autobench/pntrch01_lite)
pntrch01_lite	83856	[031]	2604104.435043	30145	cpu/event=0xD0,umask=0x81/u	400d9f	t_run_test	(/home/koga/autobench_perf/src/autobench/pntrch01_lite)
pntrch01_lite	83856	[031]	2604104.435141	30059	cpu/event=0xD0,umask=0x81/u	401022	t_run_test	(/home/koga/autobench_perf/src/autobench/pntrch01_lite)
pntrch01_lite	83856	[031]	2604104.435243	30160	cpu/event=0xD0,umask=0x81/u	400eda	t_run_test	(/home/koga/autobench_perf/src/autobench/pntrch01_lite)
pntrch01_lite	83856	[031]	2604104.435345	30075	cpu/event=0xD0,umask=0x81/u	400aff	t_run_test	(/home/koga/autobench_perf/src/autobench/pntrch01_lite)
pntrch01_lite	83856	[031]	2604104.435442	29996	cpu/event=0xD0,umask=0x81/u	400eda	t_run_test	(/home/koga/autobench_perf/src/autobench/pntrch01_lite)
pntrch01_lite	83856	[031]	2604104.435544	30115	cpu/event=0xD0,umask=0x81/u	401022	t_run_test	(/home/koga/autobench_perf/src/autobench/pntrch01_lite)
pntrch01_lite	83856	[031]	2604104.435647	30039	cpu/event=0xD0,umask=0x81/u	400d92	t_run_test	(/home/koga/autobench_perf/src/autobench/pntrch01_lite)
pntrch01_lite	83856	[031]	2604104.435749	29956	cpu/event=0xD0,umask=0x81/u	400c4a	t_run_test	(/home/koga/autobench_perf/src/autobench/pntrch01_lite)
pntrch01_lite	83856	[031]	2604104.435845	29878	cpu/event=0xD0,umask=0x81/u	401022	t_run_test	(/home/koga/autobench_perf/src/autobench/pntrch01_lite)
pntrch01_lite	83856	[031]	2604104.435947	30016	cpu/event=0xD0,umask=0x81/u	400aff	t_run_test	(/home/koga/autobench_perf/src/autobench/pntrch01_lite)
pntrch01_lite	83856	[031]	2604104.436049	29948	cpu/event=0xD0,umask=0x81/u	400c4a	t_run_test	(/home/koga/autobench_perf/src/autobench/pntrch01_lite)
pntrch01_lite	83856	[031]	2604104.436151	29883	cpu/event=0xD0,umask=0x81/u	400d92	t_run_test	(/home/koga/autobench_perf/src/autobench/pntrch01_lite)
pntrch01_lite	83856	[031]	2604104.436252	29823	cpu/event=0xD0,umask=0x81/u	400aff	t_run_test	(/home/koga/autobench_perf/src/autobench/pntrch01_lite)
pntrch01_lite	83856	[031]	2604104.436348	29777	cpu/event=0xD0,umask=0x81/u	400aff	t_run_test	(/home/koga/autobench_perf/src/autobench/pntrch01_lite)
pntrch01_lite	83856	[031]	2604104.436450	29919	cpu/event=0xD0,umask=0x81/u	400aff	t_run_test	(/home/koga/autobench_perf/src/autobench/pntrch01_lite)
pntrch01_lite	83856	[031]	2604104.436552	29864	cpu/event=0xD0,umask=0x81/u	400aff	t_run_test	(/home/koga/autobench_perf/src/autobench/pntrch01_lite)
pntrch01_lite	83856	[031]	2604104.436653	29801	cpu/event=0xD0,umask=0x81/u	400aff	t_run_test	(/home/koga/autobench_perf/src/autobench/pntrch01_lite)
pntrch01_lite	83856	[031]	2604104.436750	29742	cpu/event=0xD0,umask=0x81/u	400aff	t_run_test	(/home/koga/autobench_perf/src/autobench/pntrch01_lite)
pntrch01_lite	83856	[031]	2604104.436851	29883	cpu/event=0xD0,umask=0x81/u	400d92	t_run_test	(/home/koga/autobench_perf/src/autobench/pntrch01_lite)
pntrch01_lite	83856	[031]	2604104.436958	29837	cpu/event=0xD0,umask=0x81/u	400aff	t_run_test	(/home/koga/autobench_perf/src/autobench/pntrch01_lite)
pntrch01_lite	83856	[031]	2604104.437054	29599	cpu/event=0xD0,umask=0x81/u	400c39	t_run_test	(/home/koga/autobench_perf/src/autobench/pntrch01_lite)
pntrch01_lite	83856	[031]	2604104.437150	29742	cpu/event=0xD0,umask=0x81/u	401022	t_run_test	(/home/koga/autobench_perf/src/autobench/pntrch01_lite)
pntrch01_lite	83856	[031]	2604104.437251	29901	cpu/event=0xD0,umask=0x81/u	400c4a	t_run_test	(/home/koga/autobench_perf/src/autobench/pntrch01_lite)
pntrch01_lite	83856	[031]	2604104.437358	29853	cpu/event=0xD0,umask=0x81/u	400aea	t_run_test	(/home/koga/autobench_perf/src/autobench/pntrch01_lite)
pntrch01_lite	83856	[031]	2604104.437454	29622	cpu/event=0xD0,umask=0x81/u	400c4a	t_run_test	(/home/koga/autobench_perf/src/autobench/pntrch01_lite)
pntrch01_lite	83856	[031]	2604104.437555	29751	cpu/event=0xD0,umask=0x81/u	401022	t_run_test	(/home/koga/autobench_perf/src/autobench/pntrch01_lite)
pntrch01_lite	83856	[031]	2604104.437657	29730	cpu/event=0xD0,umask=0x81/u	401022	t_run_test	(/home/koga/autobench_perf/src/autobench/pntrch01_lite)
pntrch01_lite	83856	[031]	2604104.437758	29673	cpu/event=0xD0,umask=0x81/u	400c4a	t_run_test	(/home/koga/autobench_perf/src/autobench/pntrch01_lite)
pntrch01_lite	83856	[031]	2604104.437860	29620	cpu/event=0xD0,umask=0x81/u	400aff	t_run_test	(/home/koga/autobench_perf/src/autobench/pntrch01_lite)
pntrch01_lite	83856	[031]	2604104.437973	29582	cpu/event=0xD0,umask=0x81/u	400eda	t_run_test	(/home/koga/autobench_perf/src/autobench/pntrch01_lite)
pntrch01_lite	83856	[031]	2604104.438074	29161	cpu/event=0xD0,umask=0x81/u	400eda	t_run_test	(/home/koga/autobench_perf/src/autobench/pntrch01_lite)
pntrch01_lite	83856	[031]	2604104.438174	29108	cpu/event=0xD0,umask=0x81/u	400eda	t_run_test	(/home/koga/autobench_perf/src/autobench/pntrch01_lite)
pntrch01_lite	83856	[031]	2604104.438274	29116	cpu/event=0xD0,umask=0x81/u	400eda	t_run_test	(/home/koga/autobench_perf/src/autobench/pntrch01_lite)
pntrch01_lite	83856	[031]	2604104.438373	29125	cpu/event=0xD0,umask=0x81/u	400aff	t_run_test	(/home/koga/autobench_perf/src/autobench/pntrch01_lite)
pntrch01_lite	83856	[031]	2604104.438482	29143	cpu/event=0xD0,umask=0x81/u	401022	t_run_test	(/home/koga/autobench_perf/src/autobench/pntrch01_lite)
pntrch01_lite	83856	[031]	2604104.438574	28836	cpu/event=0xD0,umask=0x81/u	400c4a	t_run_test	(/home/koga/autobench_perf/src/autobench/pntrch01_lite)
pntrch01_lite	83856	[031]	2604104.438666	29146	cpu/event=0xD0,umask=0x81/u	400d92	t_run_test	(/home/koga/autobench_perf/src/autobench/pntrch01_lite)
pntrch01_lite	83856	[031]	2604104.438758	29481	cpu/event=0xD0,umask=0x81/u	400c4a	t_run_test	(/home/koga/autobench_perf/src/autobench/pntrch01_lite)
pntrch01_lite	83856	[031]	2604104.438851	29799	cpu/event=0xD0,umask=0x81/u	400aff	t_run_test	(/home/koga/autobench_perf/src/autobench/pntrch01_lite)
pntrch01_lite	83856	[031]	2604104.438940	30093	cpu/event=0xD0,umask=0x81/u	400c4a	t_run_test	(/home/koga/autobench_perf/src/autobench/pntrch01_lite)
pntrch01_lite	83856	[031]	2604104.439034	30546	cpu/event=0xD0,umask=0x81/u	400c4a	t_run_test	(/home/koga/autobench_perf/src/autobench/pntrch01_lite)
pntrch01_lite	83856	[031]	2604104.439130	30777	cpu/event=0xD0,umask=0x81/u	400eda	t_run_test	(/home/koga/autobench_perf/src/autobench/pntrch01_lite)
pntrch01_lite	83856	[031]	2604104.439226	30962	cpu/event=0xD0,umask=0x81/u	400d92	t_run_test	(/home/koga/autobench_perf/src/autobench/pntrch01_lite)
pntrch01_lite	83856	[031]	2604104.439322	31132	cpu/event=0xD0,umask=0x81/u	400aff	t_run_test	(/home/koga/autobench_perf/src/autobench/pntrch01_lite)
pntrch01_lite	83856	[031]	2604104.439418	31287	cpu/event=0xD0,umask=0x81/u	400aff	t_run_test	(/home/koga/autobench_perf/src/autobench/pntrch01_lite)
pntrch01_lite	83856	[031]	2604104.439515	31417	cpu/event=0xD0,umask=0x81/u	401022	t_run_test	(/home/koga/autobench_perf/src/autobench/pntrch01_lite)
pntrch01_lite	83856	[031]	2604104.439612	31547	cpu/event=0xD0,umask=0x81/u	400aff	t_run_test	(/home/koga/autobench_perf/src/autobench/pntrch01_lite)
pntrch01_lite	83856	[031]	2604104.439710	31661	cpu/event=0xD0,umask=0x81/u	400eda	t_run_test	(/home/koga/autobench_perf/src/autobench/pntrch01_lite)
pntrch01_lite	83856	[031]	2604104.439808	31750	cpu/event=0xD0,umask=0x81/u	40102f	t_run_test	(/home/koga/autobench_perf/src/autobench/pntrch01_lite)
pntrch01_lite	83856	[031]	2604104.439907	31825	cpu/event=0xD0,umask=0x81/u	400eda	t_run_test	(/home/koga/autobench_perf/src/autobench/pntrch01_lite)
pntrch01_lite	83856	[031]	2604104.440005	31895	cpu/event=0xD0,umask=0x81/u	401022	t_run_test	(/home/koga/autobench_perf/src/autobench/pntrch01_lite)
pntrch01_lite	83856	[031]	2604104.440104	31965	cpu/event=0xD0,umask=0x81/u	401022	t_run_test	(/home/koga/autobench_perf/src/autobench/pntrch01_lite)
pntrch01_lite	83856	[031]	2604104.440202	32025	cpu/event=0xD0,umask=0x81/u	400b0e	t_run_test	(/home/koga/autobench_perf/src/autobench/pntrch01_lite)
pntrch01_lite	83856	[031]	2604104.440296	32083	cpu/event=0xD0,umask=0x81/u	401022	t_run_test	(/home/koga/autobench_perf/src/autobench/pntrch01_lite)
pntrch01_lite	83856	[031]	2604104.440395	32346	cpu/event=0xD0,umask=0x81/u	400c57	t_run_test	(/home/koga/autobench_perf/src/autobench/pntrch01_lite)
pntrch01_lite	83856	[031]	2604104.440495	32388	cpu/event=0xD0,umask=0x81/u	400c4a	t_run_test	(/home/koga/autobench_perf/src/autobench/pntrch01_lite)
pntrch01_lite	83856	[031]	2604104.440595	32393	cpu/event=0xD0,umask=0x81/u	401022	t_run_test	(/home/koga/autobench_perf/src/autobench/pntrch01_lite)
pntrch01_lite	83856	[031]	2604104.440694	32397	cpu/event=0xD0,umask=0x81/u	400d9f	t_run_test	(/home/koga/autobench_perf/src/autobench/pntrch01_lite)
pntrch01_lite	83856	[031]	2604104.440794	32417	cpu/event=0xD0,umask=0x81/u	40102f	t_run_test	(/home/koga/autobench_perf/src/autobench/pntrch01_lite)
pntrch01_lite	83856	[031]	2604104.440894	32428	cpu/event=0xD0,umask=0x81/u	400c4a	t_run_test	(/home/koga/autobench_perf/src/autobench/pntrch01_lite)
pntrch01_lite	83856	[031]	2604104.440994	32437	cpu/event=0xD0,umask=0x81/u	400d92	t_run_test	(/home/koga/autobench_perf/src/autobench/pntrch01_lite)
pntrch01_lite	83856	[031]	2604104.441093	32446	cpu/event=0xD0,umask=0x81/u	400c3c	t_run_test	(/home/koga/autobench_perf/src/autobench/pntrch01_lite)
pntrch01_lite	83856	[031]	2604104.441193	32459	cpu/event=0xD0,umask=0x81/u	400eda	t_run_test	(/home/koga/autobench_perf/src/autobench/pntrch01_lite)
pntrch01_lite	83856	[031]	2604104.441293	32463	cpu/event=0xD0,umask=0x81/u	400c4a	t_run_test	(/home/koga/autobench_perf/src/autobench/pntrch01_lite)
pntrch01_lite	83856	[031]	2604104.441393	32470	cpu/event=0xD0,umask=0x81/u	400c4a	t_run_test	(/home/koga/autobench_perf/src/autobench/pntrch01_lite)
pntrch01_lite	83856	[031]	2604104.441493	32469	cpu/event=0xD0,umask=0x81/u	401022	t_run_test	(/home/koga/autobench_perf/src/autobench/pntrch01_lite)
pntrch01_lite	83856	[031]	2604104.441588	32468	cpu/event=0xD0,umask=0x81/u	400d92	t_run_test	(/home/koga/autobench_perf/src/autobench/pntrch01_lite)
pntrch01_lite	83856	[031]	2604104.441689	32671	cpu/event=0xD0,umask=0x81/u	400c57	t_run_test	(/home/koga/autobench_perf/src/autobench/pntrch01_lite)
pntrch01_lite	83856	[031]	2604104.441789	32665	cpu/event=0xD0,umask=0x81/u	400d81	t_run_test	(/home/koga/autobench_perf/src/autobench/pntrch01_lite)
pntrch01_lite	83856	[031]	2604104.441890	32641	cpu/event=0xD0,umask=0x81/u	401022	t_run_test	(/home/koga/autobench_perf/src/autobench/pntrch01_lite)
pntrch01_lite	83856	[031]	2604104.442003	32522	cpu/event=0xD0,umask=0x81/u	400d92	t_run_test	(/home/koga/autobench_perf/src/autobench/pntrch01_lite)
pntrch01_lite	83856	[031]	2604104.442104	32034	cpu/event=0xD0,umask=0x81/u	400eda	t_run_test	(/home/koga/autobench_perf/src/autobench/pntrch01_lite)
pntrch01_lite	83856	[031]	2604104.442203	32012	cpu/event=0xD0,umask=0x81/u	400c4a	t_run_test	(/home/koga/autobench_perf/src/autobench/pntrch01_lite)
pntrch01_lite	83856	[031]	2604104.442302	32040	cpu/event=0xD0,umask=0x81/u	400d92	t_run_test	(/home/koga/autobench_perf/src/autobench/pntrch01_lite)
pntrch01_lite	83856	[031]	2604104.442401	32081	cpu/event=0xD0,umask=0x81/u	400aff	t_run_test	(/home/koga/autobench_perf/src/autobench/pntrch01_lite)
pntrch01_lite	83856	[031]	2604104.442500	32128	cpu/event=0xD0,umask=0x81/u	400aff	t_run_test	(/home/koga/autobench_perf/src/autobench/pntrch01_lite)
pntrch01_lite	83856	[031]	2604104.442599	32174	cpu/event=0xD0,umask=0x81/u	400d92	t_run_test	(/home/koga/autobench_perf/src/autobench/pntrch01_lite)
pntrch01_lite	83856	[031]	2604104.442698	32209	cpu/event=0xD0,umask=0x81/u	401022	t_run_test	(/home/koga/autobench_perf/src/autobench/pntrch01_lite)
pntrch01_lite	83856	[031]	2604104.442793	32248	cpu/event=0xD0,umask=0x81/u	400d92	t_run_test	(/home/koga/autobench_perf/src/autobench/pntrch01_lite)
pntrch01_lite	83856	[031]	2604104.442897	32468	cpu/event=0xD0,umask=0x81/u	400eda	t_run_test	(/home/koga/autobench_perf/src/autobench/pntrch01_lite)
pntrch01_lite	83856	[031]	2604104.442997	32310	cpu/event=0xD0,umask=0x81/u	400aff	t_run_test	(/home/koga/autobench_perf/src/autobench/pntrch01_lite)
pntrch01_lite	83856	[031]	2604104.443092	32310	cpu/event=0xD0,umask=0x81/u	400d92	t_run_test	(/home/koga/autobench_perf/src/autobench/pntrch01_lite)
pntrch01_lite	83856	[031]	2604104.443192	32535	cpu/event=0xD0,umask=0x81/u	400c4a	t_run_test	(/home/koga/autobench_perf/src/autobench/pntrch01_lite)
pntrch01_lite	83856	[031]	2604104.443296	32547	cpu/event=0xD0,umask=0x81/u	401022	t_run_test	(/home/koga/autobench_perf/src/autobench/pntrch01_lite)
pntrch01_lite	83856	[031]	2604104.443387	32357	cpu/event=0xD0,umask=0x81/u	40103d	t_run_test	(/home/koga/autobench_perf/src/autobench/pntrch01_lite)
pntrch01_lite	83856	[031]	2604104.443483	32769	cpu/event=0xD0,umask=0x81/u	401227	t_run_test	(/home/koga/autobench_perf/src/autobench/pntrch01_lite)
pntrch01_lite	83856	[031]	2604104.443584	32939	cpu/event=0xD0,umask=0x81/u	400d92	t_run_test	(/home/koga/autobench_perf/src/autobench/pntrch01_lite)
pntrch01_lite	83856	[031]	2604104.443690	32910	cpu/event=0xD0,umask=0x81/u	400b0e	t_run_test	(/home/koga/autobench_perf/src/autobench/pntrch01_lite)
pntrch01_lite	83856	[031]	2604104.443786	32681	cpu/event=0xD0,umask=0x81/u	40102f	t_run_test	(/home/koga/autobench_perf/src/autobench/pntrch01_lite)
pntrch01_lite	83856	[031]	2604104.443886	32841	cpu/event=0xD0,umask=0x81/u	400c4a	t_run_test	(/home/koga/autobench_perf/src/autobench/pntrch01_lite)
pntrch01_lite	83856	[031]	2604104.443987	32831	cpu/event=0xD0,umask=0x81/u	401022	t_run_test	(/home/koga/autobench_perf/src/autobench/pntrch01_lite)
pntrch01_lite	83856	[031]	2604104.444088	32794	cpu/event=0xD0,umask=0x81/u	400aff	t_run_test	(/home/koga/autobench_perf/src/autobench/pntrch01_lite)
pntrch01_lite	83856	[031]	2604104.444189	32755	cpu/event=0xD0,umask=0x81/u	401022	t_run_test	(/home/koga/autobench_perf/src/autobench/pntrch01_lite)
pntrch01_lite	83856	[031]	2604104.444290	32730	cpu/event=0xD0,umask=0x81/u	400d92	t_run_test	(/home/koga/autobench_perf/src/autobench/pntrch01_lite)
pntrch01_lite	83856	[031]	2604104.444390	32708	cpu/event=0xD0,umask=0x81/u	400c4a	t_run_test	(/home/koga/autobench_perf/src/autobench/pntrch01_lite)
pntrch01_lite	83856	[031]	2604104.444491	32684	cpu/event=0xD0,umask=0x81/u	400eda	t_run_test	(/home/koga/autobench_perf/src/autobench/pntrch01_lite)
pntrch01_lite	83856	[031]	2604104.444591	32661	cpu/event=0xD0,umask=0x81/u	401022	t_run_test	(/home/koga/autobench_perf/src/autobench/pntrch01_lite)
pntrch01_lite	83856	[031]	2604104.444692	32650	cpu/event=0xD0,umask=0x81/u	400eda	t_run_test	(/home/koga/autobench_perf/src/autobench/pntrch01_lite)
pntrch01_lite	83856	[031]	2604104.444792	32628	cpu/event=0xD0,umask=0x81/u	400eda	t_run_test	(/home/koga/autobench_perf/src/autobench/pntrch01_lite)
pntrch01_lite	83856	[031]	2604104.444893	32609	cpu/event=0xD0,umask=0x81/u	400d92	t_run_test	(/home/koga/autobench_perf/src/autobench/pntrch01_lite)
pntrch01_lite	83856	[031]	2604104.444988	32586	cpu/event=0xD0,umask=0x81/u	401022	t_run_test	(/home/koga/autobench_perf/src/autobench/pntrch01_lite)
pntrch01_lite	83856	[031]	2604104.445088	32783	cpu/event=0xD0,umask=0x81/u	400eda	t_run_test	(/home/koga/autobench_perf/src/autobench/pntrch01_lite)
pntrch01_lite	83856	[031]	2604104.445189	32774	cpu/event=0xD0,umask=0x81/u	400aff	t_run_test	(/home/koga/autobench_perf/src/autobench/pntrch01_lite)
pntrch01_lite	83856	[031]	2604104.445290	32750	cpu/event=0xD0,umask=0x81/u	400d92	t_run_test	(/home/koga/autobench_perf/src/autobench/pntrch01_lite)
pntrch01_lite	83856	[031]	2604104.445390	32731	cpu/event=0xD0,umask=0x81/u	401022	t_run_test	(/home/koga/autobench_perf/src/autobench/pntrch01_lite)
pntrch01_lite	83856	[031]	2604104.445490	32719	cpu/event=0xD0,umask=0x81/u	401022	t_run_test	(/home/koga/autobench_perf/src/autobench/pntrch01_lite)
pntrch01_lite	83856	[031]	2604104.445590	32707	cpu/event=0xD0,umask=0x81/u	400d92	t_run_test	(/home/koga/autobench_perf/src/autobench/pntrch01_lite)
pntrch01_lite	83856	[031]	2604104.445691	32695	cpu/event=0xD0,umask=0x81/u	400d92	t_run_test	(/home/koga/autobench_perf/src/autobench/pntrch01_lite)
pntrch01_lite	83856	[031]	2604104.445791	32682	cpu/event=0xD0,umask=0x81/u	401022	t_run_test	(/home/koga/autobench_perf/src/autobench/pntrch01_lite)
pntrch01_lite	83856	[031]	2604104.445891	32682	cpu/event=0xD0,umask=0x81/u	400c4a	t_run_test	(/home/koga/autobench_perf/src/autobench/pntrch01_lite)
pntrch01_lite	83856	[031]	2604104.446004	32665	cpu/event=0xD0,umask=0x81/u	400eda	t_run_test	(/home/koga/autobench_perf/src/autobench/pntrch01_lite)
pntrch01_lite	83856	[031]	2604104.446104	32203	cpu/event=0xD0,umask=0x81/u	400d92	t_run_test	(/home/koga/autobench_perf/src/autobench/pntrch01_lite)
pntrch01_lite	83856	[031]	2604104.446199	32195	cpu/event=0xD0,umask=0x81/u	40102f	t_run_test	(/home/koga/autobench_perf/src/autobench/pntrch01_lite)
pntrch01_lite	83856	[031]	2604104.446298	32431	cpu/event=0xD0,umask=0x81/u	400c4a	t_run_test	(/home/koga/autobench_perf/src/autobench/pntrch01_lite)
pntrch01_lite	83856	[031]	2604104.446398	32464	cpu/event=0xD0,umask=0x81/u	400c4a	t_run_test	(/home/koga/autobench_perf/src/autobench/pntrch01_lite)
pntrch01_lite	83856	[031]	2604104.446497	32465	cpu/event=0xD0,umask=0x81/u	400aff	t_run_test	(/home/koga/autobench_perf/src/autobench/pntrch01_lite)
pntrch01_lite	83856	[031]	2604104.446597	32489	cpu/event=0xD0,umask=0x81/u	400eda	t_run_test	(/home/koga/autobench_perf/src/autobench/pntrch01_lite)
pntrch01_lite	83856	[031]	2604104.446697	32496	cpu/event=0xD0,umask=0x81/u	400c4a	t_run_test	(/home/koga/autobench_perf/src/autobench/pntrch01_lite)
pntrch01_lite	83856	[031]	2604104.446797	32496	cpu/event=0xD0,umask=0x81/u	400aff	t_run_test	(/home/koga/autobench_perf/src/autobench/pntrch01_lite)
pntrch01_lite	83856	[031]	2604104.446896	32503	cpu/event=0xD0,umask=0x81/u	401011	t_run_test	(/home/koga/autobench_perf/src/autobench/pntrch01_lite)
pntrch01_lite	83856	[031]	2604104.446996	32524	cpu/event=0xD0,umask=0x81/u	400d92	t_run_test	(/home/koga/autobench_perf/src/autobench/pntrch01_lite)
pntrch01_lite	83856	[031]	2604104.447097	32527	cpu/event=0xD0,umask=0x81/u	400c4a	t_run_test	(/home/koga/autobench_perf/src/autobench/pntrch01_lite)
pntrch01_lite	83856	[031]	2604104.447197	32519	cpu/event=0xD0,umask=0x81/u	400c4a	t_run_test	(/home/koga/autobench_perf/src/autobench/pntrch01_lite)
pntrch01_lite	83856	[031]	2604104.447296	32519	cpu/event=0xD0,umask=0x81/u	400eda	t_run_test	(/home/koga/autobench_perf/src/autobench/pntrch01_lite)
pntrch01_lite	83856	[031]	2604104.447392	32534	cpu/event=0xD0,umask=0x81/u	400c4a	t_run_test	(/home/koga/autobench_perf/src/autobench/pntrch01_lite)
pntrch01_lite	83856	[031]	2604104.447497	32728	cpu/event=0xD0,umask=0x81/u	400d92	t_run_test	(/home/koga/autobench_perf/src/autobench/pntrch01_lite)
pntrch01_lite	83856	[031]	2604104.447597	32537	cpu/event=0xD0,umask=0x81/u	400c4a	t_run_test	(/home/koga/autobench_perf/src/autobench/pntrch01_lite)
pntrch01_lite	83856	[031]	2604104.447693	32512	cpu/event=0xD0,umask=0x81/u	400d92	t_run_test	(/home/koga/autobench_perf/src/autobench/pntrch01_lite)
pntrch01_lite	83856	[031]	2604104.447793	32709	cpu/event=0xD0,umask=0x81/u	400c4a	t_run_test	(/home/koga/autobench_perf/src/autobench/pntrch01_lite)
pntrch01_lite	83856	[031]	2604104.447894	32693	cpu/event=0xD0,umask=0x81/u	400eda	t_run_test	(/home/koga/autobench_perf/src/autobench/pntrch01_lite)
pntrch01_lite	83856	[031]	2604104.447994	32664	cpu/event=0xD0,umask=0x81/u	400aff	t_run_test	(/home/koga/autobench_perf/src/autobench/pntrch01_lite)
pntrch01_lite	83856	[031]	2604104.448095	32643	cpu/event=0xD0,umask=0x81/u	400d92	t_run_test	(/home/koga/autobench_perf/src/autobench/pntrch01_lite)
pntrch01_lite	83856	[031]	2604104.448195	32631	cpu/event=0xD0,umask=0x81/u	400d92	t_run_test	(/home/koga/autobench_perf/src/autobench/pntrch01_lite)
pntrch01_lite	83856	[031]	2604104.448295	32622	cpu/event=0xD0,umask=0x81/u	400aff	t_run_test	(/home/koga/autobench_perf/src/autobench/pntrch01_lite)
pntrch01_lite	83856	[031]	2604104.448395	32610	cpu/event=0xD0,umask=0x81/u	401022	t_run_test	(/home/koga/autobench_perf/src/autobench/pntrch01_lite)
pntrch01_lite	83856	[031]	2604104.448495	32614	cpu/event=0xD0,umask=0x81/u	400d92	t_run_test	(/home/koga/autobench_perf/src/autobench/pntrch01_lite)
pntrch01_lite	83856	[031]	2604104.448596	32608	cpu/event=0xD0,umask=0x81/u	401022	t_run_test	(/home/koga/autobench_perf/src/autobench/pntrch01_lite)
pntrch01_lite	83856	[031]	2604104.448696	32593	cpu/event=0xD0,umask=0x81/u	400aff	t_run_test	(/home/koga/autobench_perf/src/autobench/pntrch01_lite)
pntrch01_lite	83856	[031]	2604104.448796	32576	cpu/event=0xD0,umask=0x81/u	401022	t_run_test	(/home/koga/autobench_perf/src/autobench/pntrch01_lite)
pntrch01_lite	83856	[031]	2604104.448891	32587	cpu/event=0xD0,umask=0x81/u	400d92	t_run_test	(/home/koga/autobench_perf/src/autobench/pntrch01_lite)
pntrch01_lite	83856	[031]	2604104.448991	32785	cpu/event=0xD0,umask=0x81/u	40102f	t_run_test	(/home/koga/autobench_perf/src/autobench/pntrch01_lite)
pntrch01_lite	83856	[031]	2604104.449092	32784	cpu/event=0xD0,umask=0x81/u	400aff	t_run_test	(/home/koga/autobench_perf/src/autobench/pntrch01_lite)
pntrch01_lite	83856	[031]	2604104.449193	32753	cpu/event=0xD0,umask=0x81/u	401022	t_run_test	(/home/koga/autobench_perf/src/autobench/pntrch01_lite)
pntrch01_lite	83856	[031]	2604104.449288	32739	cpu/event=0xD0,umask=0x81/u	400d92	t_run_test	(/home/koga/autobench_perf/src/autobench/pntrch01_lite)
pntrch01_lite	83856	[031]	2604104.449389	32914	cpu/event=0xD0,umask=0x81/u	400c4a	t_run_test	(/home/koga/autobench_perf/src/autobench/pntrch01_lite)
pntrch01_lite	83856	[031]	2604104.449495	32896	cpu/event=0xD0,umask=0x81/u	400eda	t_run_test	(/home/koga/autobench_perf/src/autobench/pntrch01_lite)
pntrch01_lite	83856	[031]	2604104.449591	32678	cpu/event=0xD0,umask=0x81/u	401022	t_run_test	(/home/koga/autobench_perf/src/autobench/pntrch01_lite)
pntrch01_lite	83856	[031]	2604104.449691	32844	cpu/event=0xD0,umask=0x81/u	400eda	t_run_test	(/home/koga/autobench_perf/src/autobench/pntrch01_lite)
pntrch01_lite	83856	[031]	2604104.449792	32827	cpu/event=0xD0,umask=0x81/u	401022	t_run_test	(/home/koga/autobench_perf/src/autobench/pntrch01_lite)
pntrch01_lite	83856	[031]	2604104.449897	32791	cpu/event=0xD0,umask=0x81/u	400eda	t_run_test	(/home/koga/autobench_perf/src/autobench/pntrch01_lite)
pntrch01_lite	83856	[031]	2604104.450010	32581	cpu/event=0xD0,umask=0x81/u	400aff	t_run_test	(/home/koga/autobench_perf/src/autobench/pntrch01_lite)
pntrch01_lite	83856	[031]	2604104.450111	32114	cpu/event=0xD0,umask=0x81/u	401022	t_run_test	(/home/koga/autobench_perf/src/autobench/pntrch01_lite)
pntrch01_lite	83856	[031]	2604104.450210	32098	cpu/event=0xD0,umask=0x81/u	400b0e	t_run_test	(/home/koga/autobench_perf/src/autobench/pntrch01_lite)
pntrch01_lite	83856	[031]	2604104.450309	32124	cpu/event=0xD0,umask=0x81/u	400c4a	t_run_test	(/home/koga/autobench_perf/src/autobench/pntrch01_lite)
pntrch01_lite	83856	[031]	2604104.450403	32164	cpu/event=0xD0,umask=0x81/u	400eda	t_run_test	(/home/koga/autobench_perf/src/autobench/pntrch01_lite)
pntrch01_lite	83856	[031]	2604104.450509	32418	cpu/event=0xD0,umask=0x81/u	400c4a	t_run_test	(/home/koga/autobench_perf/src/autobench/pntrch01_lite)
pntrch01_lite	83856	[031]	2604104.450602	32199	cpu/event=0xD0,umask=0x81/u	40103d	t_run_test	(/home/koga/autobench_perf/src/autobench/pntrch01_lite)
pntrch01_lite	83856	[031]	2604104.450694	32514	cpu/event=0xD0,umask=0x81/u	401022	t_run_test	(/home/koga/autobench_perf/src/autobench/pntrch01_lite)
pntrch01_lite	83856	[031]	2604104.450786	32862	cpu/event=0xD0,umask=0x81/u	400c4a	t_run_test	(/home/koga/autobench_perf/src/autobench/pntrch01_lite)
pntrch01_lite	83856	[031]	2604104.450880	33186	cpu/event=0xD0,umask=0x81/u	400c4a	t_run_test	(/home/koga/autobench_perf/src/autobench/pntrch01_lite)
pntrch01_lite	83856	[031]	2604104.450975	33464	cpu/event=0xD0,umask=0x81/u	400aff	t_run_test	(/home/koga/autobench_perf/src/autobench/pntrch01_lite)
pntrch01_lite	83856	[031]	2604104.451070	33708	cpu/event=0xD0,umask=0x81/u	400aff	t_run_test	(/home/koga/autobench_perf/src/autobench/pntrch01_lite)
pntrch01_lite	83856	[031]	2604104.451165	33931	cpu/event=0xD0,umask=0x81/u	40102f	t_run_test	(/home/koga/autobench_perf/src/autobench/pntrch01_lite)
pntrch01_lite	83856	[031]	2604104.451261	34141	cpu/event=0xD0,umask=0x81/u	401022	t_run_test	(/home/koga/autobench_perf/src/autobench/pntrch01_lite)
pntrch01_lite	83856	[031]	2604104.451357	34333	cpu/event=0xD0,umask=0x81/u	400c4a	t_run_test	(/home/koga/autobench_perf/src/autobench/pntrch01_lite)
pntrch01_lite	83856	[031]	2604104.451454	34500	cpu/event=0xD0,umask=0x81/u	400d8e	t_run_test	(/home/koga/autobench_perf/src/autobench/pntrch01_lite)
pntrch01_lite	83856	[031]	2604104.451551	34648	cpu/event=0xD0,umask=0x81/u	400eda	t_run_test	(/home/koga/autobench_perf/src/autobench/pntrch01_lite)
pntrch01_lite	83856	[031]	2604104.451648	34784	cpu/event=0xD0,umask=0x81/u	400d92	t_run_test	(/home/koga/autobench_perf/src/autobench/pntrch01_lite)
pntrch01_lite	83856	[031]	2604104.451746	34897	cpu/event=0xD0,umask=0x81/u	400ed6	t_run_test	(/home/koga/autobench_perf/src/autobench/pntrch01_lite)
pntrch01_lite	83856	[031]	2604104.451844	34999	cpu/event=0xD0,umask=0x81/u	400eda	t_run_test	(/home/koga/autobench_perf/src/autobench/pntrch01_lite)
pntrch01_lite	83856	[031]	2604104.451942	35092	cpu/event=0xD0,umask=0x81/u	400d9f	t_run_test	(/home/koga/autobench_perf/src/autobench/pntrch01_lite)
pntrch01_lite	83856	[031]	2604104.452041	35170	cpu/event=0xD0,umask=0x81/u	400d92	t_run_test	(/home/koga/autobench_perf/src/autobench/pntrch01_lite)
pntrch01_lite	83856	[031]	2604104.452134	35234	cpu/event=0xD0,umask=0x81/u	401022	t_run_test	(/home/koga/autobench_perf/src/autobench/pntrch01_lite)
pntrch01_lite	83856	[031]	2604104.452233	35522	cpu/event=0xD0,umask=0x81/u	400c4a	t_run_test	(/home/koga/autobench_perf/src/autobench/pntrch01_lite)
pntrch01_lite	83856	[031]	2604104.452333	35577	cpu/event=0xD0,umask=0x81/u	401022	t_run_test	(/home/koga/autobench_perf/src/autobench/pntrch01_lite)
pntrch01_lite	83856	[031]	2604104.452432	35601	cpu/event=0xD0,umask=0x81/u	400eda	t_run_test	(/home/koga/autobench_perf/src/autobench/pntrch01_lite)
pntrch01_lite	83856	[031]	2604104.452532	35622	cpu/event=0xD0,umask=0x81/u	401022	t_run_test	(/home/koga/autobench_perf/src/autobench/pntrch01_lite)
pntrch01_lite	83856	[031]	2604104.452631	35644	cpu/event=0xD0,umask=0x81/u	400ee7	t_run_test	(/home/koga/autobench_perf/src/autobench/pntrch01_lite)
pntrch01_lite	83856	[031]	2604104.452731	35660	cpu/event=0xD0,umask=0x81/u	400aff	t_run_test	(/home/koga/autobench_perf/src/autobench/pntrch01_lite)
pntrch01_lite	83856	[031]	2604104.452831	35668	cpu/event=0xD0,umask=0x81/u	400eda	t_run_test	(/home/koga/autobench_perf/src/autobench/pntrch01_lite)
